# Blender 5.1.0
# www.blender.org
mtllib Environment.mtl
o Gound
v -1.511216 0.000000 1.013378
v 1.547703 0.000000 1.013378
v -1.511216 0.000000 -1.815513
v 1.398776 0.000000 -1.815513
v -1.511216 0.000000 -3.003492
v 1.316176 0.000000 -3.108554
v 3.966005 -0.042478 1.167181
v 4.032579 0.000000 -2.161763
v 4.032579 0.000000 -3.108554
v 0.885571 -0.117902 1.830711
v 2.702739 -0.150975 2.845462
v 0.231323 -0.239017 2.576540
v 1.447596 -0.292415 4.006955
v -1.634351 -0.144366 3.911770
v -0.921495 -0.335880 5.036730
v -0.635341 -0.080944 3.182801
v -0.022356 -0.276737 4.613801
v -2.474300 -0.264349 4.229832
v -1.889194 -0.270504 5.323878
v -4.924767 -0.170634 4.253797
v -3.517425 -0.220273 5.655547
v -1.512605 -1.122247 1.009204
v -1.512605 -1.122247 -1.819686
v -1.512605 -1.122247 -3.007666
v 0.011425 0.068077 1.158234
v -0.976467 -0.053039 1.066746
v -2.354856 -0.089071 3.025529
v -1.523650 -0.081062 2.656826
v -1.587843 0.031800 1.414463
v -5.135903 0.006947 2.965501
v -1.666285 0.135349 7.234786
v -3.626296 -0.024744 6.983158
v -0.159958 0.260450 6.579680
v 0.495874 -0.038458 5.740097
v 3.454210 0.117864 3.690209
v 2.199066 -0.023576 4.851703
v 4.766931 0.333924 1.347808
v 5.581636 0.656818 1.938626
v 7.028138 1.115844 -0.948647
v 6.354638 1.111678 3.040016
v 9.428523 1.868533 1.733626
v 6.934625 1.466502 4.228205
v 8.776520 1.824815 4.123758
v 5.497630 0.460963 -1.602684
v 4.741092 0.210211 1.505424
v 5.631403 0.482896 -2.729650
v 4.176847 0.000000 -2.514657
v 4.176847 0.300082 -2.514657
v 2.779469 0.000000 -2.514657
v 2.779469 0.300082 -2.514657
v 4.176847 0.300082 -3.076364
v 2.779469 0.300082 -3.076364
v 4.176847 0.300082 -6.106903
v 2.779469 0.300082 -6.106903
v 1.460459 0.000000 -2.808025
v 1.460459 0.300082 -3.076364
v 1.460459 0.300082 -6.106903
v 1.460459 0.200055 -3.076364
v 1.460459 0.200055 -2.808025
v 1.460459 0.100027 -2.808025
v 1.460459 0.100027 -2.551588
v 1.460459 0.000000 -2.551588
v 2.779469 0.200055 -3.076364
v 2.779469 0.200055 -2.808025
v 2.779469 0.100027 -2.808025
v 2.779469 0.100027 -2.551588
v 2.779469 0.000000 -2.551588
v 1.460459 0.000000 -3.076364
v 1.273571 0.300082 -3.076364
v 1.273571 0.300082 -6.106903
v 1.346519 0.200055 -3.076364
v 1.346519 0.000000 -3.076364
v 1.309884 0.492429 -3.023258
v 1.309884 0.492429 -4.922165
v 0.828990 0.492429 -3.023258
v 0.828990 0.492429 -4.922165
v 1.309884 0.492429 -5.652122
v 0.828990 0.492429 -5.652122
v 1.309884 0.244786 -4.922165
v 1.309884 0.244786 -5.652122
v -0.564573 0.492429 -4.922165
v -0.564573 0.492429 -5.652122
vn -0.0000 1.0000 -0.0000
vn 0.0083 0.9983 0.0572
vn 0.0023 1.0000 0.0018
vn -0.1494 0.9888 -0.0003
vn -0.1363 0.9907 -0.0041
vn -0.1890 0.9817 -0.0219
vn -0.0124 0.9891 0.1468
vn 0.0397 0.9961 0.0787
vn -0.0759 0.9953 -0.0601
vn -0.1534 0.9879 -0.0219
vn 0.0658 0.9966 0.0499
vn 0.0037 0.9947 0.1032
vn -0.0445 0.9959 -0.0789
vn -0.0117 0.9974 -0.0718
vn 0.0156 0.9965 0.0816
vn -0.0340 0.9955 -0.0883
vn 0.0379 0.9954 0.0877
vn 0.0029 0.9962 -0.0871
vn -1.0000 0.0012 -0.0000
vn -0.0290 0.9766 0.2133
vn 0.0413 0.9955 0.0856
vn 0.0212 0.9989 0.0426
vn -0.0010 0.9939 0.1099
vn 0.0522 0.9980 0.0355
vn 0.0283 0.9905 0.1345
vn -0.0341 0.9828 -0.1813
vn -0.0754 0.9740 -0.2137
vn -0.0970 0.9621 -0.2549
vn -0.0782 0.9686 -0.2361
vn -0.1593 0.9755 -0.1516
vn -0.2588 0.9585 -0.1192
vn -0.3106 0.9426 -0.1229
vn -0.3343 0.9424 -0.0143
vn -0.3610 0.9323 -0.0206
vn -0.3493 0.9359 -0.0460
vn -0.3588 0.9323 -0.0452
vn -0.2770 0.9585 -0.0673
vn -0.2777 0.9583 -0.0668
vn -0.2445 0.9656 -0.0889
vn -0.2920 0.9564 -0.0087
vn -0.0000 -0.0000 1.0000
vn -1.0000 -0.0000 -0.0000
vn 1.0000 -0.0000 -0.0000
vt 0.410048 0.704562
vt 0.352752 0.510455
vt 0.535319 0.466805
vt 0.589825 0.651461
vt 0.619040 0.447774
vt 0.665321 0.629162
vt 0.507991 0.293174
vt 0.568160 0.275402
vt 0.297735 0.360033
vt 0.313360 0.568222
vt 0.278367 0.624158
vt 0.164749 0.574013
vt 0.214876 0.472074
vt 0.255875 0.689985
vt 0.228340 0.767281
vt 0.143735 0.743827
vt 0.153697 0.678627
vt 0.224009 0.826968
vt 0.143531 0.810397
vt 0.268268 0.982590
vt 0.152888 0.919770
vt 0.700142 0.578310
vt 0.700142 0.499589
vt 0.774507 0.499312
vt 0.774507 0.578034
vt 0.700142 0.765767
vt 0.774507 0.765490
vt 0.372237 0.610424
vt 0.396706 0.671815
vt 0.305940 0.736481
vt 0.298087 0.796175
vt 0.385954 0.716843
vt 0.353873 0.971190
vt 0.070313 0.950921
vt 0.017410 0.830714
vt 0.030672 0.722398
vt 0.072117 0.666058
vt 0.096654 0.541252
vt 0.146781 0.439313
vt 0.270785 0.311295
vt 0.444445 0.209104
vt 0.261406 0.316322
vt 0.217575 0.269567
vt 0.373396 0.121990
vt 0.132535 0.239613
vt 0.157037 0.017410
vt 0.045719 0.223882
vt 0.017410 0.103800
vt 0.513531 0.179385
vt 0.829212 0.633921
vt 0.829212 0.726518
vt 0.809328 0.726518
vt 0.809328 0.633921
vt 0.799776 0.017410
vt 0.892231 0.017427
vt 0.892231 0.054648
vt 0.799776 0.054631
vt 0.892231 0.255466
vt 0.799776 0.255449
vt 0.712507 0.255433
vt 0.712507 0.054616
vt 0.815956 0.511696
vt 0.815956 0.599101
vt 0.809327 0.599101
vt 0.809327 0.511696
vt 0.751372 0.837808
vt 0.751372 0.800587
vt 0.758000 0.800587
vt 0.758000 0.818368
vt 0.764628 0.818368
vt 0.764628 0.835361
vt 0.771257 0.835361
vt 0.771257 0.837808
vt 0.872238 0.430160
vt 0.865610 0.430160
vt 0.858981 0.430160
vt 0.858981 0.412378
vt 0.872238 0.412378
vt 0.868557 0.761338
vt 0.868557 0.848742
vt 0.861929 0.848742
vt 0.861929 0.761338
vt 0.858981 0.377558
vt 0.858981 0.290289
vt 0.875974 0.290286
vt 0.875974 0.377555
vt 0.870661 0.499312
vt 0.870661 0.586717
vt 0.864033 0.586717
vt 0.864033 0.499312
vt 0.809327 0.848611
vt 0.809327 0.761341
vt 0.827109 0.761338
vt 0.827109 0.848608
vt 0.872238 0.447153
vt 0.865610 0.447153
vt 0.829212 0.511696
vt 0.815956 0.504146
vt 0.829212 0.504146
vt 0.809327 0.499312
vt 0.700142 0.255431
vt 0.700142 0.054613
vt 0.824161 0.290292
vt 0.824161 0.416122
vt 0.792344 0.416116
vt 0.792344 0.290286
vt 0.824161 0.464492
vt 0.792344 0.464486
vt 0.700142 0.848957
vt 0.700142 0.800587
vt 0.716552 0.800587
vt 0.716552 0.848957
vt 0.700142 0.464470
vt 0.700142 0.416100
s 1
usemtl Materiais
f 1/1/1 2/2/2 4/3/3 3/4/1
f 3/4/1 4/3/3 6/5/1 5/6/1
f 6/5/1 4/3/3 8/7/4 9/8/5
f 4/3/3 2/2/2 7/9/6 8/7/4
f 10/10/7 12/11/8 13/12/9 11/13/10
f 2/2/2 10/10/7 11/13/10 7/9/6
f 16/14/11 14/15/12 15/16/13 17/17/14
f 12/11/8 16/14/11 17/17/14 13/12/9
f 14/15/12 18/18/15 19/19/16 15/16/13
f 18/18/15 20/20/17 21/21/18 19/19/16
f 3/22/19 5/23/19 24/24/19 23/25/19
f 1/26/19 3/22/19 23/25/19 22/27/19
f 12/11/8 10/10/7 25/28/20 26/29/21
f 10/10/7 2/2/2 25/28/20
f 14/15/12 16/14/11 28/30/22 27/31/23
f 16/14/11 12/11/8 26/29/21
f 28/30/22 16/14/11 26/29/21 29/32/24
f 14/15/12 27/31/23 30/33/25 18/18/15
f 18/18/15 30/33/25 20/20/17
f 19/19/16 21/21/18 32/34/26 31/35/27
f 17/17/14 15/16/13 33/36/28 34/37/29
f 11/13/10 13/12/9 36/38/30 35/39/31
f 13/12/9 17/17/14 34/37/29 36/38/30
f 15/16/13 19/19/16 31/35/27 33/36/28
f 37/40/32 7/9/6 11/13/10 35/39/31
f 44/41/33 45/42/34 38/43/35 39/44/36
f 39/44/36 38/43/35 40/45/37 41/46/38
f 41/46/38 40/45/37 42/47/39 43/48/39
f 8/7/4 7/9/6 45/42/34 44/41/33
f 9/8/5 8/7/4 44/41/33 46/49/40
f 49/50/41 47/51/41 48/52/41 50/53/41
f 50/54/1 48/55/1 51/56/1 52/57/1
f 52/57/1 51/56/1 53/58/1 54/59/1
f 52/57/1 54/59/1 57/60/1 56/61/1
f 58/62/41 63/63/41 52/64/41 56/65/41
f 50/66/42 52/67/42 63/68/42 64/69/42 65/70/42 66/71/42 67/72/42 49/73/42
f 55/74/42 60/75/42 59/76/42 58/77/42 68/78/42
f 62/79/41 67/80/41 66/81/41 61/82/41
f 61/83/1 66/84/1 65/85/1 60/86/1
f 60/87/41 65/88/41 64/89/41 59/90/41
f 59/91/1 64/92/1 63/93/1 58/94/1
f 62/95/42 61/96/42 60/75/42 55/74/42
f 68/97/41 58/62/41 71/98/41 72/99/41
f 58/62/41 56/65/41 69/100/41 71/98/41
f 56/61/1 57/60/1 70/101/1 69/102/1
f 73/103/1 74/104/1 76/105/1 75/106/1
f 76/105/1 74/104/1 77/107/1 78/108/1
f 77/109/43 74/110/43 79/111/43 80/112/43
f 76/105/1 78/108/1 82/113/1 81/114/1
o Houses_2
v -4.467232 -0.137157 3.095840
v -4.467232 2.352821 3.095840
v -4.467232 -0.137157 0.544904
v -4.467232 2.352821 0.544904
v -1.405964 -0.137157 3.095840
v -1.405964 2.352821 3.095840
v -1.405964 -0.137157 0.544904
v -1.405964 2.352821 0.544904
v -1.405964 2.476470 3.095840
v -1.405964 2.476470 0.544904
v -4.467232 2.476470 0.544904
v -4.467232 2.476470 3.095840
v -4.582764 2.352821 3.211371
v -4.582764 2.352821 0.429373
v -1.290433 2.352821 0.429373
v -1.290433 2.352821 3.211371
v -1.290433 2.476470 0.429373
v -1.290433 2.476470 3.211371
v -4.582764 2.476470 0.429373
v -4.582764 2.476470 3.211371
v -1.405964 4.487865 3.095840
v -4.467232 4.487865 3.095840
v -1.405964 4.094761 0.544904
v -4.467232 4.094761 0.544904
v -1.384477 3.846612 2.323781
v -1.384477 2.460485 2.323781
v -1.384477 3.846612 1.920199
v -1.384477 2.460485 1.920199
v -1.301881 4.501231 3.182571
v -4.571315 4.501231 3.182571
v -1.301881 4.081396 0.458172
v -4.571315 4.081396 0.458172
v -1.368639 4.164496 3.045794
v -1.368639 3.892950 3.083334
v -1.368639 3.997215 1.835780
v -1.368639 3.725668 1.873321
v -1.384477 4.026626 3.059924
v -1.384477 2.460485 3.059924
v -1.384477 4.026626 2.827266
v -1.384477 2.460485 2.827266
v -1.524770 -0.137157 3.295865
v -1.219073 -0.137157 3.295865
v -1.524770 -0.137157 2.990167
v -1.219073 -0.137157 2.990167
v -1.454428 2.544513 3.060510
v -1.454428 2.544513 3.225523
v -1.289415 2.544513 3.225523
v -1.289415 2.544513 3.060510
v -1.524770 2.544513 2.990167
v -1.524770 2.544513 3.295865
v -1.219073 2.544513 3.295865
v -1.219073 2.544513 2.990167
v -1.454428 4.534389 3.060510
v -1.454428 4.534389 3.225523
v -1.289415 4.534389 3.225523
v -1.289415 4.534389 3.060510
v -0.609036 2.476470 3.075927
v -0.609036 2.476470 1.175517
v -1.405964 2.476470 1.956939
v -1.405964 4.312358 1.956939
v -1.405964 2.352821 3.000931
v -1.405964 2.476470 3.000931
v -1.290433 2.352821 3.107866
v -1.290433 2.476470 3.075927
v -1.405964 4.473240 3.000931
v -1.405964 -0.137157 3.000931
v -2.100617 2.476470 1.956939
v -2.100617 2.476470 3.000931
v -2.100617 4.473240 3.000931
v -1.368639 2.984983 3.054828
v -1.368639 2.690632 3.073811
v -1.368639 3.224630 1.857044
v -1.368639 2.930279 1.876027
v -1.368639 2.555404 1.882538
v -1.368639 2.701242 1.887778
v -1.368639 2.542194 3.031336
v -1.368639 2.688033 3.036577
v -1.290433 2.212631 1.175517
v -1.405964 2.476470 0.861893
v -1.405964 2.352821 0.861893
v -1.405964 -0.137157 0.861893
v -1.290433 2.476470 1.175517
v -1.405964 4.143610 0.861893
v -0.609036 2.476470 3.759052
v -1.290433 2.476470 3.759052
v -4.110193 -0.134417 3.075927
v -4.110193 -0.134417 3.759052
v -0.609036 2.212631 3.075927
v -0.609036 2.212631 1.175517
v -0.609036 2.212631 3.759052
v -1.290433 2.212631 3.759052
v -1.290433 2.352821 0.861893
v -1.290433 2.212631 0.861893
v -3.876126 -0.134417 3.759052
v -3.876126 -0.134417 3.075927
v -1.290433 2.212631 3.075927
v -0.465748 1.092980 2.552151
v -0.465748 -0.113601 2.520277
v -0.465748 1.106311 2.047508
v -0.465748 -0.100270 2.015635
v -0.463975 0.769371 1.678682
v -0.463975 -0.029948 1.711423
v -0.463975 0.755310 1.335416
v -0.463975 -0.044009 1.368156
v -0.438529 0.443936 2.218747
v -0.447745 -0.085086 2.212777
v -0.412107 0.449310 1.701767
v -0.421322 -0.079713 1.695797
v -1.290433 2.077885 1.175517
v -1.290433 2.077885 3.075927
v -1.449443 2.077885 1.175517
v -1.449443 2.077885 3.075927
v -1.405964 3.857357 1.956939
v -1.405964 4.018238 3.000931
v -4.467232 3.699945 0.544904
v -1.405964 3.699945 0.544904
v -1.405964 3.997144 3.095840
v -4.467232 3.997144 3.095840
v -1.405964 3.864456 1.956939
v -1.405964 3.986087 3.000931
v -2.100617 3.864456 1.956939
v -2.100617 3.986087 3.000931
v -1.405964 3.736876 0.861893
v -1.693180 -0.036584 1.212966
v -1.693180 2.575437 1.212966
v -1.693180 -0.036584 0.697248
v -1.693180 2.575437 0.697248
v 1.630994 -0.036584 1.212966
v 1.630994 2.575437 1.212966
v 1.630994 -0.036584 0.697248
v 1.630994 2.575437 0.697248
v -1.523522 -0.073160 1.000000
v -1.523522 1.672790 1.000000
v -1.523522 -0.073160 -1.855447
v -1.523522 1.672790 -1.855447
v -1.311113 -0.073160 0.972170
v -1.311113 1.672790 0.972170
v -1.311113 -0.073160 -1.855447
v -1.311113 1.672790 -1.855447
v -1.485904 -0.075955 1.321098
v -1.485904 3.045599 1.321098
v -1.485904 -0.075955 1.057197
v -1.485904 3.045599 1.057197
v -0.407172 -0.075955 1.321098
v -0.407172 3.045599 1.321098
v -0.407172 -0.075955 1.057197
v -0.407172 3.045599 1.057197
v -0.652134 -0.075955 1.057197
v -0.652134 3.045599 1.057197
v -0.652134 -0.075955 1.321098
v -0.652134 3.045599 1.321098
v -0.407172 3.045599 2.666123
v -0.652134 3.045599 2.666123
v -1.485904 1.522799 1.321098
v -1.485904 1.522799 1.057197
v -0.407172 1.522799 1.057197
v -0.407172 1.522799 1.321098
v -0.652134 1.522799 1.321098
v -0.652134 1.522799 1.057197
v -0.407172 1.522799 2.666123
v -0.652134 1.522799 2.666123
v -0.469544 1.522799 2.474552
v -0.589761 1.522799 2.474552
v -0.469544 1.522799 2.596514
v -0.589761 1.522799 2.596514
v -0.589761 -0.221162 2.474552
v -0.469544 -0.221162 2.474552
v -0.589761 -0.221162 2.596514
v -0.469544 -0.221162 2.596514
v -0.469544 1.522799 1.308573
v -0.589761 1.522799 1.308573
v -0.469544 1.522799 1.430534
v -0.589761 1.522799 1.430534
v -0.589761 -0.221162 1.308573
v -0.469544 -0.221162 1.308573
v -0.589761 -0.221162 1.430534
v -0.469544 -0.221162 1.430534
v -0.474958 0.215523 2.572940
v -0.584348 0.215523 2.572940
v -0.474958 0.106995 2.549754
v -0.584348 0.106995 2.549754
v -0.584348 0.525805 1.120622
v -0.474958 0.525805 1.120622
v -0.584348 0.417277 1.097436
v -0.474958 0.417277 1.097436
v -0.478930 0.858524 2.477950
v -0.580376 0.858524 2.477950
v -0.478930 0.756891 2.494169
v -0.580376 0.756891 2.494169
v -0.580376 0.669259 1.291961
v -0.478930 0.669259 1.291961
v -0.580376 0.567626 1.308180
v -0.478930 0.567626 1.308180
v 3.070940 -0.049434 0.991999
v 3.070940 1.214880 0.991999
v 3.070940 -0.049434 0.914302
v 3.070940 1.214880 0.914302
v 3.148636 -0.049434 0.991999
v 3.148636 1.214880 0.991999
v 3.148636 -0.049434 0.914302
v 3.148636 1.214880 0.914302
v 2.006129 -0.049434 0.991999
v 2.006129 1.214880 0.991999
v 2.006129 -0.049434 0.914302
v 2.006129 1.214880 0.914302
v 2.083825 -0.049434 0.991999
v 2.083825 1.214880 0.991999
v 2.083825 -0.049434 0.914302
v 2.083825 1.214880 0.914302
v 1.600158 -0.049434 0.954022
v 1.600158 1.105644 0.954022
v 2.049977 -0.049434 0.954022
v 2.049977 1.105644 0.954022
v 3.136906 -0.049434 0.954022
v 3.136906 1.105644 0.954022
v 3.586725 -0.049434 0.954022
v 3.586725 1.105644 0.954022
v -1.388463 -0.009953 -1.815513
v -1.388463 -0.009953 -3.003492
v -1.470915 0.752660 -1.815513
v -1.470915 0.752660 -3.003492
v -1.388463 0.752660 -3.003492
v -1.388463 0.752660 -1.815513
v -1.418271 0.745017 -2.430606
v -1.478610 1.600822 -2.430606
v -1.418271 0.745017 -1.866598
v -1.478610 1.600822 -1.866598
v 3.556792 -0.289287 1.212966
v 3.556792 1.194429 1.212966
v 3.556792 -0.289287 0.889273
v 3.556792 1.194429 0.889273
v 4.984740 -0.289287 1.212966
v 4.984740 1.194429 1.212966
v 4.984740 -0.289287 0.889273
v 4.984740 1.194429 0.889273
vn -1.0000 -0.0000 -0.0000
vn -0.0000 -0.0000 -1.0000
vn 1.0000 -0.0000 -0.0000
vn -0.0000 -0.0000 1.0000
vn -0.0000 -1.0000 -0.0000
vn -0.0000 1.0000 -0.0000
vn -0.0000 0.9883 -0.1523
vn -0.6794 0.7338 -0.0000
vn 0.6721 -0.7405 -0.0000
vn 0.9985 -0.0180 0.0508
vn -0.0000 -0.9933 0.1157
vn -0.0000 0.9779 0.2089
vn -0.0000 -0.9779 -0.2089
vn -0.0000 0.9875 -0.1576
vn -0.0000 -0.9875 0.1576
vn 0.9975 0.0703 -0.0000
vt 0.175836 0.698996
vt 0.003346 0.698996
vt 0.003346 0.522283
vt 0.175836 0.522283
vt 0.413186 0.683353
vt 0.240695 0.683353
vt 0.240695 0.471288
vt 0.413186 0.471288
vt 0.615411 0.645218
vt 0.787901 0.645218
vt 0.787901 0.651793
vt 0.615411 0.651793
vt 0.608719 0.687145
vt 0.436228 0.687145
vt 0.436228 0.475080
vt 0.608719 0.475080
vt 0.425409 0.011349
vt 0.248699 0.011349
vt 0.240695 0.003346
vt 0.433412 0.003346
vt 0.055863 0.058552
vt 0.049289 0.058552
vt 0.041286 0.050549
vt 0.050668 0.050549
vt 0.403451 0.223415
vt 0.425409 0.223415
vt 0.433412 0.231418
vt 0.403451 0.231418
vt 0.049289 0.270618
vt 0.226000 0.270618
vt 0.234003 0.278621
vt 0.041286 0.278621
vt 0.797244 0.238110
vt 0.797244 0.450175
vt 0.769894 0.450175
vt 0.769894 0.238110
vt 0.428443 0.471288
vt 0.428443 0.664007
vt 0.419877 0.664007
vt 0.419878 0.471288
vt 0.101163 0.736715
vt 0.025305 0.745553
vt 0.025305 0.717377
vt 0.101163 0.705688
vt 0.607633 0.693837
vt 0.607633 0.921909
vt 0.599068 0.921909
vt 0.599068 0.693837
vt 0.925125 0.195807
vt 0.925125 0.423879
vt 0.916559 0.423879
vt 0.916559 0.195807
vt 0.248699 0.223415
vt 0.240695 0.231418
vt 0.226000 0.058552
vt 0.234004 0.050549
vt 0.657859 0.238110
vt 0.657859 0.450175
vt 0.623865 0.450175
vt 0.623865 0.238110
vt 0.710520 0.180059
vt 0.731108 0.003346
vt 0.765102 0.003346
vt 0.737870 0.180059
vt 0.003346 0.748112
vt 0.003346 0.720761
vt 0.931574 0.850946
vt 0.931574 0.946968
vt 0.903616 0.946968
vt 0.903616 0.850946
vt 0.429536 0.238110
vt 0.429537 0.464596
vt 0.240695 0.464596
vt 0.240695 0.238110
vt 0.368336 0.877682
vt 0.387326 0.877682
vt 0.387326 0.962301
vt 0.368336 0.962301
vt 0.952013 0.003346
vt 0.952013 0.111838
vt 0.935896 0.111838
vt 0.935896 0.003346
vt 0.972032 0.748408
vt 0.960600 0.748408
vt 0.960600 0.610562
vt 0.972032 0.610562
vt 0.929204 0.189115
vt 0.908027 0.189115
vt 0.908027 0.003346
vt 0.929204 0.003346
vt 0.909867 0.423879
vt 0.888691 0.423879
vt 0.888691 0.238110
vt 0.909867 0.238110
vt 0.924793 0.844254
vt 0.903617 0.844254
vt 0.903617 0.658485
vt 0.924793 0.658485
vt 0.924793 0.651793
vt 0.903616 0.651793
vt 0.903616 0.466024
vt 0.924793 0.466024
vt 0.673147 0.203055
vt 0.684578 0.203055
vt 0.689451 0.207928
vt 0.668274 0.207928
vt 0.673147 0.191624
vt 0.668274 0.186751
vt 0.684578 0.191624
vt 0.689451 0.186751
vt 0.623865 0.468298
vt 0.623865 0.456867
vt 0.635296 0.456867
vt 0.635296 0.468298
vt 0.964654 0.316756
vt 0.953223 0.316756
vt 0.953223 0.178909
vt 0.964654 0.178909
vt 0.970136 0.141192
vt 0.958705 0.141192
vt 0.958705 0.003346
vt 0.970136 0.003346
vt 0.972032 0.603870
vt 0.960601 0.603870
vt 0.960601 0.466024
vt 0.972032 0.466024
vt 0.128184 0.058552
vt 0.128184 0.106673
vt 0.055863 0.106673
vt 0.693405 0.928621
vt 0.675128 0.928621
vt 0.675128 0.881418
vt 0.693405 0.881418
vt 0.787901 0.497039
vt 0.615411 0.497039
vt 0.255273 0.223415
vt 0.247866 0.231418
vt 0.641988 0.466250
vt 0.641988 0.459080
vt 0.650553 0.456867
vt 0.650553 0.466250
vt 0.983402 0.037340
vt 0.976828 0.038106
vt 0.976828 0.004359
vt 0.983402 0.003346
vt 0.182316 0.050549
vt 0.050668 0.003346
vt 0.182316 0.003346
vt 0.901335 0.037093
vt 0.901335 0.141670
vt 0.853214 0.141670
vt 0.853214 0.037093
vt 0.958003 0.935565
vt 0.938266 0.940855
vt 0.938266 0.856236
vt 0.958003 0.850946
vt 0.668436 0.961252
vt 0.658330 0.961005
vt 0.658330 0.881418
vt 0.668436 0.881665
vt 0.204041 0.058552
vt 0.615411 0.475080
vt 0.787901 0.475080
vt 0.889124 0.584554
vt 0.889124 0.636243
vt 0.870846 0.636243
vt 0.880558 0.614517
vt 0.880558 0.584554
vt 0.003346 0.050549
vt 0.003346 0.003346
vt 0.051372 0.245884
vt 0.004050 0.245884
vt 0.429031 0.821694
vt 0.429031 0.869016
vt 0.410753 0.869016
vt 0.410753 0.821694
vt 0.205826 0.285313
vt 0.233366 0.323649
vt 0.218523 0.334313
vt 0.190982 0.295977
vt 0.429031 0.690045
vt 0.410753 0.690045
vt 0.870846 0.614517
vt 0.440104 0.229670
vt 0.440104 0.182467
vt 0.487426 0.182467
vt 0.619073 0.182467
vt 0.619073 0.229670
vt 0.190982 0.574647
vt 0.200443 0.587816
vt 0.488234 0.003346
vt 0.440912 0.003346
vt 0.097838 0.839558
vt 0.097838 0.923172
vt 0.062867 0.923172
vt 0.062867 0.839558
vt 0.864155 0.584554
vt 0.864155 0.639973
vt 0.840355 0.639973
vt 0.840355 0.584554
vt 0.661582 0.186751
vt 0.661582 0.223400
vt 0.625765 0.223433
vt 0.625765 0.186784
vt 0.980681 0.178909
vt 0.980681 0.310558
vt 0.971346 0.310558
vt 0.971346 0.178910
vt 0.955478 0.455094
vt 0.955478 0.323448
vt 0.966494 0.323448
vt 0.966494 0.455094
vt 0.853214 0.220724
vt 0.853214 0.148362
vt 0.901335 0.148362
vt 0.901335 0.220724
vt 0.185245 0.690659
vt 0.185245 0.594508
vt 0.233366 0.594508
vt 0.233366 0.690659
vt 0.901335 0.003346
vt 0.853214 0.003346
vt 0.589969 0.916561
vt 0.517648 0.916561
vt 0.517648 0.820410
vt 0.589969 0.811985
vt 0.983402 0.142683
vt 0.976828 0.142683
vt 0.025305 0.832866
vt 0.003346 0.832866
vt 0.625765 0.180059
vt 0.625765 0.003346
vt 0.763202 0.238110
vt 0.763202 0.450175
vt 0.101163 0.832866
vt 0.881999 0.238110
vt 0.881999 0.450175
vt 0.735769 0.936126
vt 0.733559 0.862984
vt 0.764841 0.866842
vt 0.767052 0.867114
vt 0.766564 0.939923
vt 0.767052 0.939983
vt 0.184290 0.515591
vt 0.003346 0.515591
vt 0.003346 0.285313
vt 0.184290 0.285313
vt 0.368336 0.870990
vt 0.368336 0.690045
vt 0.404061 0.690045
vt 0.404061 0.870990
vt 0.617173 0.468388
vt 0.436228 0.468388
vt 0.436228 0.238110
vt 0.617173 0.238110
vt 0.896925 0.658485
vt 0.896925 0.888763
vt 0.861199 0.888763
vt 0.861199 0.658485
vt 0.854507 0.856292
vt 0.733559 0.856292
vt 0.733559 0.658485
vt 0.854507 0.658485
vt 0.931817 0.316756
vt 0.931817 0.195807
vt 0.946531 0.195807
vt 0.946531 0.316756
vt 0.240695 0.690045
vt 0.361644 0.690045
vt 0.361644 0.885925
vt 0.240695 0.885925
vt 0.233366 0.895157
vt 0.218652 0.895157
vt 0.218652 0.697351
vt 0.233366 0.699279
vt 0.829552 0.108836
vt 0.829552 0.003346
vt 0.846522 0.003346
vt 0.846522 0.108836
vt 0.615411 0.763975
vt 0.615411 0.658485
vt 0.633692 0.658485
vt 0.633692 0.763975
vt 0.453198 0.799327
vt 0.453198 0.693837
vt 0.510956 0.693837
vt 0.510956 0.799327
vt 0.575406 0.805293
vt 0.517648 0.805293
vt 0.517648 0.787012
vt 0.575406 0.787012
vt 0.592376 0.805293
vt 0.592376 0.787012
vt 0.575406 0.693837
vt 0.592376 0.693837
vt 0.771794 0.108836
vt 0.771794 0.003346
vt 0.931817 0.428938
vt 0.931817 0.323448
vt 0.948786 0.323448
vt 0.948786 0.428938
vt 0.726867 0.658485
vt 0.726867 0.763975
vt 0.427723 0.968882
vt 0.410753 0.968882
vt 0.410753 0.875708
vt 0.427723 0.875708
vt 0.201030 0.815162
vt 0.201030 0.920652
vt 0.107855 0.920652
vt 0.107855 0.815162
vt 0.771794 0.219588
vt 0.829552 0.219588
vt 0.453198 0.910079
vt 0.510956 0.910079
vt 0.615411 0.874726
vt 0.633692 0.874726
vt 0.846522 0.219588
vt 0.436228 0.910079
vt 0.436228 0.799327
vt 0.973185 0.323448
vt 0.981634 0.323448
vt 0.981634 0.444258
vt 0.973185 0.444258
vt 0.978724 0.466024
vt 0.987172 0.466024
vt 0.987172 0.586834
vt 0.978724 0.586834
vt 0.978724 0.721029
vt 0.987051 0.721029
vt 0.987051 0.841839
vt 0.978724 0.841839
vt 0.979835 0.850946
vt 0.988163 0.850946
vt 0.988163 0.971757
vt 0.979835 0.971757
vt 0.964695 0.850946
vt 0.973143 0.850946
vt 0.973143 0.971757
vt 0.964695 0.971757
vt 0.978724 0.593526
vt 0.987172 0.593526
vt 0.987172 0.714337
vt 0.978724 0.714337
vt 0.988326 0.323448
vt 0.996654 0.323448
vt 0.996654 0.444258
vt 0.988326 0.444258
vt 0.401706 0.980560
vt 0.394018 0.980560
vt 0.394018 0.877682
vt 0.401706 0.877682
vt 0.623098 0.984296
vt 0.615411 0.984296
vt 0.615411 0.881418
vt 0.623098 0.881418
vt 0.629790 0.881418
vt 0.637368 0.881418
vt 0.637368 0.981941
vt 0.629790 0.981941
vt 0.644060 0.881418
vt 0.651638 0.881418
vt 0.651638 0.981918
vt 0.644060 0.981918
vt 0.700097 0.881418
vt 0.707227 0.881418
vt 0.707227 0.964616
vt 0.700097 0.964616
vt 0.713919 0.881418
vt 0.721048 0.881418
vt 0.721048 0.964616
vt 0.713919 0.964616
vt 0.240695 0.892617
vt 0.247723 0.892617
vt 0.247723 0.974825
vt 0.240695 0.974825
vt 0.960601 0.755100
vt 0.967628 0.755100
vt 0.967628 0.837322
vt 0.960601 0.837322
vt 0.278564 0.980201
vt 0.278564 0.892617
vt 0.283946 0.892617
vt 0.283946 0.980201
vt 0.254415 0.980201
vt 0.254415 0.892617
vt 0.259797 0.892617
vt 0.259797 0.980201
vt 0.302712 0.980201
vt 0.302712 0.892617
vt 0.308094 0.892617
vt 0.308094 0.980201
vt 0.266489 0.980201
vt 0.266489 0.892617
vt 0.271872 0.892617
vt 0.271872 0.980201
vt 0.673657 0.214619
vt 0.673657 0.220002
vt 0.668274 0.220002
vt 0.668274 0.214619
vt 0.290638 0.980201
vt 0.290638 0.892617
vt 0.296020 0.892617
vt 0.296020 0.980201
vt 0.326861 0.980201
vt 0.326861 0.892617
vt 0.332243 0.892617
vt 0.332243 0.980201
vt 0.314786 0.980201
vt 0.314786 0.892617
vt 0.320169 0.892617
vt 0.320169 0.980201
vt 0.338935 0.980201
vt 0.338935 0.892617
vt 0.344317 0.892617
vt 0.344317 0.980201
vt 0.674702 0.456867
vt 0.674702 0.462250
vt 0.669319 0.462250
vt 0.669319 0.456867
vt 0.773744 0.943001
vt 0.773744 0.862984
vt 0.804904 0.862984
vt 0.804904 0.943001
vt 0.811596 0.943001
vt 0.811596 0.862984
vt 0.842757 0.862984
vt 0.842757 0.943001
vt 0.356721 0.892617
vt 0.356721 0.974912
vt 0.351009 0.974912
vt 0.351009 0.892617
vt 0.003346 0.921854
vt 0.003346 0.839558
vt 0.056175 0.839558
vt 0.056175 0.921854
vt 0.794592 0.643848
vt 0.794592 0.584558
vt 0.833663 0.584554
vt 0.833663 0.643844
vt 0.107855 0.808470
vt 0.107855 0.705688
vt 0.206774 0.705688
vt 0.206774 0.808470
vt 0.931485 0.678280
vt 0.931485 0.575498
vt 0.953909 0.575498
vt 0.953909 0.678280
vt 0.794592 0.577862
vt 0.794592 0.475080
vt 0.893512 0.475080
vt 0.893512 0.577862
vt 0.953909 0.684972
vt 0.953909 0.783892
vt 0.931485 0.783892
vt 0.931485 0.684972
vt 0.931485 0.568806
vt 0.931485 0.466024
vt 0.953909 0.466024
vt 0.953909 0.568806
s 0
usemtl Materiais.002
f 83/115/44 84/116/44 86/117/44 85/118/44
f 85/119/45 86/120/45 90/121/45 89/122/45
f 148/123/46 143/124/46 88/125/46 87/126/46
f 87/127/47 88/128/47 84/129/47 83/130/47
f 86/131/48 84/132/48 95/133/48 96/134/48
f 144/135/49 91/136/49 100/137/49 146/138/49
f 162/139/48 90/140/48 97/141/48 174/142/48
f 94/143/49 93/144/49 101/145/49 102/146/49
f 198/147/45 197/148/45 106/149/45 105/150/45
f 96/151/44 95/152/44 102/153/44 101/154/44
f 201/155/46 205/156/46 165/157/46 142/158/46
f 97/159/45 96/160/45 101/161/45 99/162/45
f 95/163/47 98/164/47 100/165/47 102/166/47
f 84/132/48 88/167/48 98/168/48 95/133/48
f 93/144/49 92/169/49 99/170/49 101/145/49
f 91/136/49 94/143/49 102/146/49 100/137/49
f 90/140/48 86/131/48 96/134/48 97/141/48
f 200/171/47 199/172/47 103/173/47 104/174/47
f 197/175/44 200/176/44 104/177/44 106/178/44
f 205/156/46 198/179/46 105/180/46 165/157/46
f 107/181/46 108/182/46 110/183/46 109/184/46
f 113/185/50 114/186/50 112/187/50 111/188/50
f 115/189/46 116/190/46 118/191/46 117/192/46
f 119/193/46 120/194/46 122/195/46 121/196/46
f 129/197/46 130/198/46 138/199/46 137/200/46
f 124/201/46 126/202/46 134/203/46 133/204/46
f 125/205/44 123/206/44 132/207/44 131/208/44
f 126/209/45 125/210/45 131/211/45 134/212/45
f 123/213/47 124/214/47 133/215/47 132/216/47
f 128/217/49 127/218/49 131/219/49 132/220/49
f 129/221/49 128/217/49 132/220/49 133/222/49
f 130/223/49 129/221/49 133/222/49 134/224/49
f 127/218/49 130/223/49 134/224/49 131/219/49
f 136/225/49 137/226/49 138/227/49 135/228/49
f 127/229/44 128/230/44 136/231/44 135/232/44
f 130/233/45 127/234/45 135/235/45 138/236/45
f 128/237/47 129/238/47 137/239/47 136/240/47
f 144/135/49 141/241/49 149/242/49 150/243/49
f 160/244/45 164/245/45 140/246/45 171/247/45
f 162/248/46 143/124/46 148/123/46 163/249/46
f 88/167/48 143/250/48 145/251/48 98/168/48
f 98/252/46 145/253/46 146/254/46 100/255/46
f 199/256/46 202/257/46 147/258/46 103/259/46
f 164/260/49 146/138/49 139/261/49 140/262/49
f 202/263/45 144/264/45 150/265/45 204/266/45
f 152/267/46 153/268/46 155/269/46 154/270/46
f 159/271/46 158/272/46 156/273/46 157/274/46
f 92/169/49 161/275/49 164/260/49 99/170/49
f 89/276/46 90/277/46 162/248/46 163/249/46
f 99/278/46 164/279/46 160/280/46 174/281/46 97/282/46
f 141/241/49 144/135/49 146/138/49 164/260/49 161/275/49
f 139/261/49 146/138/49 167/283/49 166/284/49
f 167/283/51 146/138/51 168/285/51 169/286/51
f 139/287/46 166/288/46 172/289/46 170/290/46
f 166/291/47 167/292/47 173/293/47 172/294/47
f 140/295/46 139/287/46 170/290/46 171/296/46
f 174/281/46 160/280/46 175/297/46
f 172/298/48 173/299/48 178/300/48 160/301/48 171/302/48
f 176/303/47 173/293/47 167/292/47 169/304/47
f 177/305/52 178/300/52 173/299/52 176/306/52
f 179/307/46 180/308/46 182/309/46 181/310/46
f 183/311/46 184/312/46 186/313/46 185/314/46
f 187/315/53 188/316/53 190/317/53 189/318/53
f 160/319/46 178/320/46 192/321/46 191/322/46
f 191/323/48 192/324/48 194/325/48 193/326/48
f 201/327/54 202/328/54 204/329/54 203/330/54
f 141/331/47 201/332/47 203/333/47 149/334/47
f 147/335/45 202/263/45 204/266/45 151/336/45
f 150/337/46 149/338/46 203/339/46 204/340/46
f 91/341/46 144/342/46 202/257/46 199/256/46
f 161/343/46 92/344/46 198/179/46 205/156/46
f 93/345/44 94/346/44 200/176/44 197/175/44
f 94/347/47 91/348/47 199/172/47 200/171/47
f 141/349/46 161/343/46 205/156/46 201/155/46
f 92/350/45 93/351/45 197/148/45 198/147/45
f 142/352/46 147/353/46 196/354/46 202/355/46 201/356/46 195/357/46
f 208/358/45 209/359/45 213/360/45 212/361/45
f 212/362/46 213/363/46 211/364/46 210/365/46
f 210/366/47 211/367/47 207/368/47 206/369/47
f 213/370/49 209/371/49 207/372/49 211/373/49
f 214/374/44 215/375/44 217/376/44 216/377/44
f 216/378/45 217/379/45 221/380/45 220/381/45
f 220/382/46 221/383/46 219/384/46 218/385/46
f 221/386/49 217/387/49 215/388/49 219/389/49
f 241/390/45 231/391/45 229/392/45 238/393/45
f 238/394/46 229/395/46 227/396/46 239/397/46
f 240/398/47 233/399/47 223/400/47 236/401/47
f 231/402/49 225/403/49 223/404/49 233/405/49
f 229/406/49 231/402/49 233/405/49 227/407/49
f 227/407/49 233/405/49 235/408/49 234/409/49
f 237/410/45 225/411/45 231/391/45 241/390/45
f 242/412/47 234/413/47 235/414/47 243/415/47
f 239/397/46 227/396/46 234/416/46 242/417/46
f 240/418/48 239/419/48 242/420/48 243/421/48
f 233/422/44 240/423/44 243/424/44 235/425/44
f 224/426/45 237/410/45 241/390/45 230/427/45
f 232/428/47 240/398/47 236/401/47 222/429/47
f 228/430/46 238/394/46 239/397/46 226/431/46
f 230/427/45 241/390/45 238/393/45 228/432/45
f 226/433/47 239/434/47 240/398/47 232/428/47
f 247/435/44 245/436/44 248/437/44 250/438/44
f 244/439/46 246/440/46 251/441/46 249/442/46
f 245/443/45 244/444/45 249/445/45 248/446/45
f 246/447/47 247/448/47 250/449/47 251/450/47
f 255/451/44 253/452/44 256/453/44 258/454/44
f 252/455/46 254/456/46 259/457/46 257/458/46
f 254/459/47 255/460/47 258/461/47 259/462/47
f 263/463/44 261/464/44 264/465/44 266/466/44
f 260/467/46 262/468/46 267/469/46 265/470/46
f 261/471/55 260/472/55 265/473/55 264/474/55
f 262/475/56 263/476/56 266/477/56 267/478/56
f 271/479/44 269/480/44 272/481/44 274/482/44
f 268/483/46 270/484/46 275/485/46 273/486/46
f 269/487/57 268/488/57 273/489/57 272/490/57
f 270/491/58 271/492/58 274/493/58 275/494/58
f 276/495/44 277/496/44 279/497/44 278/498/44
f 278/499/45 279/500/45 283/501/45 282/502/45
f 282/503/46 283/504/46 281/505/46 280/506/46
f 280/507/47 281/508/47 277/509/47 276/510/47
f 283/511/49 279/512/49 277/513/49 281/514/49
f 284/515/44 285/516/44 287/517/44 286/518/44
f 286/519/45 287/520/45 291/521/45 290/522/45
f 290/523/46 291/524/46 289/525/46 288/526/46
f 288/527/47 289/528/47 285/529/47 284/530/47
f 291/531/49 287/532/49 285/533/49 289/534/49
f 292/535/45 293/536/45 295/537/45 294/538/45
f 296/539/45 297/540/45 299/541/45 298/542/45
f 305/543/49 304/544/49 303/545/49 302/546/49
f 300/547/46 301/548/46 304/549/46 305/550/46
f 306/551/59 307/552/59 309/553/59 308/554/59
f 312/555/45 313/556/45 317/557/45 316/558/45
f 316/559/46 317/560/46 315/561/46 314/562/46
f 314/563/47 315/564/47 311/565/47 310/566/47
f 317/567/49 313/568/49 311/569/49 315/570/49
f 310/571/44 311/572/44 313/573/44 312/574/44
o Props_2
v -1.331396 0.016876 -2.391234
v -1.228608 0.016876 -2.282552
v -1.083092 0.016876 -2.317227
v -1.040364 0.016876 -2.460586
v -1.143152 0.016876 -2.569268
v -1.288668 0.016876 -2.534593
v -1.228608 0.301879 -2.282552
v -1.331396 0.301879 -2.391234
v -1.083092 0.301879 -2.317227
v -1.040364 0.301879 -2.460586
v -1.143152 0.301879 -2.569268
v -1.288668 0.301879 -2.534593
v -1.200994 0.349750 -2.375202
v -1.237351 0.349750 -2.413645
v -1.149522 0.349750 -2.387467
v -1.134408 0.349750 -2.438175
v -1.170766 0.349750 -2.476618
v -1.222238 0.349750 -2.464353
v -1.224650 -0.001030 -2.295831
v -1.317916 -0.001030 -2.394446
v -1.092613 -0.001030 -2.327295
v -1.053843 -0.001030 -2.457374
v -1.147110 -0.001030 -2.555989
v -1.279146 -0.001030 -2.524525
v -1.142046 0.321975 -2.519370
v -1.171395 0.321975 -2.528117
v -1.126858 0.321975 -2.341219
v -1.104608 0.321975 -2.362262
v -1.288736 0.321975 -2.417141
v -1.281636 0.321975 -2.387351
v -1.215039 0.383836 -2.328076
v -1.281636 0.383836 -2.387351
v -1.288736 0.383836 -2.417141
v -1.104608 0.383836 -2.362262
v -1.126858 0.383836 -2.341219
v -1.086574 0.383836 -2.449574
v -1.171395 0.383836 -2.528117
v -1.142046 0.383836 -2.519370
v -1.256027 0.383836 -2.500079
v -1.215039 0.402455 -2.328076
v -1.288736 0.402455 -2.417141
v -1.281636 0.402455 -2.387351
v -1.126858 0.402455 -2.341219
v -1.104608 0.402455 -2.362262
v -1.086574 0.402455 -2.449574
v -1.142046 0.402455 -2.519370
v -1.171395 0.402455 -2.528117
v -1.256027 0.402455 -2.500079
v -1.213762 0.349750 -2.332362
v -1.280836 0.349750 -2.403283
v -1.118806 0.349750 -2.354990
v -1.090925 0.349750 -2.448537
v -1.157998 0.349750 -2.519458
v -1.252954 0.349750 -2.496830
v -1.200994 0.384928 -2.375202
v -1.237351 0.384928 -2.413645
v -1.149522 0.384928 -2.387467
v -1.134408 0.384928 -2.438175
v -1.170766 0.384928 -2.476618
v -1.222238 0.384928 -2.464353
v -1.139785 0.159378 -2.580565
v -1.028898 0.159378 -2.463318
v -1.074992 0.159378 -2.308663
v -1.231975 0.159378 -2.271255
v -1.296768 0.159378 -2.543157
v -1.342863 0.159378 -2.388502
v -1.178216 0.016876 -2.869635
v -1.187095 0.016876 -2.720308
v -1.062214 0.016876 -2.637955
v -0.928454 0.016876 -2.704928
v -0.919574 0.016876 -2.854255
v -1.044455 0.016876 -2.936608
v -1.187095 0.386207 -2.720308
v -1.178216 0.386207 -2.869635
v -1.062214 0.386207 -2.637955
v -0.928454 0.386207 -2.704928
v -0.919574 0.386207 -2.854255
v -1.044455 0.386207 -2.936608
v -1.100648 0.434077 -2.763592
v -1.097507 0.434077 -2.816411
v -1.056476 0.434077 -2.734462
v -1.009162 0.434077 -2.758152
v -1.006021 0.434077 -2.810971
v -1.050194 0.434077 -2.840101
v -1.174705 -0.001030 -2.726512
v -1.166648 -0.001030 -2.862006
v -1.061392 -0.001030 -2.651787
v -0.940022 -0.001030 -2.712557
v -0.931965 -0.001030 -2.848051
v -1.045278 -0.001030 -2.922776
v -0.955196 0.406303 -2.819295
v -0.968907 0.406303 -2.846679
v -1.074680 0.406303 -2.686284
v -1.044109 0.406303 -2.684466
v -1.130129 0.406303 -2.856266
v -1.146989 0.406303 -2.830699
v -1.144618 0.468164 -2.741576
v -1.146989 0.468164 -2.830699
v -1.130129 0.468164 -2.856266
v -1.044109 0.468164 -2.684466
v -1.074680 0.468164 -2.686284
v -0.968111 0.468164 -2.731081
v -0.968907 0.468164 -2.846679
v -0.955196 0.468164 -2.819295
v -1.047275 0.468164 -2.889188
v -1.144618 0.486782 -2.741576
v -1.130129 0.486782 -2.856266
v -1.146989 0.486782 -2.830699
v -1.074680 0.486782 -2.686284
v -1.044109 0.486782 -2.684466
v -0.968111 0.486782 -2.731081
v -0.955196 0.486782 -2.819295
v -0.968907 0.486782 -2.846679
v -1.047275 0.486782 -2.889188
v -1.140619 0.434077 -2.743578
v -1.134825 0.434077 -2.841021
v -1.059129 0.434077 -2.689839
v -0.971844 0.434077 -2.733542
v -0.966050 0.434077 -2.830985
v -1.047541 0.434077 -2.884724
v -1.100648 0.469255 -2.763592
v -1.097507 0.469255 -2.816411
v -1.056476 0.469255 -2.734462
v -1.009162 0.469255 -2.758152
v -1.006021 0.469255 -2.810971
v -1.050194 0.469255 -2.840101
v -0.909034 0.195683 -2.859533
v -0.918613 0.195683 -2.698439
v -1.062914 0.195683 -2.626188
v -1.197635 0.195683 -2.715031
v -1.043756 0.195683 -2.948375
v -1.188056 0.195683 -2.876124
v 0.848065 0.402890 -1.086020
v 0.815225 0.402890 -1.053180
v 0.848065 0.402890 -1.020340
v 0.880905 0.402890 -1.053180
v 0.848065 0.564067 -1.086020
v 0.815225 0.564067 -1.053180
v 0.848065 0.564067 -1.020340
v 0.880905 0.564067 -1.053180
v 0.848065 0.595583 -1.063409
v 0.837836 0.595583 -1.053180
v 0.848065 0.595583 -1.042951
v 0.858294 0.595583 -1.053180
v 0.848065 0.609395 -1.063409
v 0.837836 0.609395 -1.053180
v 0.848065 0.609395 -1.042951
v 0.858294 0.609395 -1.053180
v 0.848065 0.503925 -1.081739
v 0.819506 0.503925 -1.053180
v 0.876624 0.503925 -1.053180
v 0.848065 0.503925 -1.024621
v 0.848065 0.444166 -1.087091
v 0.881976 0.444166 -1.053180
v 0.814154 0.444166 -1.053180
v 0.848065 0.444166 -1.019269
v 0.813686 0.402093 -1.263836
v 0.756803 0.402093 -1.203052
v 0.781948 0.402093 -1.128062
v 0.863977 0.402093 -1.113858
v 0.920860 0.402093 -1.174642
v 0.895715 0.402093 -1.249632
v 0.808829 0.428441 -1.278323
v 0.740957 0.428441 -1.205796
v 0.770960 0.428441 -1.116320
v 0.868834 0.428441 -1.099371
v 0.936706 0.428441 -1.171898
v 0.906703 0.428441 -1.261374
v 0.816198 0.444308 -1.256346
v 0.764997 0.444308 -1.201633
v 0.787630 0.444308 -1.134134
v 0.861465 0.444308 -1.121348
v 0.912666 0.444308 -1.176061
v 0.890033 0.444308 -1.243560
v 1.482915 0.030993 -0.977993
v 1.406271 0.000244 -1.090281
v 1.368578 0.025545 -0.898458
v 1.272509 0.027807 -1.014846
v 1.289231 0.150639 -0.862205
v 1.482855 0.183448 -1.015499
v 1.349526 0.184187 -1.158222
v 1.175784 0.192187 -1.035261
v 1.306152 0.283296 -0.980483
v 1.366082 0.296912 -1.027838
v 1.301199 0.287945 -1.064137
v 1.266926 0.288791 -1.026330
v 1.293984 0.300944 -0.942621
v 1.410146 0.357796 -1.014316
v 1.288442 0.323163 -1.096683
v 1.234514 0.351008 -1.016828
v 1.393305 -0.029954 -0.974637
v 1.763079 0.040820 0.056495
v 1.686435 0.010070 -0.055793
v 1.648742 0.035371 0.136030
v 1.552673 0.037633 0.019642
v 1.569396 0.160465 0.172284
v 1.763019 0.193274 0.018989
v 1.629691 0.194013 -0.123734
v 1.455948 0.202013 -0.000773
v 1.586316 0.293123 0.054005
v 1.646246 0.306738 0.006650
v 1.581364 0.297771 -0.029649
v 1.547090 0.298617 0.008158
v 1.574148 0.310771 0.091867
v 1.690310 0.367622 0.020172
v 1.568606 0.332990 -0.062195
v 1.514678 0.360834 0.017660
v 1.673469 -0.020127 0.059851
v 1.444734 0.013494 -0.383107
v 1.368180 -0.024596 -0.233105
v 1.599095 0.006745 -0.306042
v 1.529619 0.009547 -0.132488
v 1.685627 0.161703 -0.241313
v 1.403996 0.202345 -0.360769
v 1.328018 0.203260 -0.131071
v 1.564865 0.213170 -0.015213
v 1.546997 0.326030 -0.189468
v 1.459928 0.342897 -0.226496
v 1.458997 0.331789 -0.134406
v 1.520450 0.332837 -0.119598
v 1.595383 0.347891 -0.198723
v 1.448460 0.418316 -0.282429
v 1.431192 0.375415 -0.101210
v 1.550027 0.409907 -0.090006
v 1.501597 -0.062003 -0.287684
v 1.702201 0.022472 0.464684
v 1.567988 -0.008071 0.449782
v 1.688151 0.017060 0.602312
v 1.538278 0.019307 0.599395
v 1.664126 0.141314 0.685566
v 1.673899 0.173902 0.440460
v 1.480070 0.174636 0.448579
v 1.460303 0.182583 0.659074
v 1.585943 0.273080 0.596278
v 1.589037 0.286604 0.520473
v 1.519699 0.277697 0.545878
v 1.526010 0.278538 0.596171
v 1.606601 0.290609 0.629947
v 1.627740 0.347079 0.496017
v 1.486917 0.312679 0.534432
v 1.512198 0.340336 0.626744
v 1.646744 -0.038066 0.534384
v 0.157165 0.019710 -0.385147
v 0.038897 -0.010833 -0.319970
v 0.225006 0.014297 -0.264580
v 0.100850 0.016545 -0.180583
v 0.253358 0.138551 -0.182699
v 0.120074 0.171140 -0.388631
v -0.033642 0.171874 -0.270280
v 0.071526 0.179820 -0.086872
v 0.138005 0.270317 -0.210603
v 0.096843 0.283842 -0.274333
v 0.054822 0.274935 -0.213608
v 0.088966 0.275775 -0.176147
v 0.174292 0.287847 -0.194994
v 0.114375 0.344316 -0.316625
v 0.021436 0.309917 -0.204068
v 0.095300 0.337574 -0.143202
v 0.152018 -0.040828 -0.296225
v 3.337569 -0.003009 0.702134
v 3.334160 -0.062222 0.809020
v 3.457596 -0.024670 0.693962
v 3.470514 -0.061683 0.820389
v 3.548699 0.064990 0.733328
v 3.339527 0.118805 0.766284
v 3.366256 0.067955 0.927650
v 3.551810 0.048865 0.917692
v 3.496678 0.163653 0.843209
v 3.432437 0.183202 0.854187
v 3.460290 0.155131 0.906619
v 3.503368 0.152568 0.894742
v 3.526109 0.180446 0.825665
v 3.415349 0.246367 0.839937
v 3.458323 0.176982 0.944202
v 3.539474 0.197733 0.917346
v 3.395570 -0.075030 0.724279
v 1.298135 -0.018461 -1.547679
v 1.321566 0.078819 -1.644716
v 1.266836 0.081168 -1.455360
v 1.323073 0.193533 -1.538978
v 1.369915 0.135575 -1.357007
v 1.452063 -0.033391 -1.520616
v 1.520099 0.119847 -1.620796
v 1.486430 0.268652 -1.472158
v 1.538529 0.119834 -1.413539
v 1.567056 0.067043 -1.462720
v 1.577891 0.137546 -1.485518
v 1.564940 0.164813 -1.444365
v 1.539486 0.123171 -1.370169
v 1.614040 0.013396 -1.435413
v 1.624155 0.150408 -1.498030
v 1.619342 0.186359 -1.404518
v 1.246762 0.076975 -1.550618
v 0.695826 0.902573 0.237888
v 0.690959 0.751795 0.321879
v 0.868394 0.899755 0.242829
v 0.877769 0.763126 0.370110
v 0.966277 0.989958 0.376889
v 0.658866 1.000031 0.402080
v 0.685900 0.822786 0.564524
v 0.948682 0.833578 0.585667
v 0.854061 1.018121 0.565367
v 0.758768 1.024173 0.576289
v 0.796962 0.955523 0.625618
v 0.858845 0.967395 0.620475
v 0.893003 1.055352 0.563914
v 0.721259 1.107628 0.600291
v 0.783456 0.953217 0.685540
v 0.894231 1.009387 0.688847
v 0.791025 0.808432 0.227234
v -1.265983 0.016876 -1.983862
v -1.133940 0.016876 -1.913564
v -1.007039 0.016876 -1.992767
v -1.012180 0.016876 -2.142269
v -1.144223 0.016876 -2.212567
v -1.271125 0.016876 -2.133364
v -1.133940 0.301879 -1.913564
v -1.265983 0.301879 -1.983862
v -1.007039 0.301879 -1.992767
v -1.012180 0.301879 -2.142269
v -1.144223 0.301879 -2.212567
v -1.271125 0.301879 -2.133364
v -1.137263 0.349750 -2.010184
v -1.183969 0.349750 -2.035050
v -1.092376 0.349750 -2.038200
v -1.094194 0.349750 -2.091081
v -1.140900 0.349750 -2.115947
v -1.185788 0.349750 -2.087931
v -1.134417 -0.001030 -1.927412
v -1.254228 -0.001030 -1.991199
v -1.019270 -0.001030 -1.999279
v -1.023935 -0.001030 -2.134933
v -1.143747 -0.001030 -2.198719
v -1.258893 -0.001030 -2.126852
v -1.127287 0.321975 -2.165618
v -1.157894 0.321975 -2.164566
v -1.056166 0.321975 -2.001575
v -1.041774 0.321975 -2.028607
v -1.233792 0.321975 -2.022004
v -1.217577 0.321975 -1.996024
v -1.135573 0.383836 -1.961039
v -1.217577 0.383836 -1.996024
v -1.233792 0.383836 -2.022004
v -1.041774 0.383836 -2.028607
v -1.056166 0.383836 -2.001575
v -1.052479 0.383836 -2.117117
v -1.157894 0.383836 -2.164566
v -1.127287 0.383836 -2.165618
v -1.229193 0.383836 -2.111040
v -1.135573 0.402455 -1.961039
v -1.233792 0.402455 -2.022004
v -1.217577 0.402455 -1.996024
v -1.056166 0.402455 -2.001575
v -1.041774 0.402455 -2.028607
v -1.052479 0.402455 -2.117117
v -1.127287 0.402455 -2.165618
v -1.157894 0.402455 -2.164566
v -1.229193 0.402455 -2.111040
v -1.135727 0.349750 -1.965509
v -1.221891 0.349750 -2.011382
v -1.052918 0.349750 -2.017193
v -1.056273 0.349750 -2.114749
v -1.142437 0.349750 -2.160622
v -1.225246 0.349750 -2.108938
v -1.137263 0.384928 -2.010184
v -1.183969 0.384928 -2.035050
v -1.092376 0.384928 -2.038200
v -1.094194 0.384928 -2.091081
v -1.140900 0.384928 -2.115947
v -1.185788 0.384928 -2.087931
v -1.144628 0.159378 -2.224348
v -1.002180 0.159378 -2.148510
v -0.996634 0.159378 -1.987228
v -1.133535 0.159378 -1.901783
v -1.281530 0.159378 -2.138903
v -1.275983 0.159378 -1.977621
v -0.962914 0.016876 -2.524815
v -0.913260 0.016876 -2.383706
v -0.766229 0.016876 -2.356153
v -0.668852 0.016876 -2.469708
v -0.718506 0.016876 -2.610817
v -0.865536 0.016876 -2.638371
v -0.913260 0.301879 -2.383706
v -0.962914 0.301879 -2.524815
v -0.766229 0.301879 -2.356153
v -0.668852 0.301879 -2.469708
v -0.718506 0.301879 -2.610817
v -0.865536 0.301879 -2.638371
v -0.850327 0.349750 -2.457095
v -0.867890 0.349750 -2.507008
v -0.798320 0.349750 -2.447349
v -0.763876 0.349750 -2.487516
v -0.781439 0.349750 -2.537428
v -0.833446 0.349750 -2.547174
v -0.904240 -0.001030 -2.394225
v -0.949294 -0.001030 -2.522263
v -0.770829 -0.001030 -2.369224
v -0.682472 -0.001030 -2.472261
v -0.727526 -0.001030 -2.600299
v -0.860937 -0.001030 -2.625300
v -0.737805 0.321975 -2.564789
v -0.761053 0.321975 -2.584725
v -0.796442 0.321975 -2.395880
v -0.767553 0.321975 -2.406046
v -0.913403 0.321975 -2.531116
v -0.919043 0.321975 -2.501015
v -0.882337 0.383836 -2.419766
v -0.919043 0.383836 -2.501015
v -0.913403 0.383836 -2.531116
v -0.767553 0.383836 -2.406046
v -0.796442 0.383836 -2.395880
v -0.715543 0.383836 -2.478458
v -0.761053 0.383836 -2.584725
v -0.737805 0.383836 -2.564789
v -0.849769 0.383836 -2.593560
v -0.882337 0.402455 -2.419766
v -0.913403 0.402455 -2.531116
v -0.919043 0.402455 -2.501015
v -0.796442 0.402455 -2.395880
v -0.767553 0.402455 -2.406046
v -0.715543 0.402455 -2.478458
v -0.737805 0.402455 -2.564789
v -0.761053 0.402455 -2.584725
v -0.849769 0.402455 -2.593560
v -0.879426 0.349750 -2.423162
v -0.911827 0.349750 -2.515242
v -0.783482 0.349750 -2.405182
v -0.719939 0.349750 -2.479282
v -0.752340 0.349750 -2.571362
v -0.848284 0.349750 -2.589342
v -0.850327 0.384928 -2.457095
v -0.867890 0.384928 -2.507008
v -0.798320 0.384928 -2.447349
v -0.763876 0.384928 -2.487516
v -0.781439 0.384928 -2.537428
v -0.833446 0.384928 -2.547174
v -0.710832 0.159378 -2.619766
v -0.657266 0.159378 -2.467537
v -0.762317 0.159378 -2.345033
v -0.920934 0.159378 -2.374758
v -0.869449 0.159378 -2.649490
v -0.974500 0.159378 -2.526986
v -0.847552 0.016876 -2.800153
v -0.815177 0.016876 -2.654108
v -0.672511 0.016876 -2.609123
v -0.562219 0.016876 -2.710183
v -0.594594 0.016876 -2.856228
v -0.737260 0.016876 -2.901213
v -0.815177 0.301879 -2.654108
v -0.847552 0.301879 -2.800153
v -0.672511 0.301879 -2.609123
v -0.562219 0.301879 -2.710183
v -0.594594 0.301879 -2.856228
v -0.737260 0.301879 -2.901213
v -0.743897 0.349750 -2.719421
v -0.755349 0.349750 -2.771080
v -0.693434 0.349750 -2.703509
v -0.654422 0.349750 -2.739256
v -0.665874 0.349750 -2.790915
v -0.716337 0.349750 -2.806827
v -0.804960 -0.001030 -2.663469
v -0.834336 -0.001030 -2.795986
v -0.675510 -0.001030 -2.622651
v -0.575435 -0.001030 -2.714350
v -0.604811 -0.001030 -2.846867
v -0.734262 -0.001030 -2.887685
v -0.619273 0.321975 -2.812846
v -0.639963 0.321975 -2.835425
v -0.697741 0.321975 -2.652187
v -0.667842 0.321975 -2.658815
v -0.797642 0.321975 -2.800471
v -0.806852 0.321975 -2.771264
v -0.780153 0.383836 -2.686201
v -0.806852 0.383836 -2.771264
v -0.797642 0.383836 -2.800471
v -0.667842 0.383836 -2.658815
v -0.697741 0.383836 -2.652187
v -0.607524 0.383836 -2.724468
v -0.639963 0.383836 -2.835425
v -0.619273 0.383836 -2.812846
v -0.726979 0.383836 -2.854835
v -0.780153 0.402455 -2.686201
v -0.797642 0.402455 -2.800471
v -0.806852 0.402455 -2.771264
v -0.697741 0.402455 -2.652187
v -0.667842 0.402455 -2.658815
v -0.607524 0.402455 -2.724468
v -0.619273 0.402455 -2.812846
v -0.639963 0.402455 -2.835425
v -0.726979 0.402455 -2.854835
v -0.776855 0.349750 -2.689222
v -0.797982 0.349750 -2.784523
v -0.683759 0.349750 -2.659867
v -0.611790 0.349750 -2.725813
v -0.632916 0.349750 -2.821114
v -0.726012 0.349750 -2.850469
v -0.743897 0.384928 -2.719421
v -0.755349 0.384928 -2.771080
v -0.693434 0.384928 -2.703509
v -0.654422 0.384928 -2.739256
v -0.665874 0.384928 -2.790915
v -0.716337 0.384928 -2.806827
v -0.585903 0.159378 -2.864192
v -0.550977 0.159378 -2.706638
v -0.669960 0.159378 -2.597615
v -0.823868 0.159378 -2.646144
v -0.739811 0.159378 -2.912721
v -0.858794 0.159378 -2.803698
v -0.086861 0.016876 -2.908546
v -0.149582 0.016876 -2.772740
v -0.063331 0.016876 -2.650519
v 0.085641 0.016876 -2.664104
v 0.148362 0.016876 -2.799910
v 0.062111 0.016876 -2.922131
v -0.149582 0.301879 -2.772740
v -0.086861 0.301879 -2.908546
v -0.063331 0.301879 -2.650519
v 0.085641 0.301879 -2.664104
v 0.148362 0.301879 -2.799910
v 0.062111 0.301879 -2.922131
v -0.053304 0.349750 -2.781519
v -0.031119 0.349750 -2.829556
v -0.022796 0.349750 -2.738288
v 0.029898 0.349750 -2.743093
v 0.052084 0.349750 -2.791130
v 0.021575 0.349750 -2.834362
v -0.135783 -0.001030 -2.773998
v -0.078872 -0.001030 -2.897224
v -0.057521 -0.001030 -2.663099
v 0.077651 -0.001030 -2.675425
v 0.134562 -0.001030 -2.798651
v 0.056301 -0.001030 -2.909551
v 0.102445 0.321975 -2.780347
v 0.099664 0.321975 -2.810845
v -0.057315 0.321975 -2.700065
v -0.029512 0.321975 -2.687225
v -0.046961 0.321975 -2.878562
v -0.071983 0.321975 -2.860905
v -0.102275 0.383836 -2.777054
v -0.071983 0.383836 -2.860905
v -0.046961 0.383836 -2.878562
v -0.029512 0.383836 -2.687225
v -0.057315 0.383836 -2.700065
v 0.058251 0.383836 -2.702916
v 0.099664 0.383836 -2.810845
v 0.102445 0.383836 -2.780347
v 0.042193 0.383836 -2.879004
v -0.102275 0.402455 -2.777054
v -0.046961 0.402455 -2.878562
v -0.071983 0.402455 -2.860905
v -0.057315 0.402455 -2.700065
v -0.029512 0.402455 -2.687225
v 0.058251 0.402455 -2.702916
v 0.102445 0.402455 -2.780347
v 0.099664 0.402455 -2.810845
v 0.042193 0.402455 -2.879004
v -0.097821 0.349750 -2.777460
v -0.056893 0.349750 -2.866080
v -0.041539 0.349750 -2.697705
v 0.055672 0.349750 -2.706570
v 0.096601 0.349750 -2.795190
v 0.040318 0.349750 -2.874944
v -0.053304 0.384928 -2.781519
v -0.031119 0.384928 -2.829556
v -0.022796 0.384928 -2.738288
v 0.029898 0.384928 -2.743093
v 0.052084 0.384928 -2.791130
v 0.021575 0.384928 -2.834362
v 0.160101 0.159378 -2.800980
v 0.092438 0.159378 -2.654473
v -0.068274 0.159378 -2.639817
v -0.161322 0.159378 -2.771669
v 0.067053 0.159378 -2.932833
v -0.093658 0.159378 -2.918177
v -0.351089 0.016876 -1.142948
v -0.393203 0.016876 -0.999408
v -0.289950 0.016876 -0.891166
v -0.144584 0.016876 -0.926465
v -0.102471 0.016876 -1.070005
v -0.205723 0.016876 -1.178246
v -0.393203 0.301879 -0.999408
v -0.351089 0.301879 -1.142948
v -0.289950 0.301879 -0.891166
v -0.144584 0.301879 -0.926465
v -0.102471 0.301879 -1.070005
v -0.205723 0.301879 -1.178246
v -0.299255 0.349750 -1.022221
v -0.284359 0.349750 -1.072993
v -0.262733 0.349750 -0.983934
v -0.211315 0.349750 -0.996420
v -0.196418 0.349750 -1.047192
v -0.232941 0.349750 -1.085479
v -0.379737 -0.001030 -1.002678
v -0.341525 -0.001030 -1.132921
v -0.286049 -0.001030 -0.904463
v -0.154149 -0.001030 -0.936492
v -0.115936 -0.001030 -1.066735
v -0.209624 -0.001030 -1.164950
v -0.145020 0.321975 -1.043916
v -0.152246 0.321975 -1.073676
v -0.291270 0.321975 -0.941060
v -0.261884 0.321975 -0.932438
v -0.307221 0.321975 -1.119144
v -0.329381 0.321975 -1.098006
v -0.347041 0.383836 -1.010617
v -0.329381 0.383836 -1.098006
v -0.307221 0.383836 -1.119144
v -0.261884 0.383836 -0.932438
v -0.291270 0.383836 -0.941060
v -0.177373 0.383836 -0.960838
v -0.152246 0.383836 -1.073676
v -0.145020 0.383836 -1.043916
v -0.219097 0.383836 -1.132664
v -0.347041 0.402455 -1.010617
v -0.307221 0.402455 -1.119144
v -0.329381 0.402455 -1.098006
v -0.291270 0.402455 -0.941060
v -0.261884 0.402455 -0.932438
v -0.177373 0.402455 -0.960838
v -0.145020 0.402455 -1.043916
v -0.152246 0.402455 -1.073676
v -0.219097 0.402455 -1.132664
v -0.342695 0.349750 -1.011672
v -0.315214 0.349750 -1.105339
v -0.275318 0.349750 -0.941040
v -0.180460 0.349750 -0.964074
v -0.152979 0.349750 -1.057740
v -0.220356 0.349750 -1.128373
v -0.299255 0.384928 -1.022221
v -0.284359 0.384928 -1.072993
v -0.262733 0.384928 -0.983934
v -0.211315 0.384928 -0.996420
v -0.196418 0.384928 -1.047192
v -0.232941 0.384928 -1.085479
v -0.091016 0.159378 -1.072787
v -0.136448 0.159378 -0.917936
v -0.293269 0.159378 -0.879855
v -0.404658 0.159378 -0.996626
v -0.202405 0.159378 -1.189557
v -0.359226 0.159378 -1.151477
v 1.631317 0.204587 0.376813
v 1.742136 0.299180 0.410703
v 1.870927 0.246803 0.465902
v 1.888899 0.099833 0.487210
v 1.778080 0.005240 0.453319
v 1.649289 0.057617 0.398120
v 1.845031 0.273411 0.146175
v 1.734212 0.178818 0.112284
v 1.973821 0.221034 0.201373
v 1.991793 0.074064 0.222681
v 1.880974 -0.020529 0.188790
v 1.752184 0.031848 0.133592
v 1.873928 0.174099 0.115514
v 1.834730 0.140640 0.103526
v 1.919484 0.155572 0.135039
v 1.925841 0.103586 0.142576
v 1.886642 0.070127 0.130588
v 1.841087 0.088654 0.111063
v 1.737336 0.287185 0.429297
v 1.636783 0.201354 0.398546
v 1.854197 0.239660 0.479382
v 1.870504 0.106304 0.498716
v 1.769950 0.020473 0.467965
v 1.653090 0.067998 0.417880
v 1.896683 0.026821 0.168637
v 1.868362 0.021831 0.158106
v 1.937212 0.200960 0.167437
v 1.954558 0.177397 0.176480
v 1.776878 0.146092 0.110417
v 1.787853 0.174645 0.111904
v 1.880327 0.219330 0.076872
v 1.810186 0.169051 0.054487
v 1.799212 0.140499 0.053000
v 1.976892 0.171804 0.119063
v 1.959545 0.195367 0.110020
v 1.980484 0.083287 0.129083
v 1.890695 0.016237 0.100689
v 1.919017 0.021227 0.111219
v 1.816964 0.054477 0.068285
v 1.887048 0.217646 0.059591
v 1.805934 0.138816 0.035719
v 1.816908 0.167368 0.037206
v 1.966267 0.193683 0.092739
v 1.983614 0.170121 0.101782
v 1.987205 0.081603 0.111802
v 1.925739 0.019544 0.093938
v 1.897417 0.014554 0.083408
v 1.823686 0.052793 0.051004
v 1.868558 0.218018 0.109147
v 1.796243 0.156291 0.087032
v 1.952599 0.183839 0.145166
v 1.964327 0.087935 0.159070
v 1.892013 0.026208 0.136955
v 1.807971 0.060387 0.100936
v 1.886628 0.170918 0.082863
v 1.847430 0.137459 0.070876
v 1.932184 0.152392 0.102388
v 1.938541 0.100406 0.109925
v 1.899342 0.066946 0.097937
v 1.853787 0.085473 0.078413
v 1.830943 -0.019226 0.322734
v 1.950495 0.082821 0.359295
v 1.931107 0.241373 0.336308
v 1.792167 0.297877 0.276760
v 1.692004 0.037278 0.263186
v 1.672616 0.195830 0.240199
vn -0.9167 -0.3347 0.2184
vn -0.2692 -0.3347 0.9031
vn 0.6475 -0.3347 0.6846
vn 0.9167 -0.3347 -0.2184
vn 0.2692 -0.3347 -0.9031
vn -0.6475 -0.3347 -0.6846
vn -0.2619 0.3988 0.8788
vn -0.8921 0.3988 0.2126
vn 0.6301 0.3988 0.6663
vn 0.8921 0.3988 -0.2126
vn 0.2619 0.3988 -0.8788
vn -0.6301 0.3988 -0.6663
vn -0.1556 0.8386 0.5220
vn -0.5299 0.8386 0.1263
vn 0.3743 0.8386 0.3957
vn 0.5299 0.8386 -0.1263
vn 0.1556 0.8386 -0.5220
vn -0.3743 0.8386 -0.3957
vn -0.1550 -0.8399 0.5202
vn -0.5280 -0.8399 0.1258
vn 0.3730 -0.8399 0.3943
vn 0.5280 -0.8399 -0.1258
vn 0.1550 -0.8399 -0.5202
vn -0.3730 -0.8399 -0.3943
vn 0.2856 -0.0000 -0.9583
vn 0.6871 -0.0000 0.7265
vn -0.9728 -0.0000 0.2318
vn -0.2856 -0.0000 0.9583
vn -0.9072 -0.0000 0.4207
vn -0.9994 -0.0000 0.0336
vn 0.8180 -0.0000 0.5753
vn 0.5288 -0.0000 0.8487
vn 0.9728 -0.0000 -0.2318
vn 0.0892 -0.0000 -0.9960
vn 0.4706 -0.0000 -0.8823
vn -0.6871 -0.0000 -0.7265
vn -0.9975 -0.0000 -0.0708
vn -0.8584 -0.0000 0.5130
vn 0.4374 -0.0000 0.8993
vn 0.8735 -0.0000 0.4868
vn 0.5601 -0.0000 -0.8285
vn -0.0151 -0.0000 -0.9999
vn -0.1310 0.8887 0.4394
vn -0.4461 0.8887 0.1063
vn 0.3151 0.8887 0.3331
vn 0.4461 0.8887 -0.1063
vn 0.1310 0.8887 -0.4394
vn -0.3151 0.8887 -0.3331
vn -0.2263 0.6100 0.7594
vn -0.7708 0.6100 0.1837
vn 0.5445 0.6100 0.5757
vn 0.7708 0.6100 -0.1837
vn 0.2263 0.6100 -0.7594
vn -0.5445 0.6100 -0.5757
vn -0.7890 -0.3268 -0.5203
vn -0.8451 -0.3268 0.4231
vn -0.0561 -0.3268 0.9434
vn 0.7890 -0.3268 0.5203
vn 0.8451 -0.3268 -0.4231
vn 0.0561 -0.3268 -0.9434
vn -0.8237 0.3893 0.4124
vn -0.7690 0.3893 -0.5071
vn -0.0547 0.3893 0.9195
vn 0.7690 0.3893 0.5071
vn 0.8237 0.3893 -0.4124
vn 0.0547 0.3893 -0.9195
vn -0.4871 0.8386 0.2439
vn -0.4547 0.8386 -0.2999
vn -0.0323 0.8386 0.5437
vn 0.4547 0.8386 0.2999
vn 0.4871 0.8386 -0.2439
vn 0.0323 0.8386 -0.5437
vn -0.4853 -0.8399 0.2430
vn -0.4531 -0.8399 -0.2988
vn -0.0322 -0.8399 0.5418
vn 0.4531 -0.8399 0.2988
vn 0.4853 -0.8399 -0.2430
vn 0.0322 -0.8399 -0.5418
vn 0.8942 -0.0000 -0.4477
vn -0.0594 -0.0000 0.9982
vn -0.8348 -0.0000 -0.5505
vn -0.8942 -0.0000 0.4477
vn -0.9277 -0.0000 -0.3734
vn -0.7086 -0.0000 -0.7056
vn 0.1404 -0.0000 0.9901
vn -0.2568 -0.0000 0.9665
vn 0.8348 -0.0000 0.5505
vn 0.7872 -0.0000 -0.6167
vn 0.9654 -0.0000 -0.2608
vn 0.0594 -0.0000 -0.9982
vn -0.6311 -0.0000 -0.7757
vn -0.9616 -0.0000 -0.2746
vn -0.3562 -0.0000 0.9344
vn 0.2429 -0.0000 0.9700
vn 0.9873 -0.0000 -0.1587
vn 0.7186 -0.0000 -0.6954
vn -0.4100 0.8887 0.2053
vn -0.3828 0.8887 -0.2524
vn -0.0272 0.8887 0.4577
vn 0.3828 0.8887 0.2524
vn 0.4100 0.8887 -0.2053
vn 0.0272 0.8887 -0.4577
vn -0.7086 0.6100 0.3548
vn -0.6615 0.6100 -0.4362
vn -0.0470 0.6100 0.7910
vn 0.6615 0.6100 0.4362
vn 0.7085 0.6100 -0.3548
vn 0.0470 0.6100 -0.7910
vn 0.8942 -0.0020 -0.4477
vn 0.8348 -0.0020 0.5505
vn -0.0594 -0.0020 0.9982
vn -0.8942 -0.0020 0.4477
vn 0.0594 -0.0020 -0.9982
vn -0.8348 -0.0020 -0.5505
vn -0.0000 -0.0259 -0.9997
vn -0.9997 -0.0259 -0.0000
vn -0.0000 -0.0259 0.9997
vn 0.9997 -0.0259 -0.0000
vn -0.0000 0.2389 -0.9710
vn -0.9710 0.2389 -0.0000
vn -0.0000 0.2389 0.9710
vn 0.9710 0.2389 -0.0000
vn -0.0000 0.3561 -0.9344
vn -0.9344 0.3561 -0.0000
vn -0.0000 0.3561 0.9344
vn 0.9344 0.3561 -0.0000
vn -0.0000 0.5774 -0.8165
vn -0.8165 0.5774 -0.0000
vn -0.0000 0.5774 0.8165
vn 0.8165 0.5773 -0.0000
vn -0.0000 0.0095 -1.0000
vn -1.0000 0.0095 -0.0000
vn 1.0000 0.0095 -0.0000
vn -0.0000 0.0095 1.0000
vn -0.0000 0.0309 -0.9995
vn 0.9995 0.0309 -0.0000
vn -0.9995 0.0309 -0.0000
vn -0.0000 0.0309 0.9995
vn -0.2750 -0.5017 -0.8202
vn -0.8325 -0.5205 -0.1898
vn -0.5498 -0.5205 0.6533
vn 0.2750 -0.5016 0.8202
vn 0.8325 -0.5205 0.1898
vn 0.5498 -0.5205 -0.6533
vn -0.3124 0.1862 -0.9315
vn -0.9618 0.1840 -0.2026
vn -0.6453 0.1840 0.7415
vn 0.3124 0.1862 0.9315
vn 0.9618 0.1840 0.2026
vn 0.6453 0.1840 -0.7415
vn -0.1193 0.9269 -0.3558
vn -0.3585 0.9296 -0.0855
vn -0.2345 0.9296 0.2844
vn 0.1193 0.9269 0.3558
vn 0.3585 0.9296 0.0855
vn 0.2345 0.9296 -0.2844
vn 0.9221 -0.3257 0.2088
vn 0.2299 -0.6557 -0.7192
vn 0.0087 -0.4623 0.8867
vn -0.7130 -0.6885 -0.1327
vn -0.2724 0.1131 0.9555
vn 0.9272 0.3716 0.0480
vn 0.0718 0.1298 -0.9889
vn -0.9844 0.0901 -0.1509
vn -0.0858 -0.0421 0.9954
vn 0.9855 0.1051 -0.1332
vn -0.2104 0.1588 -0.9646
vn -0.9972 0.0524 -0.0536
vn -0.2412 0.0846 0.9668
vn 0.8795 0.4680 0.0870
vn -0.2365 0.3641 -0.9008
vn -0.7650 0.6382 0.0864
vn 0.0693 -0.9756 0.2084
vn 0.8795 0.4679 0.0870
vn -0.2588 -0.3257 -0.9094
vn -0.7413 -0.6557 0.1430
vn 0.7740 -0.4623 -0.4327
vn 0.2253 -0.6885 0.6893
vn 0.9691 0.1131 -0.2191
vn -0.4023 0.3716 -0.8367
vn -0.9023 0.1298 0.4111
vn 0.3395 0.0901 0.9363
vn 0.9147 -0.0421 -0.4019
vn -0.5894 0.1051 -0.8010
vn -0.7457 0.1588 0.6471
vn 0.4310 0.0524 0.9008
vn 0.9641 0.0846 -0.2518
vn -0.3452 0.4679 -0.8135
vn -0.6772 0.3641 0.6394
vn 0.4426 0.6382 0.6299
vn 0.1497 -0.9756 -0.1607
vn 0.7592 -0.3257 -0.5635
vn -0.3959 -0.6557 -0.6429
vn 0.6784 -0.4623 0.5711
vn -0.5652 -0.6885 0.4545
vn 0.5475 0.1131 0.8291
vn 0.6404 0.3716 -0.6721
vn -0.7035 0.1298 -0.6987
vn -0.7558 0.0901 0.6486
vn 0.6993 -0.0421 0.7136
vn 0.5409 0.1051 -0.8345
vn -0.8689 0.1588 -0.4688
vn -0.6903 0.0524 0.7216
vn 0.5763 0.0846 0.8128
vn 0.6390 0.4680 -0.6105
vn -0.8375 0.3641 -0.4074
vn -0.4328 0.6382 0.6367
vn 0.2033 -0.9756 0.0832
vn 0.2956 -0.3257 -0.8981
vn -0.6940 -0.6557 -0.2972
vn 0.8835 -0.4623 0.0757
vn -0.1999 -0.6885 0.6971
vn 0.9253 0.1131 0.3620
vn 0.1360 0.3716 -0.9184
vn -0.9776 0.1298 -0.1655
vn -0.2438 0.0901 0.9656
vn 0.9828 -0.0421 0.1801
vn -0.0389 0.1051 -0.9937
vn -0.9803 0.1588 0.1177
vn -0.1482 0.0524 0.9876
vn 0.9395 0.0846 0.3321
vn 0.1703 0.4680 -0.8672
vn -0.9193 0.3641 0.1498
vn 0.0133 0.6382 0.7697
vn 0.2141 -0.9756 -0.0492
vn -0.6893 -0.0218 -0.7242
vn -0.6846 -0.6681 0.2915
vn 0.4136 -0.3010 -0.8593
vn 0.4075 -0.8709 0.2749
vn 0.7685 0.1776 -0.6147
vn -0.6775 0.6166 -0.4011
vn -0.5861 -0.0078 0.8102
vn 0.7370 -0.2101 0.6425
vn 0.6143 0.0881 -0.7841
vn -0.8656 0.3523 -0.3559
vn -0.3370 -0.0547 0.9399
vn 0.7956 -0.2346 0.5586
vn 0.7449 0.1609 -0.6474
vn -0.6023 0.7008 -0.3823
vn -0.2495 0.1425 0.9578
vn 0.7707 0.4068 0.4904
vn -0.0882 -0.8746 -0.4768
vn -0.4372 -0.8898 -0.1308
vn -0.3088 -0.0179 -0.9509
vn -0.7893 -0.0879 0.6077
vn -0.5270 0.8132 -0.2469
vn -0.2793 0.0961 0.9554
vn 0.2621 -0.9650 0.0015
vn 0.5255 0.0717 -0.8478
vn 0.2030 0.9739 0.1017
vn -0.4478 -0.0712 0.8913
vn 0.0924 -0.9560 -0.2785
vn 0.5584 0.3395 -0.7569
vn 0.1290 0.9758 0.1764
vn -0.3117 0.0678 0.9478
vn 0.3361 -0.9380 0.0844
vn 0.7196 0.3264 -0.6129
vn 0.5883 0.6454 0.4871
vn -0.9759 0.0333 -0.2155
vn -0.5987 0.2957 -0.7444
vn -0.5803 -0.7855 -0.2152
vn 0.5441 0.2415 -0.8035
vn 0.5266 -0.8389 -0.1375
vn 0.7820 0.5511 -0.2912
vn -0.7331 0.6643 -0.1459
vn -0.6531 -0.4931 0.5747
vn 0.6948 -0.4433 0.5663
vn 0.6639 0.5498 -0.5069
vn -0.8746 0.3989 -0.2755
vn -0.4139 -0.5763 0.7047
vn 0.7649 -0.4138 0.4937
vn 0.7651 0.5520 -0.3315
vn -0.6763 0.7329 -0.0740
vn -0.3651 -0.4108 0.8354
vn 0.6332 0.1606 0.7572
vn 0.1169 -0.4942 -0.8615
vn -0.7994 -0.3347 0.4989
vn 0.0324 -0.3347 0.9418
vn 0.8318 -0.3347 0.4428
vn 0.7994 -0.3347 -0.4989
vn -0.0324 -0.3347 -0.9418
vn -0.8318 -0.3347 -0.4428
vn 0.0315 0.3988 0.9165
vn -0.7779 0.3988 0.4855
vn 0.8095 0.3988 0.4310
vn 0.7779 0.3988 -0.4855
vn -0.0315 0.3988 -0.9165
vn -0.8095 0.3988 -0.4310
vn 0.0187 0.8386 0.5444
vn -0.4621 0.8386 0.2884
vn 0.4808 0.8386 0.2560
vn 0.4621 0.8386 -0.2884
vn -0.0187 0.8386 -0.5444
vn -0.4808 0.8386 -0.2560
vn 0.0187 -0.8399 0.5425
vn -0.4605 -0.8399 0.2874
vn 0.4791 -0.8399 0.2551
vn 0.4605 -0.8399 -0.2874
vn -0.0187 -0.8399 -0.5425
vn -0.4791 -0.8399 -0.2551
vn -0.0344 -0.0000 -0.9994
vn 0.8827 -0.0000 0.4699
vn -0.8483 -0.0000 0.5295
vn 0.0344 -0.0000 0.9994
vn -0.7260 -0.0000 0.6877
vn -0.9367 -0.0000 0.3501
vn 0.9586 -0.0000 0.2849
vn 0.7715 -0.0000 0.6362
vn 0.8483 -0.0000 -0.5295
vn -0.2325 -0.0000 -0.9726
vn 0.1652 -0.0000 -0.9863
vn -0.8827 -0.0000 -0.4699
vn -0.9681 -0.0000 0.2505
vn -0.6503 -0.0000 0.7596
vn 0.7010 -0.0000 0.7132
vn 0.9830 -0.0000 0.1834
vn 0.2671 -0.0000 -0.9637
vn -0.3327 -0.0000 -0.9430
vn 0.0158 0.8887 0.4583
vn -0.3890 0.8887 0.2428
vn 0.4048 0.8887 0.2155
vn 0.3890 0.8887 -0.2428
vn -0.0158 0.8887 -0.4583
vn -0.4048 0.8887 -0.2155
vn 0.0272 0.6100 0.7919
vn -0.6722 0.6100 0.4196
vn 0.6995 0.6100 0.3724
vn 0.6722 0.6100 -0.4196
vn -0.0272 0.6100 -0.7919
vn -0.6995 0.6100 -0.3724
vn -0.9262 -0.3347 -0.1736
vn -0.6134 -0.3347 0.7153
vn 0.3128 -0.3347 0.8889
vn 0.9262 -0.3347 0.1736
vn 0.6134 -0.3347 -0.7153
vn -0.3128 -0.3347 -0.8889
vn -0.5970 0.3988 0.6961
vn -0.9013 0.3988 -0.1689
vn 0.3044 0.3988 0.8650
vn 0.9013 0.3988 0.1689
vn 0.5970 0.3988 -0.6961
vn -0.3044 0.3988 -0.8650
vn -0.3546 0.8386 0.4135
vn -0.5354 0.8386 -0.1003
vn 0.1808 0.8386 0.5138
vn 0.5354 0.8386 0.1003
vn 0.3546 0.8386 -0.4135
vn -0.1808 0.8386 -0.5138
vn -0.3533 -0.8399 0.4120
vn -0.5335 -0.8399 -0.1000
vn 0.1802 -0.8399 0.5120
vn 0.5335 -0.8399 0.1000
vn 0.3533 -0.8399 -0.4120
vn -0.1802 -0.8399 -0.5120
vn 0.6510 -0.0000 -0.7591
vn 0.3319 -0.0000 0.9433
vn -0.9829 -0.0000 -0.1842
vn -0.6510 -0.0000 0.7591
vn -0.9999 -0.0000 0.0151
vn -0.9266 -0.0000 -0.3761
vn 0.5130 -0.0000 0.8584
vn 0.1376 -0.0000 0.9905
vn 0.9829 -0.0000 0.1842
vn 0.4869 -0.0000 -0.8735
vn 0.7890 -0.0000 -0.6144
vn -0.3319 -0.0000 -0.9433
vn -0.8823 -0.0000 -0.4707
vn -0.9929 -0.0000 0.1193
vn 0.0336 -0.0000 0.9994
vn 0.5997 -0.0000 0.8002
vn 0.8488 -0.0000 -0.5288
vn 0.3932 -0.0000 -0.9195
vn -0.2985 0.8887 0.3481
vn -0.4507 0.8887 -0.0845
vn 0.1522 0.8887 0.4325
vn 0.4507 0.8887 0.0845
vn 0.2985 0.8887 -0.3481
vn -0.1522 0.8887 -0.4325
vn -0.5158 0.6100 0.6015
vn -0.7788 0.6100 -0.1460
vn 0.2630 0.6100 0.7475
vn 0.7788 0.6100 0.1460
vn 0.5158 0.6100 -0.6015
vn -0.2630 0.6100 -0.7475
vn -0.8987 -0.3347 -0.2834
vn -0.6948 -0.3347 0.6366
vn 0.2039 -0.3347 0.9200
vn 0.8987 -0.3347 0.2834
vn 0.6948 -0.3347 -0.6366
vn -0.2039 -0.3347 -0.9200
vn -0.6761 0.3988 0.6195
vn -0.8746 0.3988 -0.2758
vn 0.1985 0.3988 0.8953
vn 0.8746 0.3988 0.2758
vn 0.6761 0.3988 -0.6195
vn -0.1985 0.3988 -0.8953
vn -0.4016 0.8386 0.3680
vn -0.5195 0.8386 -0.1638
vn 0.1179 0.8386 0.5318
vn 0.5195 0.8386 0.1638
vn 0.4016 0.8386 -0.3680
vn -0.1179 0.8386 -0.5318
vn -0.4002 -0.8399 0.3667
vn -0.5177 -0.8399 -0.1632
vn 0.1175 -0.8399 0.5299
vn 0.5176 -0.8399 0.1632
vn 0.4002 -0.8399 -0.3667
vn -0.1175 -0.8399 -0.5299
vn 0.7373 -0.0000 -0.6756
vn 0.2164 -0.0000 0.9763
vn -0.9537 -0.0000 -0.3007
vn -0.7373 -0.0000 0.6756
vn -0.9945 -0.0000 -0.1049
vn -0.8748 -0.0000 -0.4845
vn 0.4064 -0.0000 0.9137
vn 0.0178 -0.0000 0.9998
vn 0.9537 -0.0000 0.3007
vn 0.5881 -0.0000 -0.8088
vn 0.8570 -0.0000 -0.5154
vn -0.2164 -0.0000 -0.9763
vn -0.8195 -0.0000 -0.5731
vn -1.0000 -0.0000 -0.0007
vn -0.0865 -0.0000 0.9962
vn 0.4994 -0.0000 0.8664
vn 0.9060 -0.0000 -0.4232
vn 0.5006 -0.0000 -0.8657
vn -0.3381 0.8887 0.3098
vn -0.4373 0.8887 -0.1379
vn 0.0992 0.8887 0.4477
vn 0.4373 0.8887 0.1379
vn 0.3381 0.8887 -0.3098
vn -0.0992 0.8887 -0.4477
vn -0.5842 0.6100 0.5353
vn -0.7557 0.6100 -0.2383
vn 0.1715 0.6100 0.7736
vn 0.7557 0.6100 0.2383
vn 0.5842 0.6100 -0.5353
vn -0.1715 0.6100 -0.7736
vn -0.5433 -0.3347 -0.7699
vn -0.9384 -0.3347 0.0856
vn -0.3951 -0.3347 0.8555
vn 0.5433 -0.3347 0.7699
vn 0.9384 -0.3347 -0.0856
vn 0.3951 -0.3347 -0.8555
vn -0.9132 0.3988 0.0833
vn -0.5287 0.3988 -0.7493
vn -0.3845 0.3988 0.8325
vn 0.5287 0.3988 0.7493
vn 0.9132 0.3988 -0.0833
vn 0.3845 0.3988 -0.8325
vn -0.5425 0.8386 0.0495
vn -0.3141 0.8386 -0.4450
vn -0.2284 0.8386 0.4945
vn 0.3141 0.8386 0.4450
vn 0.5425 0.8386 -0.0495
vn 0.2284 0.8386 -0.4945
vn -0.5405 -0.8399 0.0493
vn -0.3130 -0.8399 -0.4435
vn -0.2276 -0.8399 0.4928
vn 0.3130 -0.8399 0.4435
vn 0.5405 -0.8399 -0.0493
vn 0.2276 -0.8399 -0.4928
vn 0.9959 -0.0000 -0.0908
vn -0.4193 -0.0000 0.9079
vn -0.5766 -0.0000 -0.8170
vn -0.9959 -0.0000 0.0908
vn -0.7276 -0.0000 -0.6860
vn -0.4025 -0.0000 -0.9154
vn -0.2303 -0.0000 0.9731
vn -0.5915 -0.0000 0.8063
vn 0.5766 -0.0000 0.8170
vn 0.9579 -0.0000 -0.2871
vn 0.9940 -0.0000 0.1091
vn 0.4193 -0.0000 -0.9079
vn -0.3048 -0.0000 -0.9524
vn -0.7952 -0.0000 -0.6064
vn -0.6724 -0.0000 0.7402
vn -0.1275 -0.0000 0.9918
vn 0.9772 -0.0000 0.2122
vn 0.9227 -0.0000 -0.3855
vn -0.4566 0.8887 0.0416
vn -0.2644 0.8887 -0.3746
vn -0.1923 0.8887 0.4163
vn 0.2644 0.8887 0.3746
vn 0.4566 0.8887 -0.0416
vn 0.1923 0.8887 -0.4163
vn -0.7891 0.6100 0.0720
vn -0.4569 0.6100 -0.6474
vn -0.3322 0.6100 0.7194
vn 0.4569 0.6100 0.6474
vn 0.7891 0.6100 -0.0720
vn 0.3322 0.6100 -0.7194
vn -0.6504 -0.3347 -0.6818
vn -0.9157 -0.3347 0.2224
vn -0.2653 -0.3347 0.9042
vn 0.6504 -0.3347 0.6818
vn 0.9157 -0.3347 -0.2224
vn 0.2653 -0.3347 -0.9042
vn -0.8911 0.3988 0.2164
vn -0.6330 0.3988 -0.6636
vn -0.2582 0.3988 0.8799
vn 0.6330 0.3988 0.6636
vn 0.8911 0.3988 -0.2164
vn 0.2582 0.3988 -0.8799
vn -0.5293 0.8386 0.1285
vn -0.3760 0.8386 -0.3941
vn -0.1533 0.8386 0.5227
vn 0.3760 0.8386 0.3941
vn 0.5293 0.8386 -0.1285
vn 0.1533 0.8386 -0.5227
vn -0.5274 -0.8399 0.1281
vn -0.3746 -0.8399 -0.3927
vn -0.1528 -0.8399 0.5208
vn 0.3746 -0.8399 0.3927
vn 0.5274 -0.8399 -0.1281
vn 0.1528 -0.8399 -0.5208
vn 0.9718 -0.0000 -0.2360
vn -0.2815 -0.0000 0.9596
vn -0.6902 -0.0000 -0.7236
vn -0.9718 -0.0000 0.2360
vn -0.8204 -0.0000 -0.5718
vn -0.5325 -0.0000 -0.8465
vn -0.0850 -0.0000 0.9964
vn -0.4668 -0.0000 0.8844
vn 0.6902 -0.0000 0.7236
vn 0.9054 -0.0000 -0.4246
vn 0.9993 -0.0000 -0.0379
vn 0.2815 -0.0000 -0.9596
vn -0.4413 -0.0000 -0.8974
vn -0.8756 -0.0000 -0.4831
vn -0.5565 -0.0000 0.8308
vn 0.0194 -0.0000 0.9998
vn 0.9978 -0.0000 0.0665
vn 0.8562 -0.0000 -0.5167
vn -0.4456 0.8887 0.1082
vn -0.3165 0.8887 -0.3318
vn -0.1291 0.8887 0.4400
vn 0.3165 0.8887 0.3318
vn 0.4456 0.8887 -0.1082
vn 0.1291 0.8887 -0.4400
vn -0.7700 0.6100 0.1870
vn -0.5469 0.6100 -0.5734
vn -0.2231 0.6100 0.7604
vn 0.5469 0.6100 0.5734
vn 0.7700 0.6100 -0.1870
vn 0.2231 0.6100 -0.7604
vn -0.9321 0.3602 -0.0370
vn -0.2341 0.9561 0.1764
vn 0.5772 0.6261 0.5242
vn 0.6905 -0.2997 0.6584
vn -0.0076 -0.8956 0.4449
vn -0.8189 -0.5656 0.0972
vn 0.0338 0.8649 -0.5008
vn -0.6455 0.2850 -0.7085
vn 0.8233 0.5438 -0.1624
vn 0.9335 -0.3571 -0.0318
vn 0.2542 -0.9370 -0.2395
vn -0.5354 -0.6159 -0.5779
vn 0.2373 0.4593 -0.8560
vn -0.1662 0.1149 -0.9794
vn 0.7063 0.2686 -0.6550
vn 0.7717 -0.2665 -0.5774
vn 0.3682 -0.6110 -0.7008
vn -0.1008 -0.4203 -0.9018
vn -0.3684 0.6092 0.7022
vn -0.7705 0.2660 0.5793
vn 0.0989 0.4192 0.9025
vn 0.1641 -0.1141 0.9798
vn -0.2380 -0.4573 0.8569
vn -0.7053 -0.2673 0.6566
vn 0.1201 -0.9825 0.1424
vn 0.7408 0.6323 0.2266
vn -0.8610 0.3501 -0.3690
vn -0.1201 0.9825 -0.1424
vn -0.7724 0.5286 -0.3520
vn -0.9150 0.1576 -0.3713
vn 0.8387 0.4666 0.2808
vn 0.6133 0.7728 0.1633
vn 0.8610 -0.3501 0.3690
vn -0.0663 -0.9953 0.0712
vn 0.3017 -0.9304 0.2080
vn -0.7408 -0.6323 -0.2266
vn -0.9288 0.0542 -0.3666
vn -0.7137 0.6138 -0.3374
vn 0.5367 0.8341 0.1275
vn 0.8767 0.3723 0.3047
vn 0.3921 -0.8883 0.2391
vn -0.1629 -0.9861 0.0327
vn 0.2657 0.3702 -0.8901
vn -0.0739 0.0802 -0.9940
vn 0.6605 0.2096 -0.7209
vn 0.7156 -0.2409 -0.6556
vn 0.3759 -0.5309 -0.7595
vn -0.0189 -0.3703 -0.9287
vn 0.1250 0.7234 -0.6790
vn -0.4620 0.2223 -0.8586
vn 0.8073 0.4459 -0.3867
vn 0.9025 -0.3326 -0.2738
vn 0.3154 -0.8337 -0.4533
vn -0.3668 -0.5562 -0.7457
vt 0.844084 0.109832
vt 0.891133 0.109832
vt 0.888397 0.115607
vt 0.845706 0.115607
vt 0.890848 0.019179
vt 0.843799 0.019179
vt 0.849769 0.004251
vt 0.880471 0.004251
vt 0.409560 0.049263
vt 0.363827 0.050872
vt 0.366826 0.005742
vt 0.409219 0.004251
vt 0.834075 0.065081
vt 0.782766 0.065081
vt 0.784732 0.019700
vt 0.832293 0.019700
vt 0.893333 0.064438
vt 0.842576 0.064438
vt 0.452634 0.050872
vt 0.449146 0.005742
vt 0.051629 0.421330
vt 0.004251 0.422607
vt 0.006944 0.377419
vt 0.050861 0.376236
vt 0.092447 0.422607
vt 0.088698 0.377419
vt 0.777882 0.148799
vt 0.777882 0.132157
vt 0.789071 0.132122
vt 0.789071 0.148764
vt 0.561199 0.536114
vt 0.561199 0.583705
vt 0.546852 0.575420
vt 0.546852 0.544364
vt 0.478768 0.536114
vt 0.519983 0.512318
vt 0.519957 0.528837
vt 0.493062 0.544364
vt 0.478768 0.583705
vt 0.493062 0.575420
vt 0.519984 0.607501
vt 0.519957 0.590948
vt 0.793503 0.004251
vt 0.824539 0.004251
vt 0.387835 0.769684
vt 0.387835 0.726618
vt 0.425018 0.704791
vt 0.462201 0.726029
vt 0.462201 0.769095
vt 0.425018 0.790923
vt 0.409514 0.094745
vt 0.449441 0.096237
vt 0.445533 0.102060
vt 0.409304 0.100707
vt 0.007521 0.467980
vt 0.051438 0.466797
vt 0.050911 0.472706
vt 0.011062 0.473780
vt 0.089275 0.467980
vt 0.085243 0.473780
vt 0.367121 0.096237
vt 0.370838 0.102060
vt 0.784783 0.110362
vt 0.832344 0.110362
vt 0.830282 0.115999
vt 0.787126 0.115999
vt 0.219494 0.934722
vt 0.219494 0.944385
vt 0.199837 0.944511
vt 0.199837 0.934847
vt 0.974584 0.812570
vt 0.974517 0.820827
vt 0.954839 0.820858
vt 0.954905 0.812601
vt 0.984353 0.237839
vt 0.978431 0.237847
vt 0.978546 0.230239
vt 0.984468 0.230231
vt 0.980440 0.820817
vt 0.980507 0.812561
vt 0.225410 0.944348
vt 0.225410 0.934684
vt 0.218686 0.909583
vt 0.224602 0.909545
vt 0.974584 0.849156
vt 0.980507 0.849146
vt 0.218686 0.965375
vt 0.224602 0.965337
vt 0.081038 0.597627
vt 0.081791 0.572593
vt 0.087703 0.572574
vt 0.086950 0.597608
vt 0.081038 0.546314
vt 0.086950 0.546294
vt 0.978546 0.201934
vt 0.984468 0.201926
vt 0.958754 0.237873
vt 0.958869 0.230265
vt 0.519957 0.543058
vt 0.505378 0.551475
vt 0.534536 0.551475
vt 0.534536 0.568309
vt 0.519957 0.576726
vt 0.505378 0.568309
vt 0.674890 0.945395
vt 0.674890 0.962229
vt 0.660312 0.970646
vt 0.645733 0.962229
vt 0.645733 0.945395
vt 0.660312 0.936978
vt 0.539379 0.981394
vt 0.539906 0.967271
vt 0.551076 0.967235
vt 0.550549 0.981358
vt 0.141941 0.974007
vt 0.141522 0.958473
vt 0.152700 0.958402
vt 0.153119 0.973936
vt 0.141522 0.987391
vt 0.152700 0.987319
vt 0.539379 0.952276
vt 0.550549 0.952240
vt 0.285542 0.139676
vt 0.285542 0.122853
vt 0.296732 0.122847
vt 0.296732 0.139670
vt 0.007138 0.255865
vt 0.043501 0.254352
vt 0.044216 0.260317
vt 0.011221 0.261690
vt 0.638660 0.075638
vt 0.597444 0.099434
vt 0.597414 0.082887
vt 0.624309 0.067360
vt 0.091774 0.198974
vt 0.043479 0.197341
vt 0.044823 0.137088
vt 0.089591 0.138601
vt 0.045881 0.064605
vt 0.004251 0.065878
vt 0.007977 0.005431
vt 0.046567 0.004251
vt 0.004251 0.198974
vt 0.008460 0.138601
vt 0.528300 0.692118
vt 0.478768 0.692118
vt 0.481177 0.631459
vt 0.527091 0.631459
vt 0.092718 0.065878
vt 0.089982 0.005431
vt 0.705379 0.232766
vt 0.654197 0.232766
vt 0.656422 0.172231
vt 0.703865 0.172231
vt 0.112388 0.974363
vt 0.112924 0.987225
vt 0.101754 0.987099
vt 0.101219 0.974237
vt 0.492858 0.616003
vt 0.522819 0.616003
vt 0.556229 0.075638
vt 0.556229 0.028047
vt 0.570519 0.036304
vt 0.570519 0.067360
vt 0.665821 0.157301
vt 0.696779 0.157301
vt 0.638660 0.028046
vt 0.624309 0.036304
vt 0.597444 0.004251
vt 0.597414 0.020776
vt 0.815005 0.355932
vt 0.852373 0.377543
vt 0.852373 0.420396
vt 0.815005 0.441638
vt 0.777637 0.420027
vt 0.777637 0.377174
vt 0.481671 0.748946
vt 0.527585 0.748946
vt 0.526487 0.754581
vt 0.484826 0.754581
vt 0.045975 0.121608
vt 0.089391 0.122788
vt 0.085787 0.128587
vt 0.046393 0.127516
vt 0.656230 0.289708
vt 0.703673 0.289708
vt 0.701768 0.295482
vt 0.658720 0.295482
vt 0.088269 0.255865
vt 0.084836 0.261690
vt 0.007385 0.122788
vt 0.011378 0.128587
vt 0.083701 0.945514
vt 0.083814 0.953540
vt 0.064138 0.953540
vt 0.064024 0.945514
vt 0.978432 0.183941
vt 0.978500 0.193364
vt 0.958822 0.193425
vt 0.958754 0.184003
vt 0.233911 0.935301
vt 0.239823 0.935368
vt 0.239823 0.944957
vt 0.233911 0.944891
vt 0.984423 0.193345
vt 0.984355 0.183923
vt 0.089737 0.953540
vt 0.089623 0.945514
vt 0.551355 0.801170
vt 0.550759 0.827948
vt 0.544843 0.827918
vt 0.545439 0.801141
vt 0.551355 0.852288
vt 0.545439 0.852258
vt 0.083810 0.981904
vt 0.089733 0.981904
vt 0.978500 0.157319
vt 0.984423 0.157300
vt 0.240855 0.909612
vt 0.234944 0.909545
vt 0.240855 0.964978
vt 0.234944 0.964912
vt 0.259464 0.935589
vt 0.259464 0.945179
vt 0.582836 0.043415
vt 0.582836 0.060249
vt 0.597414 0.034998
vt 0.611993 0.043415
vt 0.611993 0.060249
vt 0.597414 0.068666
vt 0.444774 0.118979
vt 0.459353 0.110562
vt 0.473931 0.118979
vt 0.473931 0.135813
vt 0.459353 0.144230
vt 0.444774 0.135813
vt 0.798968 0.627597
vt 0.798968 0.611357
vt 0.810159 0.611310
vt 0.810159 0.627550
vt 0.765955 0.957003
vt 0.765538 0.972360
vt 0.754360 0.972304
vt 0.754777 0.956947
vt 0.742932 0.479497
vt 0.742932 0.496278
vt 0.731743 0.496260
vt 0.731743 0.479478
vt 0.112924 0.958528
vt 0.101754 0.958402
vt 0.765955 0.986010
vt 0.754777 0.985954
vt 0.550277 0.649446
vt 0.538443 0.649510
vt 0.537245 0.630365
vt 0.550853 0.630292
vt 0.281766 0.859461
vt 0.270485 0.859818
vt 0.269227 0.840694
vt 0.282199 0.840284
vt 0.188783 0.824666
vt 0.177065 0.824889
vt 0.175853 0.805750
vt 0.189327 0.805494
vt 0.550924 0.760480
vt 0.540229 0.760425
vt 0.538796 0.741305
vt 0.551094 0.741368
vt 0.276153 0.830831
vt 0.280194 0.830703
vt 0.182611 0.795883
vt 0.186807 0.795803
vt 0.545797 0.731221
vt 0.549628 0.731241
vt 0.543945 0.620419
vt 0.548184 0.620396
vt 0.545775 0.726828
vt 0.549606 0.726847
vt 0.543960 0.616025
vt 0.548199 0.616002
vt 0.276164 0.826445
vt 0.280205 0.826318
vt 0.182624 0.791494
vt 0.186821 0.791414
vt 0.203232 0.383298
vt 0.203232 0.387900
vt 0.198629 0.387900
vt 0.198629 0.383298
vt 0.551356 0.779514
vt 0.538656 0.779448
vt 0.189327 0.843578
vt 0.175413 0.843843
vt 0.282199 0.878335
vt 0.268804 0.878758
vt 0.550853 0.668424
vt 0.536801 0.668499
vt 0.550680 0.681559
vt 0.537073 0.681632
vt 0.282070 0.891461
vt 0.269098 0.891871
vt 0.189164 0.856709
vt 0.175690 0.856966
vt 0.551356 0.792639
vt 0.539057 0.792576
vt 0.181398 0.717551
vt 0.189704 0.716925
vt 0.189937 0.746396
vt 0.181593 0.742250
vt 0.081038 0.486636
vt 0.089469 0.482281
vt 0.089779 0.510960
vt 0.081298 0.510672
vt 0.089469 0.537793
vt 0.081038 0.533161
vt 0.181593 0.696005
vt 0.189937 0.691217
vt 0.615641 0.967264
vt 0.624236 0.964994
vt 0.624236 0.994995
vt 0.615641 0.992408
vt 0.342346 0.988499
vt 0.333698 0.991077
vt 0.333698 0.961073
vt 0.342346 0.963354
vt 0.816399 0.886847
vt 0.816409 0.894221
vt 0.795431 0.905546
vt 0.788590 0.901859
vt 0.788590 0.931884
vt 0.795431 0.928196
vt 0.816409 0.939521
vt 0.816399 0.946896
vt 0.844208 0.931884
vt 0.837388 0.928196
vt 0.837388 0.905546
vt 0.844208 0.901859
vt 0.857585 0.460052
vt 0.905199 0.454347
vt 0.872884 0.481740
vt 0.647126 0.550647
vt 0.683766 0.534817
vt 0.696815 0.541419
vt 0.686711 0.638650
vt 0.647126 0.609401
vt 0.705211 0.581903
vt 0.628677 0.602930
vt 0.590312 0.616485
vt 0.569700 0.572326
vt 0.638625 0.555954
vt 0.770776 0.612206
vt 0.727893 0.627362
vt 0.713712 0.588726
vt 0.770776 0.556038
vt 0.689210 0.928476
vt 0.647169 0.922289
vt 0.645733 0.859084
vt 0.697503 0.879221
vt 0.749554 0.531917
vt 0.732962 0.539348
vt 0.721720 0.536622
vt 0.744207 0.512318
vt 0.588940 0.525248
vt 0.610685 0.521201
vt 0.982689 0.609066
vt 0.963647 0.581264
vt 0.982689 0.567240
vt 0.913701 0.454347
vt 0.944371 0.454378
vt 0.953282 0.483303
vt 0.828778 0.969759
vt 0.826759 0.986983
vt 0.812562 0.993683
vt 0.812562 0.955397
vt 0.682979 0.512318
vt 0.702004 0.531232
vt 0.569700 0.512318
vt 0.614324 0.513827
vt 0.913701 0.501086
vt 0.697503 0.842481
vt 0.902197 0.503816
vt 0.859539 0.503816
vt 0.623697 0.623681
vt 0.777637 0.455845
vt 0.825252 0.450139
vt 0.792937 0.477532
vt 0.647161 0.042580
vt 0.683801 0.026750
vt 0.696850 0.033352
vt 0.686746 0.130582
vt 0.647161 0.101334
vt 0.705246 0.073836
vt 0.635748 0.247913
vt 0.597383 0.261468
vt 0.576771 0.217308
vt 0.645696 0.200937
vt 0.769136 0.455821
vt 0.726253 0.470977
vt 0.712071 0.432341
vt 0.769136 0.399653
vt 0.945311 0.090246
vt 0.903270 0.084058
vt 0.901835 0.020853
vt 0.953605 0.040991
vt 0.747914 0.375531
vt 0.731321 0.382963
vt 0.720080 0.380237
vt 0.742567 0.355932
vt 0.596011 0.170231
vt 0.617757 0.166184
vt 0.055350 0.953731
vt 0.036309 0.925929
vt 0.055350 0.911905
vt 0.294009 0.905833
vt 0.324679 0.905864
vt 0.333590 0.934790
vt 0.285020 0.970603
vt 0.283001 0.987827
vt 0.268804 0.994527
vt 0.268804 0.956241
vt 0.683014 0.004251
vt 0.702039 0.023165
vt 0.576771 0.157301
vt 0.621395 0.158810
vt 0.294009 0.952572
vt 0.953605 0.004251
vt 0.822250 0.499609
vt 0.779592 0.499609
vt 0.630768 0.268664
vt 0.482615 0.942612
vt 0.478768 0.883332
vt 0.505560 0.925770
vt 0.111948 0.065637
vt 0.127694 0.029628
vt 0.145434 0.033891
vt 0.141902 0.148799
vt 0.101219 0.129016
vt 0.176384 0.082791
vt 0.105702 0.942440
vt 0.101219 0.906290
vt 0.156989 0.879657
vt 0.156989 0.949900
vt 0.244899 0.710929
vt 0.199837 0.723415
vt 0.211180 0.667039
vt 0.262969 0.637625
vt 0.751199 0.272674
vt 0.713880 0.270326
vt 0.713880 0.192364
vt 0.769381 0.214692
vt 0.114949 0.028618
vt 0.101219 0.018349
vt 0.125928 0.004251
vt 0.284962 0.689166
vt 0.271470 0.626285
vt 0.284962 0.612192
vt 0.199837 0.619005
vt 0.217558 0.612192
vt 0.004251 0.911905
vt 0.027807 0.946195
vt 0.004251 0.963614
vt 0.728834 0.890541
vt 0.766787 0.890553
vt 0.777925 0.926364
vt 0.634663 0.926040
vt 0.631265 0.953284
vt 0.615641 0.956492
vt 0.615641 0.903078
vt 0.158976 0.022886
vt 0.969514 0.036233
vt 0.962106 0.015490
vt 0.983966 0.004251
vt 0.983966 0.044889
vt 0.728834 0.948446
vt 0.912408 0.744498
vt 0.912408 0.647151
vt 0.944878 0.710246
vt 0.740509 0.157301
vt 0.537412 0.891214
vt 0.537412 0.943738
vt 0.901835 0.102260
vt 0.949096 0.098748
vt 0.914710 0.123107
vt 0.713747 0.053581
vt 0.722789 0.023627
vt 0.738451 0.022884
vt 0.768551 0.112898
vt 0.726753 0.106100
vt 0.774265 0.052946
vt 0.247973 0.387957
vt 0.212350 0.367985
vt 0.223829 0.320655
vt 0.285507 0.363131
vt 0.773024 0.747462
vt 0.728834 0.762182
vt 0.729283 0.721026
vt 0.784379 0.689722
vt 0.891033 0.860373
vt 0.852709 0.853599
vt 0.852709 0.789818
vt 0.905603 0.813914
vt 0.751887 0.667643
vt 0.734584 0.674928
vt 0.728834 0.671073
vt 0.752003 0.647151
vt 0.253474 0.297409
vt 0.272074 0.311533
vt 0.963663 0.512318
vt 0.982573 0.539871
vt 0.963663 0.553803
vt 0.915808 0.567239
vt 0.946259 0.567252
vt 0.955145 0.595992
vt 0.284305 0.918737
vt 0.281680 0.942240
vt 0.268804 0.947739
vt 0.268804 0.900373
vt 0.713747 0.004251
vt 0.744653 0.010842
vt 0.258482 0.277559
vt 0.285507 0.311523
vt 0.915808 0.613656
vt 0.888347 0.767400
vt 0.943231 0.147271
vt 0.901835 0.146195
vt 0.218203 0.393650
vt 0.607140 0.947124
vt 0.559857 0.951045
vt 0.594177 0.927799
vt 0.644186 0.394849
vt 0.679025 0.378254
vt 0.692632 0.384554
vt 0.684509 0.481316
vt 0.644186 0.453117
vt 0.703570 0.424674
vt 0.548853 0.352107
vt 0.508547 0.366809
vt 0.487085 0.324325
vt 0.559977 0.305229
vt 0.834500 0.256318
vt 0.792394 0.269033
vt 0.777882 0.232529
vt 0.834500 0.202660
vt 0.903651 0.444684
vt 0.860875 0.435383
vt 0.860875 0.371275
vt 0.914714 0.396526
vt 0.815265 0.176040
vt 0.798962 0.182475
vt 0.787503 0.180119
vt 0.809894 0.157301
vt 0.504881 0.280015
vt 0.527833 0.275126
vt 0.964390 0.264135
vt 0.983290 0.291649
vt 0.964390 0.305597
vt 0.915808 0.512318
vt 0.946248 0.512324
vt 0.955162 0.541056
vt 0.982111 0.883948
vt 0.979816 0.903705
vt 0.966124 0.911288
vt 0.966124 0.868874
vt 0.677809 0.355932
vt 0.698389 0.374374
vt 0.487085 0.265774
vt 0.533033 0.266444
vt 0.915808 0.558738
vt 0.911170 0.355932
vt 0.565678 0.903178
vt 0.607140 0.903078
vt 0.540635 0.375467
vt 0.684467 0.344575
vt 0.644186 0.347431
vt 0.676400 0.326468
vt 0.843002 0.308951
vt 0.858753 0.276739
vt 0.872955 0.276841
vt 0.901782 0.347363
vt 0.860042 0.344724
vt 0.901782 0.306471
vt 0.799020 0.331213
vt 0.796578 0.294233
vt 0.831824 0.277534
vt 0.831824 0.345423
vt 0.428552 0.887643
vt 0.389267 0.901277
vt 0.387835 0.865153
vt 0.437060 0.836653
vt 0.937663 0.238323
vt 0.902313 0.230116
vt 0.902313 0.173189
vt 0.950253 0.196635
vt 0.408915 0.817439
vt 0.393566 0.824119
vt 0.387835 0.820888
vt 0.408288 0.799424
vt 0.914104 0.767400
vt 0.946337 0.792202
vt 0.946068 0.812948
vt 0.964390 0.314098
vt 0.982140 0.339021
vt 0.964390 0.345490
vt 0.398614 0.119365
vt 0.393875 0.146130
vt 0.364397 0.146130
vt 0.720003 0.858350
vt 0.717867 0.879044
vt 0.706004 0.884606
vt 0.706004 0.842481
vt 0.724720 0.126694
vt 0.723907 0.140873
vt 0.713747 0.147527
vt 0.713747 0.121399
vt 0.793835 0.989392
vt 0.788590 0.968837
vt 0.804061 0.955397
vt 0.804061 0.995749
vt 0.363827 0.110562
vt 0.914104 0.834804
vt 0.936905 0.157300
vt 0.650828 0.304783
vt 0.684467 0.305731
vt 0.777882 0.314157
vt 0.064024 0.833718
vt 0.092539 0.806984
vt 0.092539 0.844937
vt 0.852709 0.868874
vt 0.885587 0.881544
vt 0.882774 0.895289
vt 0.568479 0.365253
vt 0.578216 0.333028
vt 0.634005 0.327011
vt 0.631247 0.375467
vt 0.756334 0.292197
vt 0.760246 0.325012
vt 0.713880 0.343537
vt 0.713880 0.281175
vt 0.568479 0.302543
vt 0.608642 0.281570
vt 0.101219 0.815352
vt 0.137009 0.822575
vt 0.166912 0.871156
vt 0.109969 0.856923
vt 0.360938 0.941167
vt 0.353087 0.930945
vt 0.354108 0.917181
vt 0.378870 0.929405
vt 0.260303 0.901044
vt 0.215863 0.893216
vt 0.216377 0.872767
vt 0.199837 0.826318
vt 0.259932 0.837020
vt 0.199837 0.866600
vt 0.852709 0.931230
vt 0.902599 0.907902
vt 0.962106 0.053391
vt 0.981574 0.076365
vt 0.962106 0.086683
vt 0.833753 0.480885
vt 0.834289 0.457590
vt 0.848074 0.450139
vt 0.848074 0.495305
vt 0.364387 0.954463
vt 0.378870 0.959203
vt 0.525015 0.957242
vt 0.530878 0.977266
vt 0.512936 0.990207
vt 0.512936 0.952240
vt 0.574390 0.148497
vt 0.556229 0.107935
vt 0.591844 0.107935
vt 0.904980 0.951694
vt 0.125223 0.791414
vt 0.076338 0.872267
vt 0.166912 0.799356
vt 0.493860 0.484215
vt 0.547950 0.459475
vt 0.521293 0.503816
vt 0.910283 0.264135
vt 0.955888 0.289470
vt 0.954167 0.309459
vt 0.459320 0.450864
vt 0.403954 0.440648
vt 0.391336 0.383968
vt 0.470267 0.384780
vt 0.047389 0.627476
vt 0.050280 0.680081
vt 0.004251 0.703852
vt 0.004251 0.607420
vt 0.478768 0.428451
vt 0.547950 0.383968
vt 0.254499 0.139735
vt 0.200062 0.139735
vt 0.184885 0.063620
vt 0.259212 0.083299
vt 0.957571 0.381178
vt 0.966164 0.358901
vt 0.979545 0.355932
vt 0.979545 0.397852
vt 0.565052 0.383968
vt 0.614132 0.412480
vt 0.610839 0.442830
vt 0.635685 0.481316
vt 0.556452 0.481316
vt 0.632682 0.446251
vt 0.209690 0.019204
vt 0.237404 0.025144
vt 0.957622 0.890126
vt 0.955687 0.922623
vt 0.913481 0.926124
vt 0.200765 0.004251
vt 0.258591 0.008912
vt 0.745859 0.965606
vt 0.745596 0.983883
vt 0.728834 0.986406
vt 0.728834 0.956947
vt 0.452945 0.848380
vt 0.445561 0.819157
vt 0.467701 0.799424
vt 0.467701 0.857012
vt 0.913481 0.868874
vt 0.910283 0.347363
vt 0.470267 0.491409
vt 0.432670 0.486783
vt 0.077803 0.650907
vt 0.296251 0.891557
vt 0.343134 0.891557
vt 0.341598 0.897332
vt 0.299059 0.897332
vt 0.343460 0.800903
vt 0.296577 0.800903
vt 0.307240 0.785977
vt 0.337832 0.785977
vt 0.235803 0.447148
vt 0.199837 0.448816
vt 0.204257 0.403697
vt 0.237596 0.402151
vt 0.245818 0.218148
vt 0.197768 0.218148
vt 0.200405 0.172764
vt 0.244944 0.172764
vt 0.344585 0.846162
vt 0.294008 0.846162
vt 0.285507 0.448816
vt 0.283670 0.403697
vt 0.285507 0.217416
vt 0.281734 0.172085
vt 0.568270 0.202406
vt 0.519658 0.202406
vt 0.519630 0.157301
vt 0.564691 0.157301
vt 0.790467 0.611350
vt 0.790467 0.627933
vt 0.779278 0.627893
vt 0.779278 0.611310
vt 0.282268 0.579895
vt 0.241053 0.603691
vt 0.241044 0.587125
vt 0.267939 0.571597
vt 0.241053 0.508508
vt 0.282268 0.532304
vt 0.267939 0.540541
vt 0.241044 0.525013
vt 0.199837 0.532304
vt 0.214149 0.540541
vt 0.199837 0.579895
vt 0.214149 0.571597
vt 0.213099 0.157301
vt 0.242163 0.157301
vt 0.199837 0.796645
vt 0.199837 0.753695
vt 0.237120 0.731916
vt 0.274404 0.753088
vt 0.274404 0.796038
vt 0.237120 0.817816
vt 0.236017 0.492633
vt 0.282090 0.494179
vt 0.278903 0.500006
vt 0.237097 0.498604
vt 0.485376 0.249998
vt 0.521150 0.247850
vt 0.522106 0.253738
vt 0.489646 0.255687
vt 0.566211 0.247850
vt 0.562993 0.253738
vt 0.202678 0.494179
vt 0.206847 0.500006
vt 0.200931 0.263425
vt 0.245470 0.263425
vt 0.244785 0.269058
vt 0.204372 0.269058
vt 0.498425 0.952240
vt 0.498518 0.961797
vt 0.478861 0.961797
vt 0.478768 0.952240
vt 0.373082 0.901510
vt 0.372728 0.908474
vt 0.353087 0.908679
vt 0.353441 0.901716
vt 0.191090 0.980936
vt 0.185167 0.980936
vt 0.185236 0.971786
vt 0.191159 0.971786
vt 0.378640 0.908412
vt 0.378993 0.901448
vt 0.504435 0.961797
vt 0.504341 0.952240
vt 0.993689 0.632972
vt 0.993877 0.656366
vt 0.987954 0.656351
vt 0.987767 0.632957
vt 0.993689 0.683670
vt 0.987767 0.683655
vt 0.497956 0.987765
vt 0.503872 0.987765
vt 0.373082 0.873532
vt 0.378993 0.873471
vt 0.371700 0.852028
vt 0.377612 0.851967
vt 0.185087 0.944367
vt 0.191009 0.944367
vt 0.165491 0.980936
vt 0.165560 0.971786
vt 0.255623 0.547652
vt 0.241044 0.539235
vt 0.255623 0.564486
vt 0.241044 0.572903
vt 0.226465 0.564486
vt 0.226465 0.547652
vt 0.511590 0.118979
vt 0.511590 0.135813
vt 0.497011 0.144230
vt 0.482433 0.135813
vt 0.482433 0.118979
vt 0.497012 0.110562
vt 0.884245 0.960390
vt 0.883698 0.976687
vt 0.872530 0.976492
vt 0.873077 0.960195
vt 0.325065 0.961102
vt 0.325197 0.974117
vt 0.314007 0.974089
vt 0.313875 0.961074
vt 0.817251 0.148248
vt 0.817251 0.132310
vt 0.828427 0.132122
vt 0.828427 0.148061
vt 0.884245 0.988479
vt 0.873077 0.988285
vt 0.325065 0.989871
vt 0.313875 0.989842
vt 0.282260 0.262746
vt 0.433527 0.247954
vt 0.473587 0.248445
vt 0.469676 0.254186
vt 0.433327 0.253741
vt 0.294009 0.736260
vt 0.317804 0.695044
vt 0.326099 0.709347
vt 0.310571 0.736242
vt 0.055522 0.852028
vt 0.004251 0.852028
vt 0.006441 0.806984
vt 0.053968 0.806984
vt 0.189267 0.218150
vt 0.141646 0.218150
vt 0.142453 0.172766
vt 0.186596 0.172766
vt 0.476875 0.203080
vt 0.433659 0.202550
vt 0.433440 0.157301
vt 0.473500 0.157792
vt 0.101219 0.217412
vt 0.104979 0.172081
vt 0.844208 0.827026
vt 0.792880 0.827026
vt 0.794623 0.781905
vt 0.842202 0.781905
vt 0.388045 0.203080
vt 0.391158 0.157792
vt 0.580064 0.988683
vt 0.580238 0.974513
vt 0.591427 0.974503
vt 0.591253 0.988672
vt 0.365396 0.777475
vt 0.317804 0.777475
vt 0.326099 0.763137
vt 0.357155 0.763137
vt 0.802528 0.767401
vt 0.833575 0.767401
vt 0.365396 0.695044
vt 0.357155 0.709347
vt 0.144865 0.157301
vt 0.173670 0.157301
vt 0.597120 0.726828
vt 0.634383 0.748627
vt 0.634383 0.791600
vt 0.597120 0.812774
vt 0.559857 0.790975
vt 0.559857 0.748002
vt 0.104416 0.262742
vt 0.141890 0.263427
vt 0.142472 0.269059
vt 0.108470 0.268438
vt 0.794731 0.872468
vt 0.842309 0.872468
vt 0.840021 0.878346
vt 0.796850 0.878346
vt 0.391246 0.248445
vt 0.394962 0.254186
vt 0.006144 0.897479
vt 0.053671 0.897479
vt 0.051650 0.903404
vt 0.008526 0.903404
vt 0.186033 0.263427
vt 0.182526 0.269059
vt 0.971047 0.962935
vt 0.970797 0.971254
vt 0.951140 0.971254
vt 0.951390 0.962935
vt 0.942894 0.376698
vt 0.942894 0.386345
vt 0.923216 0.386388
vt 0.923216 0.376741
vt 0.979265 0.655322
vt 0.973354 0.655322
vt 0.973021 0.647151
vt 0.978933 0.647151
vt 0.948817 0.386332
vt 0.948817 0.376685
vt 0.976713 0.971254
vt 0.976964 0.962935
vt 0.970961 0.934625
vt 0.976877 0.934625
vt 0.943147 0.411646
vt 0.949070 0.411633
vt 0.086553 0.633650
vt 0.086305 0.607425
vt 0.092227 0.607420
vt 0.092475 0.633644
vt 0.943147 0.355945
vt 0.949070 0.355932
vt 0.973294 0.683670
vt 0.979206 0.683670
vt 0.086305 0.658752
vt 0.092227 0.658746
vt 0.953711 0.655322
vt 0.953379 0.647151
vt 0.358461 0.736242
vt 0.350044 0.721664
vt 0.372683 0.736242
vt 0.350044 0.750821
vt 0.333210 0.750821
vt 0.324793 0.736242
vt 0.333210 0.721664
vt 0.697971 0.936978
vt 0.712549 0.945395
vt 0.712549 0.962229
vt 0.697970 0.970646
vt 0.683392 0.962229
vt 0.683392 0.945395
vt 0.892746 0.973476
vt 0.892877 0.960219
vt 0.904068 0.960195
vt 0.903937 0.973451
vt 0.324925 0.139689
vt 0.324925 0.122860
vt 0.336103 0.122847
vt 0.336103 0.139676
vt 0.580064 0.959557
vt 0.591253 0.959547
vt 0.282640 0.697704
vt 0.282640 0.714516
vt 0.271470 0.714479
vt 0.271470 0.697668
vt 0.892877 0.989089
vt 0.904068 0.989065
vt 0.341653 0.474599
vt 0.378343 0.475096
vt 0.374232 0.480838
vt 0.340940 0.480387
vt 0.183651 0.559844
vt 0.142435 0.583640
vt 0.142403 0.567102
vt 0.169298 0.551574
vt 0.903906 0.692194
vt 0.852682 0.692194
vt 0.854141 0.647151
vt 0.901624 0.647151
vt 0.190128 0.428658
vt 0.145153 0.429053
vt 0.145214 0.383664
vt 0.186905 0.383298
vt 0.381700 0.429730
vt 0.342118 0.429194
vt 0.341338 0.383946
vt 0.378028 0.384443
vt 0.101219 0.428658
vt 0.104490 0.383298
vt 0.893812 0.216916
vt 0.843002 0.216916
vt 0.844067 0.171798
vt 0.891166 0.171798
vt 0.294009 0.429730
vt 0.296742 0.384443
vt 0.294009 0.989865
vt 0.294185 0.976887
vt 0.305374 0.976848
vt 0.305198 0.989826
vt 0.142435 0.488456
vt 0.183651 0.512252
vt 0.169298 0.520518
vt 0.142403 0.504990
vt 0.850088 0.157301
vt 0.880822 0.157301
vt 0.101219 0.559844
vt 0.115508 0.551574
vt 0.101219 0.512252
vt 0.115508 0.520518
vt 0.683033 0.748117
vt 0.720333 0.769875
vt 0.720333 0.812806
vt 0.683033 0.833980
vt 0.645733 0.812222
vt 0.645733 0.769291
vt 0.104519 0.473960
vt 0.145243 0.474327
vt 0.145334 0.479955
vt 0.108382 0.479622
vt 0.844716 0.262358
vt 0.891815 0.262358
vt 0.889127 0.268238
vt 0.846391 0.268238
vt 0.297057 0.475096
vt 0.300476 0.480838
vt 0.854526 0.737645
vt 0.902009 0.737645
vt 0.899576 0.743570
vt 0.856492 0.743570
vt 0.186933 0.473960
vt 0.183163 0.479622
vt 0.977504 0.434687
vt 0.977228 0.442338
vt 0.957571 0.442394
vt 0.957847 0.434743
vt 0.083702 0.903691
vt 0.083702 0.913432
vt 0.064024 0.913438
vt 0.064024 0.903697
vt 0.545914 0.119310
vt 0.540002 0.119310
vt 0.539734 0.110562
vt 0.545646 0.110562
vt 0.089625 0.913430
vt 0.089625 0.903689
vt 0.983144 0.442321
vt 0.983420 0.434670
vt 0.977504 0.406370
vt 0.983420 0.406353
vt 0.083953 0.937013
vt 0.089875 0.937011
vt 0.987799 0.719523
vt 0.987548 0.692192
vt 0.993470 0.692172
vt 0.993722 0.719503
vt 0.083953 0.880770
vt 0.089875 0.880768
vt 0.539730 0.147340
vt 0.545642 0.147340
vt 0.987548 0.742861
vt 0.993470 0.742841
vt 0.520360 0.119310
vt 0.520091 0.110562
vt 0.127825 0.527629
vt 0.127825 0.544463
vt 0.142403 0.519212
vt 0.156982 0.527629
vt 0.156982 0.544463
vt 0.142403 0.552880
vt 0.614924 0.107935
vt 0.629503 0.116352
vt 0.629503 0.133186
vt 0.614924 0.141603
vt 0.600345 0.133186
vt 0.600345 0.116352
vt 0.852709 0.974603
vt 0.852839 0.960198
vt 0.864029 0.960195
vt 0.863899 0.974600
vt 0.751433 0.496218
vt 0.751433 0.479558
vt 0.762611 0.479478
vt 0.762611 0.496138
vt 0.294009 0.961112
vt 0.305198 0.961074
vt 0.712071 0.496321
vt 0.712071 0.479526
vt 0.723241 0.479478
vt 0.723241 0.496274
vt 0.852839 0.989350
vt 0.864029 0.989346
vt 0.394720 0.369641
vt 0.439750 0.368123
vt 0.438969 0.374090
vt 0.398110 0.375467
vt 0.470267 0.571298
vt 0.429051 0.595094
vt 0.429027 0.578537
vt 0.455922 0.563009
vt 0.478584 0.324277
vt 0.439915 0.322640
vt 0.438632 0.277635
vt 0.474476 0.279153
vt 0.907307 0.557430
vt 0.857585 0.557430
vt 0.860785 0.512318
vt 0.906875 0.512318
vt 0.391336 0.324277
vt 0.393601 0.279153
vt 0.529817 0.823914
vt 0.478768 0.823914
vt 0.480361 0.778532
vt 0.527681 0.778532
vt 0.498590 0.049507
vt 0.461136 0.050464
vt 0.464442 0.005138
vt 0.499160 0.004251
vt 0.547727 0.049507
vt 0.544709 0.004251
vt 0.560394 0.975613
vt 0.559857 0.959685
vt 0.571026 0.959547
vt 0.571563 0.975475
vt 0.487079 0.763082
vt 0.517958 0.763082
vt 0.387835 0.571298
vt 0.387835 0.523706
vt 0.402132 0.531953
vt 0.402132 0.563009
vt 0.470267 0.523706
vt 0.455922 0.531953
vt 0.429051 0.499910
vt 0.429027 0.516425
vt 0.634212 0.654009
vt 0.634213 0.697081
vt 0.597035 0.718326
vt 0.559857 0.696500
vt 0.559857 0.653428
vt 0.597035 0.632182
vt 0.480211 0.869194
vt 0.527531 0.869194
vt 0.524923 0.874831
vt 0.481986 0.874831
vt 0.638625 0.651434
vt 0.638625 0.698903
vt 0.499726 0.094903
vt 0.545275 0.094903
vt 0.542094 0.100680
vt 0.500765 0.100680
vt 0.475595 0.369641
vt 0.471494 0.375467
vt 0.859634 0.602873
vt 0.905724 0.602873
vt 0.904467 0.608757
vt 0.862646 0.608757
vt 0.981460 0.454347
vt 0.981506 0.463835
vt 0.961829 0.463835
vt 0.961783 0.454347
vt 0.963587 0.106634
vt 0.963520 0.098763
vt 0.983198 0.098817
vt 0.983266 0.106687
vt 0.413388 0.945288
vt 0.407476 0.945361
vt 0.407476 0.935802
vt 0.413388 0.935729
vt 0.957597 0.098748
vt 0.957664 0.106618
vt 0.987428 0.463835
vt 0.987382 0.454347
vt 0.985465 0.984213
vt 0.986080 0.962674
vt 0.991996 0.962593
vt 0.991380 0.984131
vt 0.985465 0.934706
vt 0.991380 0.934625
vt 0.981289 0.490175
vt 0.987211 0.490175
vt 0.963520 0.134992
vt 0.957597 0.134976
vt 0.406440 0.965043
vt 0.412352 0.964970
vt 0.406440 0.909851
vt 0.412352 0.909778
vt 0.387835 0.945604
vt 0.387835 0.936045
vt 0.414448 0.539064
vt 0.414448 0.555898
vt 0.429027 0.530647
vt 0.443606 0.539064
vt 0.443606 0.555898
vt 0.429027 0.564315
vt 0.928060 0.934625
vt 0.942639 0.943042
vt 0.942639 0.959876
vt 0.928060 0.968293
vt 0.913481 0.959876
vt 0.913481 0.943042
vt 0.744412 0.121418
vt 0.744412 0.138156
vt 0.733222 0.138137
vt 0.733222 0.121399
vt 0.047498 0.978397
vt 0.047676 0.990680
vt 0.036487 0.990626
vt 0.036308 0.978343
vt 0.047676 0.962286
vt 0.036487 0.962232
vt 0.559857 0.988292
vt 0.571026 0.988154
vt 0.808749 0.132264
vt 0.808749 0.148567
vt 0.797572 0.148425
vt 0.797572 0.132122
vt 0.465008 0.095790
vt 0.297299 0.369621
vt 0.339599 0.368130
vt 0.339406 0.374092
vt 0.301025 0.375444
vt 0.294009 0.560727
vt 0.294009 0.513135
vt 0.308357 0.521388
vt 0.308357 0.552444
vt 0.382835 0.324256
vt 0.339642 0.322647
vt 0.339328 0.277635
vt 0.379366 0.279126
vt 0.051544 0.315286
vt 0.004251 0.316562
vt 0.006963 0.271374
vt 0.050802 0.270192
vt 0.294009 0.324256
vt 0.297028 0.279126
vt 0.844181 0.707981
vt 0.792880 0.707981
vt 0.794857 0.662600
vt 0.842410 0.662600
vt 0.092495 0.316562
vt 0.088762 0.271374
vt 0.779624 0.830870
vt 0.728834 0.830870
vt 0.730076 0.785611
vt 0.777155 0.785611
vt 0.706532 0.908103
vt 0.706004 0.893141
vt 0.717174 0.893108
vt 0.717701 0.908070
vt 0.803687 0.647151
vt 0.834717 0.647151
vt 0.335224 0.489339
vt 0.376440 0.513135
vt 0.362147 0.521388
vt 0.335252 0.505861
vt 0.736114 0.770683
vt 0.766835 0.770683
vt 0.335224 0.584523
vt 0.335252 0.567972
vt 0.376440 0.560727
vt 0.362147 0.552444
vt 0.004251 0.734182
vt 0.041435 0.712354
vt 0.078619 0.733590
vt 0.078619 0.776655
vt 0.041435 0.798483
vt 0.004251 0.777246
vt 0.794913 0.753262
vt 0.842466 0.753262
vt 0.840421 0.758899
vt 0.797273 0.758899
vt 0.051359 0.360752
vt 0.089319 0.361935
vt 0.085293 0.367735
vt 0.050850 0.366661
vt 0.730352 0.876264
vt 0.777432 0.876264
vt 0.774710 0.882039
vt 0.731992 0.882039
vt 0.379637 0.369621
vt 0.375735 0.375444
vt 0.007521 0.361935
vt 0.011072 0.367735
vt 0.974515 0.767400
vt 0.974589 0.776460
vt 0.954912 0.776460
vt 0.954839 0.767400
vt 0.959368 0.700802
vt 0.959302 0.692174
vt 0.978981 0.692182
vt 0.979047 0.700810
vt 0.191045 0.913391
vt 0.185133 0.913408
vt 0.185133 0.903676
vt 0.191045 0.903658
vt 0.953379 0.692172
vt 0.953445 0.700799
vt 0.980511 0.776460
vt 0.980438 0.767400
vt 0.460490 0.958291
vt 0.461087 0.934282
vt 0.467003 0.934246
vt 0.466406 0.958255
vt 0.460490 0.907303
vt 0.466406 0.907266
vt 0.974454 0.804059
vt 0.980377 0.804059
vt 0.959302 0.728940
vt 0.953379 0.728938
vt 0.184116 0.935865
vt 0.190027 0.935848
vt 0.184116 0.879675
vt 0.190027 0.879657
vt 0.165491 0.913467
vt 0.165491 0.903735
vt 0.349831 0.528499
vt 0.335252 0.520082
vt 0.349831 0.545333
vt 0.335252 0.553750
vt 0.320674 0.545333
vt 0.320674 0.528499
vt 0.436273 0.118979
vt 0.436273 0.135813
vt 0.421694 0.144230
vt 0.407115 0.135813
vt 0.407115 0.118979
vt 0.421694 0.110562
vt 0.305233 0.139674
vt 0.305233 0.122854
vt 0.316424 0.122847
vt 0.316424 0.139667
vt 0.121425 0.987404
vt 0.121843 0.973977
vt 0.133021 0.973908
vt 0.132603 0.987335
vt 0.752913 0.138155
vt 0.752913 0.121502
vt 0.764102 0.121468
vt 0.764102 0.138121
vt 0.706004 0.922265
vt 0.717174 0.922232
vt 0.121425 0.958470
vt 0.132603 0.958402
vt 0.376648 0.162897
vt 0.330496 0.162897
vt 0.331666 0.157300
vt 0.373542 0.157300
vt 0.331066 0.253540
vt 0.377218 0.253540
vt 0.365800 0.269134
vt 0.335684 0.269133
vt 0.294009 0.209280
vt 0.329756 0.208135
vt 0.297930 0.254601
vt 0.307205 0.055725
vt 0.355326 0.055725
vt 0.350938 0.100547
vt 0.306332 0.100547
vt 0.379544 0.208135
vt 0.013579 0.513939
vt 0.063353 0.524405
vt 0.050388 0.560138
vt 0.004251 0.550437
vt 0.267714 0.051495
vt 0.269725 0.096626
vt 0.365861 0.686543
vt 0.315155 0.686543
vt 0.321891 0.653432
vt 0.368893 0.653432
vt 0.536801 0.706456
vt 0.537019 0.690133
vt 0.548207 0.690213
vt 0.547989 0.706536
vt 0.038333 0.578883
vt 0.008226 0.572553
vt 0.294009 0.623123
vt 0.312097 0.612802
vt 0.330291 0.632580
vt 0.360962 0.632580
vt 0.072536 0.590842
vt 0.052786 0.598918
vt 0.337713 0.114345
vt 0.308606 0.114345
vt 0.817304 0.512318
vt 0.849083 0.536591
vt 0.849083 0.579298
vt 0.817304 0.597732
vt 0.785525 0.573458
vt 0.785525 0.530751
vt 0.779278 0.576057
vt 0.779278 0.528990
vt 0.564130 0.821276
vt 0.591390 0.845481
vt 0.584592 0.847697
vt 0.559857 0.825734
vt 0.591390 0.893068
vt 0.584592 0.890876
vt 0.814301 0.602808
vt 0.353945 0.010285
vt 0.309339 0.010285
vt 0.310269 0.004251
vt 0.350742 0.004251
vt 0.277040 0.138422
vt 0.267714 0.136375
vt 0.267714 0.122847
vt 0.277040 0.124893
vt 0.359501 0.842979
vt 0.358985 0.836765
vt 0.378582 0.837252
vt 0.379098 0.843465
vt 0.447485 0.945999
vt 0.441563 0.945957
vt 0.441563 0.936584
vt 0.447485 0.936626
vt 0.353087 0.836619
vt 0.353603 0.842832
vt 0.267714 0.140447
vt 0.277040 0.142493
vt 0.360999 0.786123
vt 0.358985 0.809432
vt 0.353087 0.809286
vt 0.355101 0.785977
vt 0.087121 0.740937
vt 0.087121 0.712659
vt 0.091553 0.712354
vt 0.091553 0.740632
vt 0.090979 0.667505
vt 0.090979 0.695801
vt 0.086305 0.695550
vt 0.086305 0.667253
vt 0.441985 0.963892
vt 0.447906 0.963934
vt 0.441985 0.909778
vt 0.447906 0.909820
vt 0.421889 0.945817
vt 0.421889 0.936445
vt 0.326142 0.612802
vt 0.336005 0.623523
vt 0.332906 0.602081
vt 0.324574 0.593024
vt 0.349531 0.602081
vt 0.355245 0.593024
vt 0.359394 0.612802
vt 0.373439 0.612802
vt 0.352630 0.623523
vt 0.456282 0.865514
vt 0.467003 0.872277
vt 0.467003 0.888903
vt 0.456282 0.898765
vt 0.445561 0.892002
vt 0.445561 0.875376
vt 0.353399 0.123791
vt 0.353399 0.140467
vt 0.344604 0.139523
vt 0.344604 0.122847
vt 0.704875 0.304783
vt 0.704114 0.317783
vt 0.692968 0.317950
vt 0.693729 0.304950
vt 0.181398 0.771828
vt 0.181398 0.754996
vt 0.189792 0.754897
vt 0.189792 0.771730
vt 0.537020 0.718181
vt 0.548207 0.718260
vt 0.704875 0.333543
vt 0.693729 0.333709
vt 0.627542 0.843239
vt 0.627542 0.894577
vt 0.272732 0.006364
vt 0.026399 0.482281
vt 0.072536 0.491982
vt 0.297360 0.163958
s 1
usemtl Materiais.007
f 323/575/65 322/576/64 340/577/82 341/578/83
f 328/579/70 329/580/71 371/581/107 370/582/106
f 379/583/92 378/584/84 328/585/70 327/586/69
f 381/587/87 380/588/85 326/589/68 324/590/66
f 378/591/84 382/592/95 329/580/71 328/579/70
f 380/593/85 379/583/92 327/586/69 326/594/68
f 383/595/86 381/596/87 324/597/66 325/598/67
f 382/599/95 383/595/86 325/598/67 329/600/71
f 334/601/76 335/602/77 377/603/113 376/604/112
f 326/605/68 327/606/69 369/607/105 368/608/104
f 325/609/67 324/610/66 366/611/102 367/612/103
f 329/613/71 325/609/67 367/612/103 371/614/107
f 327/606/69 328/615/70 370/616/106 369/607/105
f 324/590/66 326/589/68 368/617/104 366/618/102
f 336/619/78 337/620/79 341/621/83 340/622/82 339/623/81 338/624/80
f 321/625/63 320/626/62 338/627/80 339/628/81
f 319/629/61 318/630/60 337/631/79 336/632/78
f 318/630/60 323/633/65 341/634/83 337/631/79
f 322/635/64 321/625/63 339/628/81 340/636/82
f 320/637/62 319/638/61 336/639/78 338/640/80
f 349/641/88 350/642/89 346/643/86 347/644/86
f 351/645/90 352/646/91 344/647/85 345/648/85
f 363/649/100 355/650/94 354/651/93 364/652/101
f 360/653/98 352/646/91 351/645/90 361/654/99
f 358/655/96 350/642/89 349/641/88 359/656/97
f 349/641/88 348/657/87 357/658/87 359/656/97
f 348/659/87 352/646/91 360/653/98 357/660/87
f 356/661/95 350/642/89 358/655/96 365/662/95
f 351/663/90 353/664/92 362/665/92 361/666/99
f 353/664/92 355/667/94 363/668/100 362/665/92
f 354/651/93 356/669/95 365/670/95 364/652/101
f 354/651/93 355/650/94 342/671/84 343/672/84
f 330/673/72 331/674/73 367/612/103 366/611/102
f 332/675/74 330/673/72 366/611/102 368/608/104
f 333/676/75 332/675/74 368/608/104 369/607/105
f 334/677/76 333/676/75 369/607/105 370/616/106
f 335/678/77 334/677/76 370/616/106 371/614/107
f 331/674/73 335/678/77 371/614/107 367/612/103
f 372/679/108 374/680/110 375/681/111 376/682/112 377/683/113 373/684/109
f 332/685/74 333/686/75 375/687/111 374/688/110
f 331/689/73 330/690/72 372/691/108 373/692/109
f 335/693/77 331/689/73 373/692/109 377/694/113
f 333/686/75 334/695/76 376/696/112 375/687/111
f 330/697/72 332/698/74 374/699/110 372/700/108
f 323/633/65 318/630/60 383/595/86 382/599/95
f 318/630/60 319/629/61 381/596/87 383/595/86
f 320/626/62 321/625/63 379/583/92 380/593/85
f 322/576/64 323/575/65 382/592/95 378/591/84
f 319/638/61 320/637/62 380/588/85 381/587/87
f 321/625/63 322/635/64 378/584/84 379/583/92
f 389/701/119 388/702/118 406/703/136 407/704/137
f 394/705/124 395/706/125 437/707/161 436/708/160
f 445/709/169 444/710/168 394/711/124 393/712/123
f 447/713/171 446/714/170 392/715/122 390/716/120
f 444/710/168 448/717/172 395/718/125 394/711/124
f 446/719/170 445/720/169 393/721/123 392/722/122
f 449/723/173 447/713/171 390/716/120 391/724/121
f 448/725/172 449/726/173 391/727/121 395/728/125
f 400/729/130 401/730/131 443/731/167 442/732/166
f 392/722/122 393/721/123 435/733/159 434/734/158
f 391/735/121 390/736/120 432/737/156 433/738/157
f 395/728/125 391/727/121 433/739/157 437/740/161
f 393/741/123 394/705/124 436/708/160 435/742/159
f 390/736/120 392/743/122 434/744/158 432/737/156
f 402/745/132 403/746/133 407/747/137 406/748/136 405/749/135 404/750/134
f 387/751/117 386/752/116 404/753/134 405/754/135
f 385/755/115 384/756/114 403/757/133 402/758/132
f 384/759/114 389/760/119 407/761/137 403/762/133
f 388/702/118 387/763/117 405/764/135 406/703/136
f 386/765/116 385/755/115 402/758/132 404/766/134
f 415/767/142 416/768/143 412/769/140 413/770/140
f 417/771/144 418/772/145 410/773/139 411/774/139
f 429/775/154 421/776/148 420/777/147 430/778/155
f 426/779/152 418/772/145 417/771/144 427/780/153
f 424/781/150 416/768/143 415/767/142 425/782/151
f 415/783/142 414/784/141 423/785/141 425/786/151
f 414/784/141 418/787/145 426/788/152 423/785/141
f 422/789/149 416/768/143 424/781/150 431/790/149
f 417/771/144 419/791/146 428/792/146 427/780/153
f 419/793/146 421/776/148 429/775/154 428/794/146
f 420/777/147 422/795/149 431/796/149 430/778/155
f 420/777/147 421/776/148 408/797/138 409/798/138
f 396/799/126 397/800/127 433/738/157 432/737/156
f 398/801/128 396/799/126 432/737/156 434/744/158
f 399/802/129 398/801/128 434/744/158 435/742/159
f 400/803/130 399/802/129 435/742/159 436/708/160
f 401/804/131 400/803/130 436/708/160 437/707/161
f 397/800/127 401/804/131 437/707/161 433/738/157
f 438/805/162 440/806/164 441/807/165 442/808/166 443/809/167 439/810/163
f 398/811/128 399/812/129 441/813/165 440/814/164
f 397/815/127 396/816/126 438/817/162 439/818/163
f 401/819/131 397/820/127 439/821/163 443/822/167
f 399/823/129 400/729/130 442/732/166 441/824/165
f 396/816/126 398/825/128 440/826/164 438/817/162
f 389/760/119 384/759/114 449/726/173 448/725/172
f 384/756/114 385/755/115 447/713/171 449/723/173
f 386/752/116 387/751/117 445/720/169 446/719/170
f 388/702/118 389/701/119 448/717/172 444/710/168
f 385/755/115 386/765/116 446/714/170 447/713/171
f 387/763/117 388/702/118 444/710/168 445/709/169
f 466/827/190 467/828/191 455/829/179 454/830/178
f 468/831/192 466/832/190 454/833/178 457/834/181
f 467/835/191 469/836/193 456/837/180 455/838/179
f 469/839/193 468/840/192 457/841/181 456/842/180
f 457/834/181 454/833/178 458/843/182 461/844/185
f 455/838/179 456/837/180 460/845/184 459/846/183
f 456/842/180 457/841/181 461/847/185 460/848/184
f 454/830/178 455/829/179 459/849/183 458/850/182
f 460/848/184 461/847/185 465/851/189 464/852/188
f 458/850/182 459/849/183 463/853/187 462/854/186
f 461/844/185 458/843/182 462/855/186 465/856/189
f 459/846/183 460/845/184 464/857/188 463/858/187
f 463/859/187 464/860/188 465/861/189 462/862/186
f 473/863/197 471/864/195 468/840/192 469/839/193
f 472/865/196 473/866/197 469/836/193 467/835/191
f 471/867/195 470/868/194 466/832/190 468/831/192
f 470/869/194 472/870/196 467/828/191 466/827/190
f 450/871/174 451/872/175 472/870/196 470/869/194
f 453/873/177 450/874/174 470/868/194 471/867/195
f 451/875/175 452/876/176 473/866/197 472/865/196
f 452/877/176 453/878/177 471/864/195 473/863/197
f 477/879/201 483/880/207 482/881/206 476/882/200
f 475/883/199 481/884/205 480/885/204 474/886/198
f 474/886/198 480/885/204 485/887/209 479/888/203
f 478/889/202 484/890/208 483/880/207 477/879/201
f 476/891/200 482/892/206 481/893/205 475/894/199
f 479/895/203 485/896/209 484/897/208 478/898/202
f 480/899/204 486/900/210 491/901/215 485/902/209
f 484/903/208 490/904/214 489/905/213 483/906/207
f 482/907/206 488/908/212 487/909/211 481/910/205
f 485/902/209 491/901/215 490/904/214 484/903/208
f 483/906/207 489/905/213 488/908/212 482/907/206
f 481/910/205 487/909/211 486/900/210 480/899/204
f 487/909/211 488/908/212 489/905/213 490/904/214 491/901/215 486/900/210
f 494/911/218 495/912/219 508/913/232
f 499/914/223 503/915/227 502/916/226
f 493/917/217 495/918/219 499/914/223 498/919/222
f 494/920/218 492/921/216 497/922/221 496/923/220
f 495/924/219 494/925/218 496/926/220 499/927/223
f 492/928/216 493/929/217 498/930/222 497/931/221
f 503/932/227 500/933/224 504/934/228 507/935/231
f 497/922/221 501/936/225 500/937/224
f 499/927/223 496/926/220 500/933/224 503/932/227
f 498/938/222 502/939/226 501/940/225
f 506/941/230 507/942/231 504/943/228
f 501/944/225 502/945/226 506/946/230 505/947/229
f 502/916/226 503/915/227 507/948/231 506/949/230
f 500/937/224 501/936/225 505/950/229 504/951/228
f 505/952/229 506/941/230 504/943/228
f 496/923/220 497/922/221 500/937/224
f 498/919/222 499/914/223 502/916/226
f 497/931/221 498/930/222 501/953/225
f 493/954/217 492/955/216 508/913/232
f 492/921/216 494/920/218 508/956/232
f 495/912/219 493/954/217 508/913/232
f 511/957/218 512/958/219 525/959/232
f 516/960/223 520/961/227 519/962/226
f 510/963/217 512/964/219 516/960/223 515/965/222
f 511/966/218 509/967/216 514/968/221 513/969/220
f 512/970/219 511/971/218 513/972/220 516/973/223
f 509/974/216 510/975/217 515/976/222 514/977/221
f 520/978/227 517/979/224 521/980/228 524/981/231
f 514/968/221 518/982/225 517/983/224
f 516/973/223 513/972/220 517/979/224 520/978/227
f 515/984/222 519/985/226 518/986/225
f 523/987/230 524/988/231 521/989/228
f 518/990/225 519/991/226 523/992/230 522/993/233
f 519/962/226 520/961/227 524/994/231 523/995/230
f 517/983/224 518/982/225 522/996/233 521/997/228
f 522/998/233 523/987/230 521/989/228
f 513/969/220 514/968/221 517/983/224
f 515/965/222 516/960/223 519/962/226
f 514/977/221 515/976/222 518/999/225
f 510/1000/217 509/1001/216 525/959/232
f 509/967/216 511/966/218 525/1002/232
f 512/958/219 510/1000/217 525/959/232
f 528/1003/236 529/1004/237 542/1005/250
f 533/1006/241 537/1007/245 536/1008/244
f 527/1009/235 529/1010/237 533/1006/241 532/1011/240
f 528/1012/236 526/1013/234 531/1014/239 530/1015/238
f 529/1016/237 528/1017/236 530/1018/238 533/1019/241
f 526/1020/234 527/1021/235 532/1022/240 531/1023/239
f 537/1007/245 534/1024/242 538/1025/246 541/1026/249
f 531/1027/239 535/1028/243 534/1029/242
f 533/1019/241 530/1018/238 534/1030/242 537/1031/245
f 532/1032/240 536/1033/244 535/1034/243
f 540/1035/248 541/1036/249 538/1037/246
f 535/1038/243 536/1039/244 540/1040/248 539/1041/247
f 536/1008/244 537/1007/245 541/1026/249 540/1042/248
f 534/1043/242 535/1044/243 539/1045/247 538/1046/246
f 539/1047/247 540/1035/248 538/1037/246
f 530/1048/238 531/1049/239 534/1050/242
f 532/1011/240 533/1006/241 536/1008/244
f 531/1023/239 532/1022/240 535/1051/243
f 527/1052/235 526/1053/234 542/1005/250
f 526/1053/234 528/1003/236 542/1005/250
f 529/1004/237 527/1052/235 542/1005/250
f 545/1054/253 546/1055/254 559/1056/267
f 550/1057/258 554/1058/262 553/1059/261
f 544/1060/252 546/1061/254 550/1057/258 549/1062/257
f 545/1063/253 543/1064/251 548/1065/256 547/1066/255
f 546/1067/254 545/1068/253 547/1069/255 550/1070/258
f 543/1071/251 544/1072/252 549/1073/257 548/1074/256
f 554/1075/262 551/1076/259 555/1077/263 558/1078/266
f 548/1065/256 552/1079/260 551/1080/259
f 550/1070/258 547/1069/255 551/1076/259 554/1075/262
f 549/1081/257 553/1082/261 552/1083/260
f 557/1084/265 558/1085/266 555/1086/263
f 552/1087/260 553/1088/261 557/1089/265 556/1090/264
f 553/1059/261 554/1058/262 558/1091/266 557/1092/265
f 551/1080/259 552/1079/260 556/1093/264 555/1094/263
f 556/1095/264 557/1084/265 555/1086/263
f 547/1066/255 548/1065/256 551/1080/259
f 549/1062/257 550/1057/258 553/1059/261
f 548/1074/256 549/1073/257 552/1096/260
f 544/1097/252 543/1098/251 559/1056/267
f 543/1064/251 545/1063/253 559/1099/267
f 546/1055/254 544/1097/252 559/1056/267
f 562/1100/270 563/1101/271 576/1102/284
f 567/1103/275 571/1104/279 570/1105/278
f 561/1106/269 563/1107/271 567/1103/275 566/1108/274
f 562/1109/270 560/1110/268 565/1111/273 564/1112/272
f 563/1113/271 562/1114/270 564/1115/272 567/1116/275
f 560/1117/268 561/1118/269 566/1119/274 565/1120/273
f 571/1121/279 568/1122/276 572/1123/280 575/1124/283
f 565/1111/273 569/1125/277 568/1126/276
f 567/1116/275 564/1115/272 568/1122/276 571/1121/279
f 566/1127/274 570/1128/278 569/1129/277
f 574/1130/282 575/1131/283 572/1132/280
f 569/1133/277 570/1134/278 574/1135/282 573/1136/281
f 570/1105/278 571/1104/279 575/1137/283 574/1138/282
f 568/1126/276 569/1125/277 573/1139/281 572/1140/280
f 573/1141/281 574/1130/282 572/1132/280
f 564/1112/272 565/1111/273 568/1126/276
f 566/1108/274 567/1103/275 570/1105/278
f 565/1120/273 566/1119/274 569/1142/277
f 561/1143/269 560/1144/268 576/1102/284
f 560/1110/268 562/1109/270 576/1145/284
f 563/1101/271 561/1143/269 576/1102/284
f 579/1146/287 580/1147/288 593/1148/301
f 584/1149/292 588/1150/296 587/1151/295
f 578/1152/286 580/1153/288 584/1149/292 583/1154/291
f 579/1155/287 577/1156/285 582/1157/290 581/1158/289
f 580/1159/288 579/1160/287 581/1161/289 584/1162/292
f 577/1163/285 578/1164/286 583/1165/291 582/1166/290
f 588/1167/296 585/1168/293 589/1169/297 592/1170/300
f 582/1171/290 586/1172/294 585/1173/293
f 584/1162/292 581/1161/289 585/1168/293 588/1167/296
f 583/1174/291 587/1175/295 586/1176/294
f 591/1177/299 592/1178/300 589/1179/297
f 586/1180/294 587/1181/295 591/1182/299 590/1183/298
f 587/1184/295 588/1185/296 592/1186/300 591/1187/299
f 585/1188/293 586/1189/294 590/1190/298 589/1191/297
f 590/1192/298 591/1177/299 589/1179/297
f 581/1193/289 582/1171/290 585/1173/293
f 583/1154/291 584/1149/292 587/1151/295
f 582/1166/290 583/1165/291 586/1194/294
f 578/1195/286 577/1196/285 593/1148/301
f 577/1156/285 579/1155/287 593/1197/301
f 580/1147/288 578/1195/286 593/1148/301
f 596/1198/304 597/1199/305 610/1200/318
f 601/1201/309 605/1202/313 604/1203/312
f 595/1204/303 597/1205/305 601/1206/309 600/1207/308
f 596/1208/304 594/1209/302 599/1210/307 598/1211/306
f 597/1205/305 596/1212/304 598/1213/306 601/1206/309
f 594/1214/302 595/1215/303 600/1216/308 599/1217/307
f 605/1218/313 602/1219/310 606/1220/314 609/1221/317
f 599/1222/307 603/1223/311 602/1224/310
f 601/1225/309 598/1226/306 602/1224/310 605/1227/313
f 600/1228/308 604/1203/312 603/1229/311
f 608/1230/316 609/1231/317 606/1232/314
f 603/1233/311 604/1234/312 608/1235/316 607/1236/315
f 604/1237/312 605/1218/313 609/1221/317 608/1238/316
f 602/1239/310 603/1240/311 607/1241/315 606/1242/314
f 607/1243/315 608/1244/316 606/1245/314
f 598/1226/306 599/1222/307 602/1224/310
f 600/1228/308 601/1201/309 604/1203/312
f 599/1246/307 600/1228/308 603/1229/311
f 595/1215/303 594/1214/302 610/1247/318
f 594/1248/302 596/1198/304 610/1200/318
f 597/1249/305 595/1215/303 610/1247/318
f 613/1250/321 614/1251/322 627/1252/335
f 618/1253/326 622/1254/330 621/1255/329
f 612/1256/320 614/1257/322 618/1258/326 617/1259/325
f 613/1260/321 611/1261/319 616/1262/324 615/1263/323
f 614/1251/322 613/1250/321 615/1264/323 618/1265/326
f 611/1266/319 612/1267/320 617/1268/325 616/1269/324
f 622/1270/330 619/1271/327 623/1272/331 626/1273/334
f 616/1274/324 620/1275/328 619/1276/327
f 618/1277/326 615/1278/323 619/1276/327 622/1279/330
f 617/1268/325 621/1280/329 620/1281/328
f 625/1282/333 626/1283/334 623/1284/331
f 620/1281/328 621/1280/329 625/1285/333 624/1286/332
f 621/1287/329 622/1288/330 626/1289/334 625/1290/333
f 619/1291/327 620/1292/328 624/1293/332 623/1294/331
f 624/1295/332 625/1282/333 623/1284/331
f 615/1278/323 616/1274/324 619/1276/327
f 617/1296/325 618/1253/326 621/1255/329
f 616/1269/324 617/1268/325 620/1281/328
f 612/1256/320 611/1297/319 627/1298/335
f 611/1261/319 613/1260/321 627/1299/335
f 614/1257/322 612/1256/320 627/1298/335
f 633/1300/341 632/1301/340 650/1302/358 651/1303/359
f 638/1304/346 639/1305/347 681/1306/383 680/1307/382
f 689/1308/368 688/1309/360 638/1310/346 637/1311/345
f 691/1312/363 690/1313/361 636/1314/344 634/1315/342
f 688/1316/360 692/1317/371 639/1305/347 638/1304/346
f 690/1318/361 689/1308/368 637/1311/345 636/1319/344
f 693/1320/362 691/1312/363 634/1315/342 635/1321/343
f 692/1322/371 693/1323/362 635/1324/343 639/1325/347
f 644/1326/352 645/1327/353 687/1328/389 686/1329/388
f 636/1330/344 637/1331/345 679/1332/381 678/1333/380
f 635/1334/343 634/1335/342 676/1336/378 677/1337/379
f 639/1338/347 635/1334/343 677/1337/379 681/1339/383
f 637/1331/345 638/1340/346 680/1341/382 679/1332/381
f 634/1315/342 636/1314/344 678/1342/380 676/1343/378
f 646/1344/354 647/1345/355 651/1346/359 650/1347/358 649/1348/357 648/1349/356
f 631/1350/339 630/1351/338 648/1352/356 649/1353/357
f 629/1354/337 628/1355/336 647/1356/355 646/1357/354
f 628/1355/336 633/1358/341 651/1359/359 647/1356/355
f 632/1360/340 631/1350/339 649/1353/357 650/1361/358
f 630/1362/338 629/1363/337 646/1364/354 648/1365/356
f 659/1366/364 660/1367/365 656/1368/362 657/1369/362
f 661/1370/366 662/1371/367 654/1372/361 655/1373/361
f 673/1374/376 665/1375/370 664/1376/369 674/1377/377
f 670/1378/374 662/1371/367 661/1370/366 671/1379/375
f 668/1380/372 660/1367/365 659/1366/364 669/1381/373
f 659/1382/364 658/1383/363 667/1384/363 669/1385/373
f 658/1383/363 662/1386/367 670/1387/374 667/1384/363
f 666/1388/371 660/1367/365 668/1380/372 675/1389/371
f 661/1370/366 663/1390/368 672/1391/368 671/1379/375
f 663/1390/368 665/1392/370 673/1393/376 672/1391/368
f 664/1376/369 666/1394/371 675/1395/371 674/1377/377
f 664/1376/369 665/1375/370 652/1396/360 653/1397/360
f 640/1398/348 641/1399/349 677/1337/379 676/1336/378
f 642/1400/350 640/1398/348 676/1336/378 678/1333/380
f 643/1401/351 642/1400/350 678/1333/380 679/1332/381
f 644/1402/352 643/1401/351 679/1332/381 680/1341/382
f 645/1403/353 644/1402/352 680/1341/382 681/1339/383
f 641/1399/349 645/1403/353 681/1339/383 677/1337/379
f 682/1404/384 684/1405/386 685/1406/387 686/1407/388 687/1408/389 683/1409/385
f 642/1410/350 643/1411/351 685/1412/387 684/1413/386
f 641/1414/349 640/1415/348 682/1416/384 683/1417/385
f 645/1418/353 641/1419/349 683/1420/385 687/1421/389
f 643/1411/351 644/1422/352 686/1423/388 685/1412/387
f 640/1415/348 642/1424/350 684/1425/386 682/1416/384
f 633/1358/341 628/1355/336 693/1323/362 692/1322/371
f 628/1426/336 629/1363/337 691/1312/363 693/1320/362
f 630/1351/338 631/1350/339 689/1308/368 690/1318/361
f 632/1301/340 633/1300/341 692/1317/371 688/1316/360
f 629/1363/337 630/1362/338 690/1313/361 691/1312/363
f 631/1350/339 632/1360/340 688/1309/360 689/1308/368
f 699/1427/395 698/1428/394 716/1429/412 717/1430/413
f 704/1431/400 705/1432/401 747/1433/437 746/1434/436
f 755/1435/422 754/1436/414 704/1437/400 703/1438/399
f 757/1439/417 756/1440/415 702/1441/398 700/1442/396
f 754/1443/414 758/1444/425 705/1445/401 704/1446/400
f 756/1440/415 755/1447/422 703/1448/399 702/1441/398
f 759/1449/416 757/1450/417 700/1451/396 701/1452/397
f 758/1444/425 759/1453/416 701/1454/397 705/1445/401
f 710/1455/406 711/1456/407 753/1457/443 752/1458/442
f 702/1459/398 703/1460/399 745/1461/435 744/1462/434
f 701/1452/397 700/1451/396 742/1463/432 743/1464/433
f 705/1432/401 701/1465/397 743/1466/433 747/1433/437
f 703/1460/399 704/1431/400 746/1434/436 745/1461/435
f 700/1442/396 702/1441/398 744/1467/434 742/1468/432
f 712/1469/408 713/1470/409 717/1471/413 716/1472/412 715/1473/411 714/1474/410
f 697/1475/393 696/1476/392 714/1477/410 715/1478/411
f 695/1479/391 694/1480/390 713/1481/409 712/1482/408
f 694/1483/390 699/1427/395 717/1430/413 713/1484/409
f 698/1485/394 697/1486/393 715/1487/411 716/1488/412
f 696/1476/392 695/1489/391 712/1490/408 714/1477/410
f 725/1491/418 726/1492/419 722/1493/416 723/1494/416
f 727/1495/420 728/1496/421 720/1497/415 721/1498/415
f 739/1499/430 731/1500/424 730/1501/423 740/1502/431
f 736/1503/428 728/1496/421 727/1495/420 737/1504/429
f 734/1505/426 726/1492/419 725/1491/418 735/1506/427
f 725/1491/418 724/1507/417 733/1508/417 735/1506/427
f 724/1509/417 728/1496/421 736/1503/428 733/1510/417
f 732/1511/425 726/1512/419 734/1513/426 741/1514/425
f 727/1495/420 729/1515/422 738/1516/422 737/1504/429
f 729/1517/422 731/1500/424 739/1499/430 738/1518/422
f 730/1519/423 732/1511/425 741/1514/425 740/1520/431
f 730/1501/423 731/1500/424 718/1521/414 719/1522/414
f 706/1523/402 707/1524/403 743/1466/433 742/1525/432
f 708/1526/404 706/1523/402 742/1525/432 744/1462/434
f 709/1527/405 708/1526/404 744/1462/434 745/1461/435
f 710/1528/406 709/1527/405 745/1461/435 746/1434/436
f 711/1529/407 710/1528/406 746/1434/436 747/1433/437
f 707/1524/403 711/1529/407 747/1433/437 743/1466/433
f 748/1530/438 750/1531/440 751/1532/441 752/1533/442 753/1534/443 749/1535/439
f 708/1536/404 709/1537/405 751/1538/441 750/1539/440
f 707/1540/403 706/1541/402 748/1542/438 749/1543/439
f 711/1456/407 707/1544/403 749/1545/439 753/1457/443
f 709/1546/405 710/1547/406 752/1548/442 751/1549/441
f 706/1550/402 708/1536/404 750/1539/440 748/1551/438
f 699/1427/395 694/1483/390 759/1453/416 758/1444/425
f 694/1480/390 695/1479/391 757/1450/417 759/1449/416
f 696/1476/392 697/1475/393 755/1447/422 756/1440/415
f 698/1428/394 699/1427/395 758/1444/425 754/1443/414
f 695/1489/391 696/1476/392 756/1440/415 757/1439/417
f 697/1486/393 698/1485/394 754/1436/414 755/1435/422
f 765/1552/449 764/1553/448 782/1554/466 783/1555/467
f 770/1556/454 771/1557/455 813/1558/491 812/1559/490
f 821/1560/476 820/1561/468 770/1562/454 769/1563/453
f 823/1564/471 822/1565/469 768/1566/452 766/1567/450
f 820/1568/468 824/1569/479 771/1570/455 770/1571/454
f 822/1565/469 821/1572/476 769/1573/453 768/1566/452
f 825/1574/470 823/1575/471 766/1576/450 767/1577/451
f 824/1569/479 825/1578/470 767/1579/451 771/1570/455
f 776/1580/460 777/1581/461 819/1582/497 818/1583/496
f 768/1584/452 769/1585/453 811/1586/489 810/1587/488
f 767/1577/451 766/1576/450 808/1588/486 809/1589/487
f 771/1557/455 767/1590/451 809/1591/487 813/1558/491
f 769/1585/453 770/1556/454 812/1559/490 811/1586/489
f 766/1592/450 768/1584/452 810/1587/488 808/1593/486
f 778/1594/462 779/1595/463 783/1596/467 782/1597/466 781/1598/465 780/1599/464
f 763/1600/447 762/1601/446 780/1602/464 781/1603/465
f 761/1604/445 760/1605/444 779/1606/463 778/1607/462
f 760/1608/444 765/1552/449 783/1555/467 779/1609/463
f 764/1610/448 763/1611/447 781/1612/465 782/1613/466
f 762/1601/446 761/1614/445 778/1615/462 780/1602/464
f 791/1616/472 792/1617/473 788/1618/470 789/1619/470
f 793/1620/474 794/1621/475 786/1622/469 787/1623/469
f 805/1624/484 797/1625/478 796/1626/477 806/1627/485
f 802/1628/482 794/1621/475 793/1620/474 803/1629/483
f 800/1630/480 792/1617/473 791/1616/472 801/1631/481
f 791/1616/472 790/1632/471 799/1633/471 801/1631/481
f 790/1634/471 794/1621/475 802/1628/482 799/1635/471
f 798/1636/479 792/1637/473 800/1638/480 807/1639/479
f 793/1620/474 795/1640/476 804/1641/476 803/1629/483
f 795/1642/476 797/1625/478 805/1624/484 804/1643/476
f 796/1644/477 798/1636/479 807/1639/479 806/1645/485
f 796/1626/477 797/1625/478 784/1646/468 785/1647/468
f 772/1648/456 773/1649/457 809/1591/487 808/1593/486
f 774/1650/458 772/1648/456 808/1593/486 810/1587/488
f 775/1651/459 774/1650/458 810/1587/488 811/1586/489
f 776/1652/460 775/1651/459 811/1586/489 812/1559/490
f 777/1653/461 776/1652/460 812/1559/490 813/1558/491
f 773/1649/457 777/1653/461 813/1558/491 809/1591/487
f 814/1654/492 816/1655/494 817/1656/495 818/1657/496 819/1658/497 815/1659/493
f 774/1660/458 775/1661/459 817/1662/495 816/1663/494
f 773/1664/457 772/1665/456 814/1666/492 815/1667/493
f 777/1581/461 773/1668/457 815/1669/493 819/1582/497
f 775/1670/459 776/1671/460 818/1672/496 817/1673/495
f 772/1674/456 774/1660/458 816/1663/494 814/1675/492
f 765/1552/449 760/1608/444 825/1578/470 824/1569/479
f 760/1605/444 761/1604/445 823/1575/471 825/1574/470
f 762/1601/446 763/1600/447 821/1572/476 822/1565/469
f 764/1553/448 765/1552/449 824/1569/479 820/1568/468
f 761/1614/445 762/1601/446 822/1565/469 823/1564/471
f 763/1611/447 764/1610/448 820/1561/468 821/1560/476
f 831/1676/503 830/1677/502 848/1678/520 849/1679/521
f 836/1680/508 837/1681/509 879/1682/545 878/1683/544
f 887/1684/530 886/1685/522 836/1686/508 835/1687/507
f 889/1688/525 888/1689/523 834/1690/506 832/1691/504
f 886/1685/522 890/1692/533 837/1693/509 836/1686/508
f 888/1694/523 887/1695/530 835/1696/507 834/1697/506
f 891/1698/524 889/1699/525 832/1700/504 833/1701/505
f 890/1702/533 891/1698/524 833/1701/505 837/1703/509
f 842/1704/514 843/1705/515 885/1706/551 884/1707/550
f 834/1697/506 835/1696/507 877/1708/543 876/1709/542
f 833/1710/505 832/1711/504 874/1712/540 875/1713/541
f 837/1681/509 833/1710/505 875/1713/541 879/1682/545
f 835/1714/507 836/1680/508 878/1683/544 877/1715/543
f 832/1711/504 834/1716/506 876/1717/542 874/1712/540
f 844/1718/516 845/1719/517 849/1720/521 848/1721/520 847/1722/519 846/1723/518
f 829/1724/501 828/1725/500 846/1726/518 847/1727/519
f 827/1728/499 826/1729/498 845/1719/517 844/1718/516
f 826/1730/498 831/1731/503 849/1732/521 845/1733/517
f 830/1677/502 829/1734/501 847/1735/519 848/1678/520
f 828/1736/500 827/1737/499 844/1738/516 846/1739/518
f 857/1740/526 858/1741/527 854/1742/524 855/1743/524
f 859/1744/528 860/1745/529 852/1746/523 853/1747/523
f 871/1748/538 863/1749/532 862/1750/531 872/1751/539
f 868/1752/536 860/1745/529 859/1744/528 869/1753/537
f 866/1754/534 858/1741/527 857/1740/526 867/1755/535
f 857/1756/526 856/1757/525 865/1758/525 867/1759/535
f 856/1757/525 860/1760/529 868/1761/536 865/1758/525
f 864/1762/533 858/1741/527 866/1754/534 873/1763/533
f 859/1744/528 861/1764/530 870/1765/530 869/1753/537
f 861/1766/530 863/1749/532 871/1748/538 870/1767/530
f 862/1750/531 864/1768/533 873/1769/533 872/1751/539
f 862/1750/531 863/1749/532 850/1770/522 851/1771/522
f 838/1772/510 839/1773/511 875/1713/541 874/1712/540
f 840/1774/512 838/1772/510 874/1712/540 876/1717/542
f 841/1775/513 840/1774/512 876/1717/542 877/1715/543
f 842/1776/514 841/1775/513 877/1715/543 878/1683/544
f 843/1777/515 842/1776/514 878/1683/544 879/1682/545
f 839/1773/511 843/1777/515 879/1682/545 875/1713/541
f 880/1778/546 882/1779/548 883/1780/549 884/1781/550 885/1782/551 881/1783/547
f 840/1784/512 841/1785/513 883/1786/549 882/1787/548
f 839/1788/511 838/1789/510 880/1790/546 881/1791/547
f 843/1792/515 839/1788/511 881/1791/547 885/1793/551
f 841/1794/513 842/1704/514 884/1707/550 883/1795/549
f 838/1796/510 840/1797/512 882/1798/548 880/1799/546
f 831/1731/503 826/1730/498 891/1698/524 890/1702/533
f 826/1730/498 827/1800/499 889/1699/525 891/1698/524
f 828/1725/500 829/1724/501 887/1695/530 888/1694/523
f 830/1677/502 831/1676/503 890/1692/533 886/1685/522
f 827/1737/499 828/1736/500 888/1689/523 889/1688/525
f 829/1734/501 830/1677/502 886/1685/522 887/1684/530
f 897/1801/557 896/1802/556 914/1803/574 915/1804/575
f 902/1805/562 903/1806/563 945/1807/599 944/1808/598
f 953/1809/584 952/1810/576 902/1811/562 901/1812/561
f 955/1813/579 954/1814/577 900/1815/560 898/1816/558
f 952/1810/576 956/1817/587 903/1818/563 902/1811/562
f 954/1819/577 953/1820/584 901/1821/561 900/1822/560
f 957/1823/578 955/1813/579 898/1816/558 899/1824/559
f 956/1825/587 957/1826/578 899/1827/559 903/1828/563
f 908/1829/568 909/1830/569 951/1831/605 950/1832/604
f 900/1822/560 901/1821/561 943/1833/597 942/1834/596
f 899/1835/559 898/1836/558 940/1837/594 941/1838/595
f 903/1828/563 899/1827/559 941/1839/595 945/1840/599
f 901/1841/561 902/1805/562 944/1808/598 943/1842/597
f 898/1836/558 900/1843/560 942/1844/596 940/1837/594
f 910/1845/570 911/1846/571 915/1847/575 914/1848/574 913/1849/573 912/1850/572
f 895/1851/555 894/1852/554 912/1853/572 913/1854/573
f 893/1855/553 892/1856/552 911/1857/571 910/1858/570
f 892/1859/552 897/1860/557 915/1861/575 911/1862/571
f 896/1802/556 895/1863/555 913/1864/573 914/1803/574
f 894/1865/554 893/1855/553 910/1858/570 912/1866/572
f 923/1867/580 924/1868/581 920/1869/578 921/1870/578
f 925/1871/582 926/1872/583 918/1873/577 919/1874/577
f 937/1875/592 929/1876/586 928/1877/585 938/1878/593
f 934/1879/590 926/1872/583 925/1871/582 935/1880/591
f 932/1881/588 924/1868/581 923/1867/580 933/1882/589
f 923/1883/580 922/1884/579 931/1885/579 933/1886/589
f 922/1884/579 926/1887/583 934/1888/590 931/1885/579
f 930/1889/587 924/1868/581 932/1881/588 939/1890/587
f 925/1871/582 927/1891/584 936/1892/584 935/1880/591
f 927/1893/584 929/1876/586 937/1875/592 936/1894/584
f 928/1877/585 930/1895/587 939/1896/587 938/1878/593
f 928/1877/585 929/1876/586 916/1897/576 917/1898/576
f 904/1899/564 905/1900/565 941/1838/595 940/1837/594
f 906/1901/566 904/1899/564 940/1837/594 942/1844/596
f 907/1902/567 906/1901/566 942/1844/596 943/1842/597
f 908/1903/568 907/1902/567 943/1842/597 944/1808/598
f 909/1904/569 908/1903/568 944/1808/598 945/1807/599
f 905/1900/565 909/1904/569 945/1807/599 941/1838/595
f 946/1905/600 948/1906/602 949/1907/603 950/1908/604 951/1909/605 947/1910/601
f 906/1911/566 907/1912/567 949/1913/603 948/1914/602
f 905/1915/565 904/1916/564 946/1917/600 947/1918/601
f 909/1919/569 905/1920/565 947/1921/601 951/1922/605
f 907/1923/567 908/1829/568 950/1832/604 949/1924/603
f 904/1916/564 906/1925/566 948/1926/602 946/1917/600
f 897/1860/557 892/1859/552 957/1826/578 956/1825/587
f 892/1856/552 893/1855/553 955/1813/579 957/1823/578
f 894/1852/554 895/1851/555 953/1820/584 954/1819/577
f 896/1802/556 897/1801/557 956/1817/587 952/1810/576
f 893/1855/553 894/1865/554 954/1814/577 955/1813/579
f 895/1863/555 896/1802/556 952/1810/576 953/1809/584
f 963/1927/611 962/1928/610 980/1929/628 981/1930/629
f 968/1931/616 969/1932/617 1011/1933/653 1010/1934/652
f 1019/1935/638 1018/1936/630 968/1931/616 967/1937/615
f 1021/1938/633 1020/1939/631 966/1940/614 964/1941/612
f 1018/1936/630 1022/1942/641 969/1932/617 968/1931/616
f 1020/1943/631 1019/1944/638 967/1945/615 966/1946/614
f 1023/1947/632 1021/1938/633 964/1941/612 965/1948/613
f 1022/1949/641 1023/1950/632 965/1951/613 969/1952/617
f 974/1953/622 975/1954/623 1017/1955/659 1016/1956/658
f 966/1946/614 967/1945/615 1009/1957/651 1008/1958/650
f 965/1951/613 964/1959/612 1006/1960/648 1007/1961/649
f 969/1952/617 965/1951/613 1007/1961/649 1011/1962/653
f 967/1945/615 968/1963/616 1010/1964/652 1009/1957/651
f 964/1941/612 966/1940/614 1008/1965/650 1006/1966/648
f 976/1967/624 977/1968/625 981/1969/629 980/1970/628 979/1971/627 978/1972/626
f 961/1973/609 960/1974/608 978/1972/626 979/1971/627
f 959/1975/607 958/1976/606 977/1977/625 976/1978/624
f 958/1976/606 963/1979/611 981/1980/629 977/1977/625
f 962/1981/610 961/1973/609 979/1971/627 980/1970/628
f 960/1982/608 959/1983/607 976/1984/624 978/1985/626
f 989/1986/634 990/1987/635 986/1988/632 987/1989/632
f 991/1990/636 992/1991/637 984/1992/631 985/1993/631
f 1003/1994/646 995/1995/640 994/1996/639 1004/1997/647
f 1000/1998/644 992/1991/637 991/1990/636 1001/1999/645
f 998/2000/642 990/1987/635 989/1986/634 999/2001/643
f 989/2002/634 988/2003/633 997/2004/633 999/2005/643
f 988/2003/633 992/1991/637 1000/1998/644 997/2004/633
f 996/2006/641 990/2007/635 998/2008/642 1005/2009/641
f 991/2010/636 993/2011/638 1002/2012/638 1001/2013/645
f 993/2014/638 995/1995/640 1003/1994/646 1002/2015/638
f 994/1996/639 996/2016/641 1005/2017/641 1004/1997/647
f 994/1996/639 995/1995/640 982/2018/630 983/2019/630
f 970/2020/618 971/2021/619 1007/1961/649 1006/1960/648
f 972/2022/620 970/2020/618 1006/1960/648 1008/2023/650
f 973/2024/621 972/2022/620 1008/2023/650 1009/2025/651
f 974/2026/622 973/2024/621 1009/2025/651 1010/2027/652
f 975/2028/623 974/2026/622 1010/2027/652 1011/1962/653
f 971/2021/619 975/2028/623 1011/1962/653 1007/1961/649
f 1012/2029/654 1014/2030/656 1015/2031/657 1016/2032/658 1017/2033/659 1013/2034/655
f 972/2035/620 973/2036/621 1015/2037/657 1014/2038/656
f 971/2039/619 970/2040/618 1012/2041/654 1013/2042/655
f 975/2043/623 971/2044/619 1013/2045/655 1017/2046/659
f 973/2047/621 974/1953/622 1016/1956/658 1015/2048/657
f 970/2040/618 972/2049/620 1014/2050/656 1012/2041/654
f 963/1979/611 958/1976/606 1023/2051/632 1022/2052/641
f 958/2053/606 959/1983/607 1021/1938/633 1023/1947/632
f 960/2054/608 961/2055/609 1019/1944/638 1020/1943/631
f 962/1928/610 963/1927/611 1022/1942/641 1018/1936/630
f 959/1983/607 960/1982/608 1020/1939/631 1021/1938/633
f 961/2056/609 962/1928/610 1018/1936/630 1019/1935/638
o Plants_1
v -0.920749 2.581801 1.149103
v 1.079251 2.585994 1.149103
v -0.920749 2.599969 0.789870
v 1.079251 2.585994 0.742240
v -0.920749 1.787081 0.702509
v 1.079251 1.780181 0.690902
v -0.920749 2.577779 0.710895
v 1.079251 2.570879 0.704996
v 0.079251 2.603661 1.149103
v 0.079251 2.612721 0.739194
v 0.079251 1.180542 0.645603
v 0.079251 2.568671 0.605793
v 0.606366 0.291114 -1.363950
v 0.608016 0.291175 -0.989569
v 0.955663 0.295460 -0.940097
v 0.991132 0.406359 -1.330757
v 0.648503 0.299288 -0.957881
v 0.596199 0.331639 -1.103074
v 0.609220 0.288224 -1.063555
v 0.962927 0.406019 -0.957681
v 0.624390 0.404734 -0.980325
v 0.620223 0.405670 -1.359223
v -1.233976 0.123459 0.365020
v -0.427670 0.013978 0.352338
v -0.404937 -0.002070 -1.047583
v -0.404529 0.006245 -0.289173
v -1.255375 0.118022 -0.950220
v -1.174999 0.105782 -1.099706
v -0.459094 0.095919 0.421875
v -0.414658 0.108346 -0.383342
v -0.473073 0.098905 -1.065583
v 0.482217 2.058004 -2.891983
v 0.945376 1.637681 -2.815952
v 0.862349 2.636726 -2.927671
v 1.063113 2.130874 -3.320990
v 0.974518 2.110321 -2.774291
v -1.304646 1.346942 -1.876440
v -1.403720 -0.139339 -2.016402
v -0.790035 1.397966 -2.921620
v -1.253477 -0.079051 -2.991363
v -0.861185 1.782478 -1.661886
v -0.291122 1.839000 -2.819689
v -1.054702 1.377006 -1.561460
v -1.196861 -0.109274 -1.657356
v -0.942846 1.428030 -2.721078
v -1.401014 -0.048987 -2.622468
v -0.564026 1.812542 -1.517547
v -0.440117 1.869064 -2.802119
v -1.326313 0.959010 -2.207815
v -1.432871 0.069117 -2.287568
v -0.724614 1.000011 -2.924981
v -0.986374 0.117561 -2.942540
v -1.006321 1.305307 -1.940484
v -0.339787 1.350726 -2.734927
v 4.343374 1.211854 -2.227545
v 4.528780 0.062742 -2.372561
v 5.103998 1.427681 -1.724635
v 5.227102 0.260625 -2.050251
v 4.110072 1.289434 -1.727942
v 4.870697 1.505261 -1.225031
v 4.142489 0.842982 -2.203733
v 4.435127 0.094911 -2.336985
v 4.497238 0.916554 -1.479987
v 4.744870 0.174103 -1.880430
v 3.853067 0.819748 -1.939197
v 4.179742 0.887497 -1.272726
v 4.392466 0.822532 -1.820828
v 4.728522 0.245764 -2.287100
v 4.988061 0.809293 -1.272961
v 5.176305 0.292022 -1.958458
v 4.240465 0.653036 -1.500748
v 4.788927 0.640844 -0.996237
vn -0.0164 0.9992 0.0354
vn 0.0222 0.9997 0.0111
vn -0.0208 0.9916 -0.1279
vn 0.0256 0.9867 -0.1608
vn -0.0851 -0.0144 -0.9963
vn 0.0756 -0.0118 -0.9971
vn -0.0673 0.6073 -0.7916
vn 0.0631 0.5920 -0.8035
vn 0.0029 0.9997 0.0232
vn 0.0023 0.9888 -0.1493
vn -0.0046 -0.0131 -0.9999
vn -0.0021 0.5617 -0.8273
vn -0.9956 0.0785 -0.0510
vn -0.9014 0.0322 0.4318
vn -0.0551 0.1604 0.9855
vn -0.0019 1.0000 0.0008
vn -0.3236 0.1216 0.9384
vn -0.9991 0.0343 0.0238
vn -0.9576 -0.2882 -0.0011
vn -0.0388 0.7751 0.6307
vn -0.5366 0.6535 0.5339
vn -0.6735 0.7386 -0.0298
vn 0.0242 0.9997 0.0063
vn 0.9731 0.2259 0.0462
vn 0.9399 0.3387 -0.0426
vn 0.9663 0.2566 0.0225
vn 0.0162 0.9993 -0.0324
vn 0.0134 0.9971 -0.0744
vn 0.4666 0.8838 0.0344
vn 0.6069 0.7947 -0.0133
vn 0.5245 0.8505 -0.0381
vn -0.2400 0.0830 0.9672
vn 0.5392 -0.1069 0.8354
vn 0.5578 0.3395 0.7574
vn 0.9805 0.1098 0.1630
vn 0.5499 0.1120 0.8277
vn 0.8154 -0.4978 0.2954
vn 0.9342 -0.1983 0.2965
vn 0.7947 -0.5316 0.2931
vn 0.6083 -0.7489 0.2629
vn 0.8672 -0.4978 -0.0119
vn 0.9787 -0.1983 -0.0529
vn 0.8470 -0.5316 -0.0067
vn 0.6620 -0.7489 0.0309
vn 0.6912 -0.5037 0.5182
vn 0.7854 -0.1955 0.5873
vn 0.6671 -0.5519 0.5004
vn 0.5108 -0.7689 0.3846
vn -0.2146 -0.6801 0.7010
vn -0.4274 -0.2344 0.8731
vn -0.1258 -0.7935 0.5954
vn 0.1339 -0.9679 0.2128
vn -0.4446 -0.8257 0.3472
vn -0.7540 -0.4460 0.4822
vn -0.2933 -0.9169 0.2706
vn 0.1187 -0.9920 0.0427
vn -0.1250 -0.9771 0.1721
vn -0.4139 -0.7466 0.5208
vn -0.0037 -0.9997 0.0242
vn 0.2899 -0.8959 -0.3368
vt 0.856409 0.545374
vt 0.856223 0.759992
vt 0.769103 0.759967
vt 0.768765 0.545333
vt 0.301501 0.218157
vt 0.303074 0.432717
vt 0.133202 0.433327
vt 0.003528 0.219208
vt 0.755097 0.759992
vt 0.745415 0.545409
vt 0.779372 0.330776
vt 0.756331 0.330811
vt 0.303074 0.003528
vt 0.133202 0.004138
vt 0.856037 0.330831
vt 0.864374 0.664879
vt 0.887401 0.670414
vt 0.863464 0.674511
vt 0.524995 0.849119
vt 0.524995 0.929225
vt 0.445168 0.929346
vt 0.887486 0.597862
vt 0.452189 0.848526
vt 0.879242 0.564381
vt 0.888525 0.572943
vt 0.887854 0.588809
vt 0.863465 0.590806
vt 0.863465 0.509497
vt 0.863464 0.599154
vt 0.888063 0.508481
vt 0.898807 0.155531
vt 0.898824 0.314701
vt 0.877657 0.315041
vt 0.876771 0.174443
vt 0.559934 0.345360
vt 0.738360 0.502836
vt 0.559934 0.627104
vt 0.728222 0.649246
vt 0.726048 0.330776
vt 0.577725 0.658991
vt 0.898824 0.019844
vt 0.881658 0.003528
vt 0.996472 0.479504
vt 0.863464 0.501425
vt 0.910311 0.413212
vt 0.745415 0.928512
vt 0.745415 0.774945
vt 0.824177 0.863850
vt 0.886526 0.767047
vt 0.996472 0.330776
vt 0.552879 0.330776
vt 0.545054 0.651316
vt 0.333347 0.650093
vt 0.310129 0.330776
vt 0.741789 0.286077
vt 0.741789 0.035847
vt 0.869716 0.003528
vt 0.869716 0.280721
vt 0.558703 0.003528
vt 0.557831 0.323720
vt 0.364189 0.321425
vt 0.310129 0.003528
vt 0.438112 0.659193
vt 0.438112 0.908304
vt 0.310129 0.934325
vt 0.310129 0.658371
vt 0.737799 0.666877
vt 0.737799 0.858967
vt 0.579864 0.856280
vt 0.559934 0.666046
vt 0.191531 0.669534
vt 0.191531 0.469024
vt 0.297497 0.440383
vt 0.297497 0.662498
vt 0.184476 0.450160
vt 0.184476 0.692548
vt 0.022308 0.679256
vt 0.003528 0.440383
vt 0.162579 0.922240
vt 0.162579 0.721392
vt 0.278124 0.699604
vt 0.278124 0.900451
vt 0.155524 0.741795
vt 0.155524 0.904326
vt 0.060442 0.870624
vt 0.003528 0.699604
vt 0.445168 0.841470
vt 0.445168 0.668776
vt 0.525555 0.658371
vt 0.525555 0.817399
vt 0.577642 0.119096
vt 0.565758 0.003528
vt 0.680290 0.029311
vt 0.734734 0.175788
vt 0.710418 0.248679
vt 0.565758 0.196473
s 1
usemtl Materiais.010
f 1032/2057/668 1025/2058/661 1027/2059/663 1033/2060/669
f 1035/2061/671 1031/2062/667 1029/2063/665 1034/2064/670
f 1033/2060/669 1027/2059/663 1031/2065/667 1035/2066/671
f 1026/2067/662 1033/2060/669 1035/2066/671 1030/2068/666
f 1030/2069/666 1035/2061/671 1034/2064/670 1028/2070/664
f 1024/2071/660 1032/2057/668 1033/2060/669 1026/2067/662
f 1040/2072/676 1044/2073/680 1037/2074/673
f 1043/2075/679 1039/2076/675 1045/2077/681
f 1040/2072/676 1043/2078/679 1044/2073/680
f 1044/2079/680 1043/2075/679 1045/2077/681
f 1041/2080/677 1042/2081/678 1037/2082/673
f 1041/2080/677 1044/2083/680 1045/2084/681
f 1040/2072/676 1038/2085/674 1043/2078/679
f 1036/2086/672 1041/2080/677 1045/2084/681
f 1037/2082/673 1044/2083/680 1041/2080/677
f 1042/2081/678 1041/2080/677 1036/2086/672
f 1049/2087/685 1048/2088/684 1054/2089/690 1053/2090/689
f 1046/2091/682 1053/2092/689 1050/2093/686
f 1050/2093/686 1053/2092/689 1054/2094/690
f 1052/2095/688 1053/2092/689 1046/2091/682
f 1054/2094/690 1051/2096/687 1050/2093/686
f 1047/2097/683 1049/2087/685 1053/2090/689 1052/2098/688
f 1055/2099/691 1056/2100/692 1059/2101/695
f 1056/2102/692 1058/2103/694 1059/2104/695
f 1058/2103/694 1057/2105/693 1059/2104/695
f 1057/2106/693 1055/2099/691 1059/2101/695
f 1060/2107/696 1061/2108/697 1063/2109/697 1062/2110/698
f 1060/2111/696 1062/2112/698 1065/2113/699 1064/2114/699
f 1066/2115/700 1067/2116/701 1069/2117/701 1068/2118/702
f 1066/2119/700 1068/2120/702 1071/2121/703 1070/2122/703
f 1072/2123/704 1073/2124/705 1075/2125/705 1074/2126/706
f 1072/2127/704 1074/2128/706 1077/2129/707 1076/2130/707
f 1078/2131/708 1079/2132/709 1081/2133/709 1080/2134/710
f 1078/2135/708 1080/2136/710 1083/2137/711 1082/2138/711
f 1084/2139/712 1085/2140/713 1087/2141/713 1086/2142/714
f 1084/2143/712 1086/2144/714 1089/2145/715 1088/2146/715
f 1090/2147/716 1091/2148/717 1093/2149/717 1092/2150/718
f 1090/2147/716 1092/2150/718 1095/2151/719 1094/2152/719
o Props_4
v 3.406348 -0.081541 1.119488
v 3.553586 -0.081541 1.234940
v 3.521799 -0.081541 0.972249
v 3.669038 -0.081541 1.087701
v 3.406348 4.662949 1.119488
v 3.553586 4.662949 1.234940
v 3.521799 4.662949 0.972249
v 3.669038 4.662949 1.087701
v -1.742489 0.000000 -1.937198
v -1.595250 0.000000 -1.821746
v -1.627037 0.000000 -2.084436
v -1.479798 0.000000 -1.968985
v -1.742489 4.369400 -1.937198
v -1.595250 4.369400 -1.821746
v -1.627037 4.369400 -2.084436
v -1.479798 4.369400 -1.968985
v -1.408023 4.508356 3.150621
v -1.362503 4.508356 3.186313
v -1.372330 4.508356 3.105101
v -1.326811 4.508356 3.140794
v -1.408023 5.016440 3.150621
v -1.362503 5.016440 3.186313
v -1.372330 5.016440 3.105101
v -1.326811 5.016440 3.140794
v 3.370964 2.463248 1.025661
v 3.370964 3.162284 1.025661
v 3.370964 2.463248 0.833700
v 3.370964 3.162284 0.833700
v 3.645895 2.463248 1.025661
v 3.645895 3.162284 1.025661
v 3.645895 2.463248 0.833700
v 3.645895 3.162284 0.833700
v 3.370964 3.349933 1.432418
v 3.370964 4.048969 1.432418
v 3.370964 3.349933 1.240456
v 3.370964 4.048969 1.240456
v 3.645895 3.349933 1.432418
v 3.645895 4.048969 1.432418
v 3.645895 3.349933 1.240456
v 3.645895 4.048969 1.240456
v -1.591980 4.296245 -1.940951
v -1.591980 4.312479 -1.979679
v 3.486062 4.218419 1.078935
v 3.486062 4.234652 1.040207
v -1.613522 4.198393 -1.867521
v -1.613522 4.173073 -1.895743
v 3.453130 4.151862 1.127075
v 3.453130 4.111769 1.127075
v -1.584684 4.155445 -1.914158
v -1.584684 4.171768 -1.939721
v 3.493358 4.077618 1.105727
v 3.493358 4.093942 1.080165
v -1.542531 4.101014 -1.968943
v -1.520964 4.124675 -1.994962
v 3.535511 3.976611 1.115924
v 3.535511 3.951290 1.087702
v -1.557629 4.265186 -1.976086
v -1.557629 4.225093 -1.976086
v 3.520413 4.187359 1.043800
v 3.541980 4.211021 1.017780
v 2.842341 4.043386 0.657389
v -0.948260 4.101482 -1.596862
v 0.947041 3.827142 -0.469736
v -0.948260 4.085248 -1.558134
v 2.842341 4.027153 0.696117
v 0.947041 3.810908 -0.431008
v -0.856364 4.095572 -1.475384
v 2.910805 4.045221 0.842569
v 0.994303 3.900078 -0.262908
v 2.910804 4.005128 0.842570
v -0.856364 4.055479 -1.475383
v 0.994303 3.859985 -0.262908
v -0.956896 4.077232 -1.540816
v 2.865570 4.018649 0.732386
v 0.954337 3.961446 -0.404215
v 2.865571 4.034973 0.706823
v -0.956896 4.093556 -1.566379
v 0.954337 3.977769 -0.429778
v -0.914424 4.127042 -1.422534
v 2.825022 3.977403 0.710626
v 0.955299 4.022096 -0.355954
v 2.825022 3.952083 0.682405
v -0.914424 4.101722 -1.450755
v 0.955299 3.996775 -0.384175
v -1.042114 3.901406 -1.671166
v 3.019994 3.970683 0.746023
v 0.988940 3.586121 -0.462571
v 3.041562 3.994344 0.720003
v -1.020547 3.925067 -1.697185
v 1.010508 3.609782 -0.488591
v -1.774330 2.749393 -1.726335
v -1.774330 3.448429 -1.726335
v -1.774330 2.749393 -1.918297
v -1.774330 3.448429 -1.918297
v -1.499399 2.749393 -1.726335
v -1.499399 3.448429 -1.726335
v -1.499399 2.749393 -1.918297
v -1.499399 3.448429 -1.918297
v -1.377055 4.995937 3.155695
v -1.385855 5.001158 3.149093
v 3.493666 3.937207 1.113492
v 3.463321 3.955212 1.090724
v -1.365628 4.967231 3.174220
v -1.373002 4.960316 3.169894
v 3.508676 3.871570 1.170922
v 3.505099 3.831678 1.172729
v -1.373126 4.954751 3.160219
v -1.378790 4.959816 3.155787
v 3.507215 3.795189 1.129089
v 3.487686 3.812654 1.113809
v -1.380683 4.938732 3.141852
v -1.382737 4.945372 3.132114
v 3.530349 3.690500 1.104830
v 3.504921 3.666657 1.089912
v -1.380605 4.986588 3.142124
v -1.381643 4.975019 3.142648
v 3.481425 3.904969 1.066693
v 3.474339 3.927865 1.033113
v 2.769376 3.839924 1.410013
v -0.477801 4.545636 2.728423
v 1.016270 3.988105 2.123901
v -0.458457 4.534159 2.742936
v 2.799511 3.821815 1.432813
v 1.029832 3.977410 2.137080
v -0.381528 4.533042 2.724554
v 2.959731 3.826663 1.459151
v 1.107951 4.008069 2.172935
v 2.956155 3.786771 1.460958
v -0.383808 4.507613 2.725706
v 1.105716 3.987478 2.174116
v -0.452955 4.529029 2.753968
v 2.841419 3.809477 1.434792
v 1.049855 4.052363 2.138828
v 2.821946 3.826969 1.419502
v -0.465404 4.540163 2.744227
v 1.041162 4.062257 2.130013
v -0.372955 4.554639 2.773208
v 2.797239 3.773151 1.457528
v 1.071179 4.080226 2.152794
v 2.771939 3.749370 1.442591
v -0.389163 4.539440 2.763699
v 1.059385 4.069073 2.144143
v -0.561805 4.426252 2.756343
v 2.935404 3.747535 1.317919
v 1.013137 3.858188 2.120074
v 2.928318 3.770431 1.284338
v -0.566322 4.440847 2.734938
v 1.009691 3.869870 2.103059
v 3.543265 2.780954 1.087391
v 3.538107 2.776146 1.047634
v -1.406283 4.675906 3.137994
v -1.408850 4.698761 3.096888
v -0.401867 4.153283 2.713392
v 2.987722 2.821428 1.384311
v 1.107861 3.366247 2.135093
v 2.982617 2.815950 1.344488
v -0.405613 4.161449 2.672829
v 1.104157 3.379293 2.094565
v -5.094444 -1.727641 0.407330
v -4.947205 -1.727641 0.522782
v -4.978992 -1.727641 0.260092
v -4.831753 -1.727641 0.375543
v -5.094444 2.641758 0.407330
v -4.947205 2.641758 0.522782
v -4.978992 2.641758 0.260092
v -4.831753 2.641758 0.375543
v -2.169597 -0.103343 6.957366
v -2.022358 -0.103343 7.072818
v -2.054145 -0.103343 6.810128
v -1.906906 -0.103343 6.925580
v -2.169597 4.266057 6.957366
v -2.022358 4.266057 7.072818
v -2.054145 4.266057 6.810128
v -1.906906 4.266057 6.925580
v 1.423993 0.224371 -5.882478
v 1.571232 0.224371 -5.767026
v 1.539445 0.224371 -6.029716
v 1.686684 0.224371 -5.914265
v 1.423993 4.593771 -5.882478
v 1.571232 4.593771 -5.767026
v 1.539445 4.593771 -6.029716
v 1.686684 4.593771 -5.914265
v 3.484719 4.173375 1.136832
v 3.478250 4.175472 1.127488
v 7.871333 5.494671 0.919432
v 7.845878 5.501251 0.887338
v 3.492935 4.147893 1.158059
v 3.491841 4.139336 1.151446
v 7.896969 5.434454 0.979913
v 7.912100 5.397331 0.980799
v 3.504213 4.137526 1.142801
v 3.499399 4.140432 1.136603
v 7.944310 5.372645 0.940886
v 7.925471 5.382212 0.919624
v 3.541252 4.130126 1.124609
v 3.539793 4.136712 1.114739
v 8.018344 5.293279 0.926865
v 8.013709 5.263635 0.904239
v 3.508680 4.169940 1.123812
v 3.512529 4.159038 1.124016
v 7.890834 5.468038 0.871376
v 7.884917 5.490459 0.837069
v 7.250371 5.056505 0.950336
v 4.379335 4.191105 1.060081
v 5.731237 4.370188 1.020104
v 4.392860 4.186376 1.080564
v 7.275347 5.049616 0.982232
v 5.741474 4.364127 1.037212
v 4.471937 4.223494 1.090839
v 7.392996 5.118023 1.062639
v 5.791406 4.421634 1.098077
v 7.407968 5.080840 1.063435
v 4.480350 4.199544 1.091267
v 5.798618 4.402190 1.098498
v 4.397736 4.182805 1.093030
v 7.314821 5.056546 0.999284
v 5.725673 4.439674 1.045753
v 7.296160 5.066218 0.978118
v 4.387569 4.189262 1.079446
v 5.717896 4.446326 1.034421
v 4.426155 4.233081 1.138972
v 7.289398 5.002110 1.005748
v 5.717810 4.469727 1.066026
v 7.284916 4.972610 0.983193
v 4.424160 4.214354 1.124459
v 5.716976 4.456301 1.053874
v 4.401685 4.053751 1.057710
v 7.452909 5.058869 0.921463
v 5.814402 4.259024 1.016213
v 7.447243 5.081373 0.887251
v 4.398358 4.068191 1.036018
v 5.811315 4.270522 0.999009
v 7.897750 5.015086 0.932038
v 7.908196 5.014758 0.892904
v 3.578289 4.018912 1.122442
v 3.578627 4.044724 1.083015
v 4.473629 4.113272 1.084717
v 7.360672 4.758039 1.020060
v 5.735733 4.234057 1.076646
v 7.370988 4.757673 0.980926
v 4.477973 4.125699 1.045449
v 5.737685 4.250942 1.037334
v 1.534964 4.451740 -5.974215
v 1.542816 4.456763 -5.981715
v 3.519635 4.201394 1.078922
v 3.544497 4.216854 1.047206
v 1.515696 4.422847 -5.965086
v 1.521612 4.415749 -5.970906
v 3.463174 4.134184 1.086923
v 3.462695 4.093867 1.085897
v 1.531914 4.410732 -5.968860
v 1.537061 4.415671 -5.973753
v 3.503408 4.059262 1.098167
v 3.519693 4.075003 1.076914
v 1.549792 4.395008 -5.970837
v 1.559469 4.401992 -5.971254
v 3.530765 3.959865 1.141286
v 3.548692 3.933914 1.117860
v 1.546621 4.442605 -5.973574
v 1.546840 4.430994 -5.973980
v 3.572536 4.171937 1.083179
v 3.606779 4.195938 1.080463
v 3.260051 3.986239 0.143814
v 1.865562 4.094690 -4.819312
v 2.502994 3.788713 -2.476505
v 1.849616 4.084252 -4.798072
v 3.236179 3.971265 0.178269
v 2.490462 3.779668 -2.458998
v 1.855686 4.090525 -4.699050
v 3.203120 3.996969 0.366137
v 2.450042 3.818917 -2.371063
v 3.203094 3.956872 0.366024
v 1.856567 4.065248 -4.697515
v 2.450660 3.798550 -2.369896
v 1.837230 4.078496 -4.799163
v 3.228225 3.963029 0.223538
v 2.478823 3.853780 -2.456161
v 3.243901 3.978425 0.200503
v 1.847660 4.088930 -4.813355
v 2.487002 3.862563 -2.467836
v 1.807420 4.109858 -4.709761
v 3.208429 3.918907 0.165251
v 2.461673 3.882996 -2.437672
v 3.225979 3.892748 0.140455
v 1.819737 4.093978 -4.724261
v 2.471490 3.870869 -2.449117
v 1.850678 3.967288 -4.913507
v 3.353328 3.925762 0.386937
v 2.517164 3.662037 -2.453725
v 3.387172 3.949602 0.383656
v 1.871908 3.982523 -4.915327
v 2.533902 3.674038 -2.455707
v 3.553071 3.835766 1.169738
v 3.594077 3.832690 1.172632
v 1.565690 4.177970 -5.980919
v 1.605791 4.202822 -5.976487
v 1.874539 3.907139 -4.711147
v 3.283365 3.763486 0.436238
v 2.489654 3.679393 -2.358409
v 3.324389 3.760600 0.439668
v 1.915648 3.918316 -4.705060
v 2.530916 3.695795 -2.353520
v 6.141631 1.345403 -4.460628
v 6.288869 1.345403 -4.345176
v 6.257082 1.345403 -4.607866
v 6.404321 1.345403 -4.492414
v 6.141631 5.714803 -4.460628
v 6.288869 5.714803 -4.345176
v 6.257082 5.714803 -4.607866
v 6.404321 5.714803 -4.492414
v 1.465530 4.407828 -5.894815
v 1.461246 4.410449 -5.905910
v 6.292065 5.562146 -4.476189
v 6.277292 5.571182 -4.514445
v 1.473473 4.382745 -5.870208
v 1.473440 4.374378 -5.877341
v 6.293376 5.498453 -4.414763
v 6.304874 5.460207 -4.411224
v 1.481220 4.370699 -5.884451
v 1.477926 4.373981 -5.891918
v 6.346169 5.434116 -4.440453
v 6.334810 5.445431 -4.466199
v 1.492864 4.356048 -5.901794
v 1.494690 4.362898 -5.911432
v 6.329186 5.318562 -4.467253
v 6.329075 5.289709 -4.491851
v 1.474633 4.400026 -5.906666
v 1.477968 4.388935 -5.905640
v 6.323454 5.535242 -4.517055
v 6.329749 5.558864 -4.550288
v 5.651981 5.161361 -4.666812
v 2.515882 4.386564 -5.637975
v 4.044886 4.527545 -5.161284
v 2.524847 4.380873 -5.613596
v 5.666192 5.152259 -4.628761
v 4.050025 4.520744 -5.141611
v 2.588509 4.410929 -5.581529
v 5.758180 5.211814 -4.512604
v 4.068754 4.572559 -5.069963
v 5.769825 5.173532 -4.509025
v 2.595622 4.386581 -5.579273
v 4.074224 4.552634 -5.068148
v 2.524227 4.376484 -5.601101
v 5.698272 5.156096 -4.600807
v 4.035040 4.596667 -5.136312
v 5.687277 5.167373 -4.626442
v 2.517311 4.383647 -5.617508
v 4.030859 4.603867 -5.149532
v 2.555948 4.425269 -5.541146
v 5.589178 5.073596 -4.635340
v 3.996878 4.614512 -5.128449
v 5.589781 5.044817 -4.659692
v 2.556129 4.406872 -5.556790
v 3.998442 4.601281 -5.141090
v 2.486917 4.241736 -5.653848
v 5.855112 5.151855 -4.630209
v 4.095092 4.407195 -5.151708
v 5.861099 5.175557 -4.663524
v 2.490977 4.256788 -5.675037
v 4.098207 4.419331 -5.168514
v 6.252742 5.079717 -4.469650
v 6.274571 5.079518 -4.503616
v 1.558652 4.148695 -5.893078
v 1.572558 4.175210 -5.929522
v 2.590217 4.218958 -5.588873
v 5.687595 4.852858 -4.570839
v 3.984279 4.354955 -5.111217
v 5.708920 4.852757 -4.604963
v 2.607627 4.232112 -5.624198
v 3.999434 4.372881 -5.147139
v -5.012218 2.410828 0.404358
v -5.022703 2.411798 0.399691
v -1.654533 4.306708 -1.910507
v -1.693208 4.309036 -1.924969
v -4.996299 2.387806 0.420624
v -4.999409 2.379061 0.414976
v -1.593420 4.252354 -1.874888
v -1.575037 4.217888 -1.883908
v -4.988006 2.378263 0.397590
v -4.995606 2.380330 0.394846
v -1.564754 4.197255 -1.935930
v -1.592738 4.203676 -1.944217
v -4.964233 2.376072 0.362828
v -4.971359 2.382192 0.355440
v -1.533557 4.132676 -1.966469
v -1.544858 4.102355 -1.985360
v -4.998226 2.410617 0.380848
v -4.993404 2.400390 0.378452
v -1.658921 4.282157 -1.963254
v -1.684509 4.302745 -1.988511
v -2.097408 3.790729 -1.597601
v -4.303456 2.552873 -0.111430
v -3.226070 2.912193 -0.814896
v -4.281125 2.550455 -0.100861
v -2.059352 3.787939 -1.583071
v -3.208042 2.907905 -0.805648
v -4.214883 2.598397 -0.129690
v -1.929424 3.873180 -1.568970
v -3.143390 2.972805 -0.775020
v -1.911247 3.838597 -1.577981
v -4.204386 2.575887 -0.134938
v -3.134474 2.954583 -0.779406
v -4.270223 2.547909 -0.092808
v -2.018228 3.800785 -1.587880
v -3.227095 2.980705 -0.786018
v -2.045928 3.807387 -1.596177
v -4.286488 2.552629 -0.099023
v -3.240231 2.986013 -0.791489
v -4.242027 2.603728 -0.056401
v -2.061783 3.747441 -1.550348
v -3.250323 3.012203 -0.747367
v -2.072805 3.717317 -1.569280
v -4.248464 2.584664 -0.069009
v -3.255282 2.998603 -0.758219
v -4.266287 2.420482 -0.132706
v -1.943006 3.820060 -1.724080
v -3.142660 2.813935 -0.866537
v -1.968342 3.840792 -1.749385
v -4.282040 2.433893 -0.148888
v -3.155580 2.824546 -0.879142
v -1.558653 3.838158 -1.941086
v -1.569730 3.838506 -1.980062
v -4.920664 2.271059 0.335801
v -4.943878 2.295901 0.303149
v -4.202240 2.489671 -0.142292
v -1.927742 3.513296 -1.610535
v -3.174928 2.780015 -0.776552
v -1.938960 3.513590 -1.649449
v -4.220243 2.501818 -0.177592
v -3.195616 2.796216 -0.810425
v -1.370066 5.009551 3.124187
v -1.363651 5.013141 3.122797
v -2.058691 4.079756 6.983313
v -2.024217 4.100455 6.970166
v -1.382153 4.990954 3.119559
v -1.376943 4.986696 3.117222
v -2.111033 4.013720 6.956880
v -2.108432 3.974535 6.950764
v -1.372130 4.982918 3.121909
v -1.367976 4.986324 3.121196
v -2.071549 3.938587 6.976942
v -2.049168 3.957837 6.968871
v -1.364112 4.965941 3.145657
v -1.358320 4.970480 3.148386
v -2.058459 3.832384 7.009220
v -2.030935 3.811046 6.994410
v -1.363756 5.000508 3.137109
v -1.363162 4.993106 3.135625
v -2.011427 4.049129 6.999192
v -1.980879 4.072775 7.013808
v -1.899554 4.051013 6.147152
v -1.415128 4.729050 3.610335
v -1.585478 4.301817 4.533413
v -1.429806 4.720803 3.613170
v -1.932927 4.030396 6.160716
v -1.599662 4.292186 4.535664
v -1.449392 4.715540 3.666080
v -2.040658 4.021274 6.282355
v -1.661649 4.308933 4.578562
v -2.038140 3.983019 6.277082
v -1.448083 4.698310 3.662853
v -1.660668 4.292094 4.576525
v -1.438100 4.717104 3.611888
v -1.956004 4.016556 6.190506
v -1.612903 4.352230 4.549418
v -1.934233 4.035489 6.182114
v -1.428585 4.724956 3.610414
v -1.603714 4.360776 4.548275
v -1.477861 4.733309 3.642339
v -1.948438 3.984687 6.141408
v -1.631794 4.372548 4.559856
v -1.921839 3.964542 6.126904
v -1.465908 4.723433 3.637273
v -1.620473 4.364211 4.556247
v -1.401679 4.639329 3.582776
v -1.911205 3.944411 6.348920
v -1.580331 4.187660 4.553734
v -1.881606 3.967485 6.362725
v -1.388404 4.649816 3.588838
v -1.567838 4.197831 4.558670
v -1.953115 3.687552 6.830386
v -1.917438 3.683211 6.849613
v -1.347790 4.898706 3.128869
v -1.325206 4.914619 3.142774
v -1.420892 4.662076 3.638725
v -1.893469 3.777839 6.142547
v -1.586257 4.230631 4.489554
v -1.859028 3.773747 6.160521
v -1.396449 4.669314 3.651077
v -1.558293 4.242910 4.504036
v 7.742236 1.195344 0.915849
v 7.889475 1.195344 1.031301
v 7.857688 1.195344 0.768610
v 8.004927 1.195344 0.884062
v 7.742236 5.564744 0.915849
v 7.889475 5.564744 1.031301
v 7.857688 5.564744 0.768610
v 8.004927 5.564744 0.884062
vn -0.8106 0.5774 0.0981
vn 0.0981 0.5774 0.8106
vn 0.8106 0.5774 -0.0981
vn -0.0981 0.5774 -0.8106
vn 0.1201 -0.0000 0.9928
vn 0.9928 -0.0000 -0.1201
vn -0.1201 -0.0000 -0.9928
vn -0.9928 -0.0000 0.1201
vn 0.8106 0.5773 -0.0981
vn -1.0000 -0.0000 -0.0000
vn -0.0000 -0.0000 -1.0000
vn 1.0000 -0.0000 -0.0000
vn -0.0000 -0.0000 1.0000
vn -0.0000 -1.0000 -0.0000
vn -0.0000 1.0000 -0.0000
vn 0.0429 -0.9214 -0.3862
vn -0.0181 -0.9221 -0.3865
vn 0.1740 -0.9082 -0.3807
vn 0.2442 -0.8943 -0.3749
vn 0.3680 -0.8575 -0.3595
vn 0.4024 -0.8443 -0.3539
vn 0.4500 -0.8236 -0.3452
vn -0.0722 -0.9199 -0.3856
vn -0.4836 -0.0000 0.8753
vn -0.4809 -0.0000 0.8768
vn -0.5242 -0.0000 0.8516
vn -0.5239 -0.0000 0.8518
vn -0.5661 -0.0000 0.8243
vn -0.5631 -0.0000 0.8264
vn -0.5811 -0.0000 0.8138
vn -0.4646 -0.0000 0.8855
vn 0.2429 -0.8176 -0.5221
vn 0.2274 -0.8207 -0.5241
vn 0.2838 -0.8082 -0.5161
vn 0.3030 -0.8032 -0.5129
vn 0.3429 -0.7917 -0.5056
vn 0.3546 -0.7881 -0.5032
vn 0.2103 -0.8240 -0.5262
vn 0.3708 -0.7827 -0.4998
vn -0.4124 -0.6781 0.6084
vn -0.4253 -0.6737 0.6044
vn -0.3820 -0.6879 0.6172
vn -0.3778 -0.6892 0.6183
vn -0.3652 -0.6929 0.6217
vn -0.3619 -0.6939 0.6225
vn -0.4480 -0.6655 0.5971
vn -0.3567 -0.6954 0.6239
vn 0.1411 -0.7879 -0.5995
vn 0.1404 -0.7877 -0.5999
vn 0.3141 -0.8174 -0.4830
vn 0.2974 -0.8161 -0.4956
vn 0.4730 -0.8106 -0.3451
vn 0.4519 -0.8138 -0.3655
vn 0.0731 -0.7673 -0.6371
vn 0.5221 -0.8003 -0.2950
vn -0.4345 -0.8847 -0.1686
vn -0.4562 -0.8829 -0.1112
vn -0.3563 -0.8894 -0.2864
vn -0.3048 -0.8879 -0.3446
vn -0.1916 -0.8690 -0.4562
vn -0.1526 -0.8584 -0.4898
vn -0.1037 -0.8419 -0.5296
vn -0.4718 -0.8792 -0.0664
vn 0.4105 0.0053 0.9119
vn 0.4164 0.0046 0.9092
vn 0.3557 0.0123 0.9345
vn 0.3562 0.0122 0.9343
vn 0.3728 0.0095 0.9279
vn 0.3667 0.0105 0.9303
vn 0.3883 0.0069 0.9215
vn 0.4650 -0.0016 0.8853
vn -0.4511 -0.8069 -0.3814
vn -0.4808 -0.8124 -0.3300
vn -0.3864 -0.7983 -0.4619
vn -0.3555 -0.7950 -0.4915
vn -0.2991 -0.7883 -0.5377
vn -0.2866 -0.7879 -0.5451
vn -0.5037 -0.8147 -0.2873
vn -0.2713 -0.7871 -0.5540
vn 0.1000 -0.6206 0.7777
vn 0.0948 -0.6123 0.7849
vn 0.1381 -0.6547 0.7432
vn 0.1477 -0.6591 0.7374
vn 0.2012 -0.6785 0.7066
vn 0.2195 -0.6834 0.6963
vn 0.0802 -0.5888 0.8043
vn 0.2488 -0.6907 0.6790
vn -0.5318 -0.7470 -0.3989
vn -0.5387 -0.7440 -0.3952
vn -0.3565 -0.8041 -0.4757
vn -0.3629 -0.8026 -0.4734
vn -0.1235 -0.8314 -0.5417
vn -0.1587 -0.8305 -0.5339
vn -0.6102 -0.7085 -0.3543
vn -0.0191 -0.8280 -0.5605
vn -0.1249 -0.9906 0.0554
vn -0.1876 -0.9821 0.0168
vn -0.4173 -0.9006 -0.1219
vn -0.3989 -0.9102 -0.1112
vn -0.5227 -0.8225 -0.2240
vn -0.5196 -0.8270 -0.2145
vn -0.5351 -0.8026 -0.2635
vn -0.0030 -0.9917 0.1286
vn 0.0750 -0.9507 -0.3010
vn 0.0386 -0.9639 -0.2635
vn 0.2058 -0.8967 -0.3920
vn 0.2615 -0.8682 -0.4217
vn 0.3966 -0.7773 -0.4884
vn 0.4291 -0.7500 -0.5033
vn 0.4740 -0.7086 -0.5227
vn 0.0002 -0.9748 -0.2232
vn 0.0612 0.0467 0.9970
vn 0.0681 0.0495 0.9964
vn 0.0010 0.0210 0.9998
vn 0.0020 0.0215 0.9998
vn 0.0152 0.0241 0.9996
vn 0.0091 0.0221 0.9997
vn 0.0326 0.0296 0.9990
vn 0.1183 0.0704 0.9905
vn 0.1012 -0.8558 -0.5073
vn 0.0628 -0.8771 -0.4761
vn 0.1943 -0.8019 -0.5649
vn 0.2239 -0.7843 -0.5786
vn 0.2879 -0.7442 -0.6028
vn 0.2976 -0.7390 -0.6045
vn 0.0210 -0.8974 -0.4407
vn 0.3110 -0.7316 -0.6066
vn 0.1209 -0.6290 0.7680
vn 0.1116 -0.6266 0.7713
vn 0.1953 -0.6345 0.7479
vn 0.2055 -0.6332 0.7462
vn 0.2721 -0.6199 0.7360
vn 0.2899 -0.6149 0.7334
vn 0.0723 -0.6157 0.7846
vn 0.3208 -0.6057 0.7282
vn -0.0019 -0.8319 -0.5549
vn -0.0108 -0.8325 -0.5539
vn 0.2258 -0.7935 -0.5651
vn 0.2173 -0.7957 -0.5653
vn 0.4637 -0.7019 -0.5406
vn 0.4287 -0.7192 -0.5468
vn -0.1160 -0.8347 -0.5384
vn 0.5502 -0.6526 -0.5209
vn 0.3892 -0.9210 0.0147
vn 0.3574 -0.9329 -0.0437
vn 0.1833 -0.9484 -0.2587
vn 0.2020 -0.9492 -0.2415
vn 0.0785 -0.9165 -0.3922
vn 0.0804 -0.9202 -0.3831
vn 0.0697 -0.8989 -0.4326
vn 0.4450 -0.8867 0.1259
vn 0.2984 -0.9216 -0.2482
vn 0.2329 -0.9238 -0.3039
vn 0.3827 -0.9082 -0.1695
vn 0.4377 -0.8920 -0.1132
vn 0.5058 -0.8618 -0.0367
vn 0.5363 -0.8440 0.0007
vn 0.5622 -0.8263 0.0340
vn 0.1892 -0.9215 -0.3391
vn -0.9541 -0.0021 0.2996
vn -0.9523 -0.0017 0.3053
vn -0.9669 -0.0114 0.2549
vn -0.9666 -0.0107 0.2561
vn -0.9714 -0.0200 0.2364
vn -0.9708 -0.0192 0.2390
vn -0.9730 -0.0220 0.2298
vn -0.9407 0.0011 0.3391
vn 0.4990 -0.8270 -0.2592
vn 0.4463 -0.8389 -0.3116
vn 0.5547 -0.8086 -0.1962
vn 0.5804 -0.7978 -0.1633
vn 0.6051 -0.7861 -0.1264
vn 0.6096 -0.7841 -0.1164
vn 0.4085 -0.8443 -0.3468
vn 0.6138 -0.7822 -0.1070
vn -0.7382 -0.6684 0.0911
vn -0.7513 -0.6566 0.0668
vn -0.7051 -0.6902 0.1626
vn -0.6999 -0.6909 0.1813
vn -0.6865 -0.6921 0.2230
vn -0.6812 -0.6927 0.2371
vn -0.7737 -0.6332 0.0218
vn -0.6753 -0.6931 0.2521
vn 0.5278 -0.7749 -0.3477
vn 0.5280 -0.7751 -0.3469
vn 0.5613 -0.8111 -0.1645
vn 0.5597 -0.8097 -0.1765
vn 0.5771 -0.8164 0.0231
vn 0.5755 -0.8177 -0.0121
vn 0.5018 -0.7427 -0.4434
vn 0.5779 -0.8094 0.1041
vn 0.0113 -0.9973 0.0722
vn 0.0732 -0.9967 0.0350
vn 0.2695 -0.9560 -0.1162
vn 0.2323 -0.9692 -0.0821
vn 0.3868 -0.8887 -0.2461
vn 0.3686 -0.9028 -0.2217
vn 0.4192 -0.8603 -0.2901
vn -0.0817 -0.9885 0.1273
vn 0.1411 -0.9439 -0.2987
vn 0.0847 -0.9598 -0.2676
vn 0.2812 -0.8958 -0.3441
vn 0.3507 -0.8655 -0.3577
vn 0.4879 -0.7861 -0.3794
vn 0.5241 -0.7602 -0.3839
vn 0.5694 -0.7245 -0.3885
vn 0.0395 -0.9695 -0.2419
vn -0.2586 0.0129 0.9659
vn -0.2508 0.0153 0.9679
vn -0.3193 -0.0048 0.9476
vn -0.3188 -0.0047 0.9478
vn -0.2999 0.0011 0.9540
vn -0.3070 -0.0007 0.9517
vn -0.2803 0.0062 0.9599
vn -0.1962 0.0318 0.9800
vn 0.2284 -0.8447 -0.4840
vn 0.1726 -0.8699 -0.4621
vn 0.3291 -0.7955 -0.5088
vn 0.3660 -0.7763 -0.5133
vn 0.4269 -0.7419 -0.5171
vn 0.4337 -0.7385 -0.5163
vn 0.1250 -0.8882 -0.4421
vn 0.4426 -0.7339 -0.5152
vn -0.1566 -0.6532 0.7408
vn -0.1685 -0.6486 0.7422
vn -0.0892 -0.6643 0.7422
vn -0.0760 -0.6637 0.7442
vn -0.0099 -0.6564 0.7544
vn 0.0096 -0.6528 0.7574
vn -0.2016 -0.6354 0.7454
vn 0.0411 -0.6466 0.7617
vn 0.1546 -0.8180 -0.5541
vn 0.1456 -0.8184 -0.5559
vn 0.3594 -0.7890 -0.4983
vn 0.3525 -0.7906 -0.5006
vn 0.5659 -0.7169 -0.4072
vn 0.5387 -0.7293 -0.4217
vn 0.0486 -0.8186 -0.5723
vn 0.6411 -0.6764 -0.3627
vn 0.3214 -0.9424 0.0922
vn 0.3155 -0.9483 0.0349
vn 0.2467 -0.9455 -0.2124
vn 0.2561 -0.9476 -0.1909
vn 0.1877 -0.9096 -0.3706
vn 0.1901 -0.9135 -0.3598
vn 0.1775 -0.8921 -0.4156
vn 0.3305 -0.9193 0.2135
vn 0.0339 -0.9368 -0.3481
vn 0.0247 -0.9536 -0.3001
vn 0.0930 -0.8660 -0.4913
vn 0.1209 -0.8318 -0.5417
vn 0.1927 -0.7215 -0.6651
vn 0.2091 -0.6909 -0.6920
vn 0.2329 -0.6426 -0.7299
vn 0.0146 -0.9689 -0.2468
vn 0.5576 0.0783 0.8264
vn 0.5627 0.0821 0.8226
vn 0.5127 0.0436 0.8574
vn 0.5134 0.0443 0.8570
vn 0.5233 0.0469 0.8509
vn 0.5187 0.0444 0.8538
vn 0.5361 0.0541 0.8424
vn 0.5985 0.1097 0.7936
vn -0.0617 -0.8437 -0.5333
vn -0.0747 -0.8685 -0.4900
vn -0.0185 -0.7781 -0.6278
vn -0.0030 -0.7576 -0.6527
vn 0.0355 -0.7083 -0.7050
vn 0.0424 -0.7018 -0.7111
vn -0.0891 -0.8937 -0.4397
vn 0.0525 -0.6921 -0.7198
vn 0.5829 -0.5880 0.5608
vn 0.5765 -0.5871 0.5683
vn 0.6382 -0.5819 0.5040
vn 0.6455 -0.5792 0.4979
vn 0.6944 -0.5564 0.4563
vn 0.7064 -0.5494 0.4462
vn 0.5470 -0.5825 0.6013
vn 0.7279 -0.5363 0.4274
vn -0.1779 -0.8351 -0.5205
vn -0.1842 -0.8367 -0.5157
vn 0.0075 -0.7652 -0.6438
vn -0.0006 -0.7691 -0.6392
vn 0.2140 -0.6379 -0.7398
vn 0.1821 -0.6611 -0.7278
vn -0.2650 -0.8530 -0.4496
vn 0.2921 -0.5751 -0.7642
vn 0.4623 -0.8546 -0.2365
vn 0.4058 -0.8727 -0.2714
vn 0.1472 -0.9183 -0.3675
vn 0.1731 -0.9159 -0.3622
vn -0.0138 -0.9039 -0.4275
vn -0.0071 -0.9072 -0.4206
vn -0.0428 -0.8882 -0.4575
vn 0.5624 -0.8097 -0.1677
vn 0.4334 -0.8310 -0.3487
vn 0.4041 -0.8262 -0.3926
vn 0.4921 -0.8465 -0.2032
vn 0.5109 -0.8504 -0.1257
vn 0.5396 -0.8414 0.0281
vn 0.5472 -0.8332 0.0804
vn 0.5533 -0.8222 0.1336
vn 0.3717 -0.8186 -0.4379
vn -0.9853 -0.0411 -0.1656
vn -0.9860 -0.0418 -0.1614
vn -0.9725 -0.0302 -0.2311
vn -0.9728 -0.0306 -0.2294
vn -0.9780 -0.0358 -0.2055
vn -0.9761 -0.0337 -0.2149
vn -0.9826 -0.0412 -0.1813
vn -0.9933 -0.0503 -0.1042
vn 0.6143 -0.7553 -0.2284
vn 0.5927 -0.7556 -0.2788
vn 0.6468 -0.7538 -0.1154
vn 0.6537 -0.7532 -0.0730
vn 0.6603 -0.7510 -0.0025
vn 0.6596 -0.7516 0.0097
vn 0.5673 -0.7534 -0.3323
vn 0.6587 -0.7521 0.0221
vn -0.6654 -0.6348 -0.3927
vn -0.6677 -0.6292 -0.3978
vn -0.6574 -0.6727 -0.3395
vn -0.6582 -0.6761 -0.3312
vn -0.6625 -0.6997 -0.2674
vn -0.6634 -0.7072 -0.2445
vn -0.6779 -0.6026 -0.4211
vn -0.6639 -0.7176 -0.2103
vn 0.6729 -0.6747 -0.3034
vn 0.6734 -0.6689 -0.3148
vn 0.6459 -0.7564 -0.1036
vn 0.6454 -0.7571 -0.1012
vn 0.5738 -0.8093 0.1257
vn 0.5860 -0.8047 0.0954
vn 0.6738 -0.6185 -0.4043
vn 0.5342 -0.8178 0.2139
vn 0.0639 -0.9835 -0.1692
vn 0.1303 -0.9733 -0.1890
vn 0.3676 -0.8874 -0.2782
vn 0.3494 -0.8972 -0.2701
vn 0.5141 -0.8010 -0.3067
vn 0.5067 -0.8046 -0.3096
vn 0.5489 -0.7829 -0.2928
vn -0.0479 -0.9898 -0.1341
vt 0.002808 0.783745
vt 0.021529 0.783745
vt 0.021529 0.802466
vt 0.002808 0.802466
vt 0.628044 0.477530
vt 0.609728 0.477460
vt 0.609728 0.002808
vt 0.628044 0.002878
vt 0.604113 0.477535
vt 0.585622 0.477497
vt 0.585622 0.002808
vt 0.604113 0.002846
vt 0.539769 0.477537
vt 0.521047 0.477537
vt 0.521047 0.002808
vt 0.539769 0.002808
vt 0.580007 0.477536
vt 0.561353 0.477539
vt 0.561353 0.002811
vt 0.580007 0.002808
vt 0.222939 0.775252
vt 0.241661 0.775252
vt 0.241661 0.793974
vt 0.222939 0.793974
vt 0.204698 0.897377
vt 0.186382 0.897307
vt 0.186382 0.460180
vt 0.204698 0.460249
vt 0.706537 0.882821
vt 0.688047 0.882782
vt 0.688047 0.445621
vt 0.706537 0.445659
vt 0.730874 0.440006
vt 0.712152 0.440006
vt 0.712152 0.002808
vt 0.730874 0.002808
vt 0.652313 0.824030
vt 0.633659 0.824033
vt 0.633659 0.386836
vt 0.652313 0.386833
vt 0.317925 0.737293
vt 0.317925 0.731505
vt 0.323713 0.731505
vt 0.323713 0.737293
vt 0.514391 0.760648
vt 0.508728 0.760626
vt 0.508728 0.709796
vt 0.514391 0.709818
vt 0.134409 0.756075
vt 0.128693 0.756063
vt 0.128693 0.705229
vt 0.134409 0.705240
vt 0.037224 0.725969
vt 0.031436 0.725969
vt 0.031436 0.675131
vt 0.037224 0.675131
vt 0.482978 0.727907
vt 0.477211 0.727908
vt 0.477211 0.677069
vt 0.482978 0.677068
vt 0.386901 0.667292
vt 0.386901 0.597353
vt 0.403686 0.597231
vt 0.403686 0.667170
vt 0.222939 0.679050
vt 0.222939 0.609105
vt 0.244587 0.609105
vt 0.244587 0.679050
vt 0.031436 0.669250
vt 0.031436 0.599316
vt 0.043771 0.599582
vt 0.043771 0.669515
vt 0.222939 0.603463
vt 0.222939 0.533518
vt 0.245953 0.533545
vt 0.245953 0.603490
vt 0.385048 0.776387
vt 0.385048 0.748977
vt 0.403686 0.748583
vt 0.403686 0.775993
vt 0.242147 0.684666
vt 0.242147 0.712175
vt 0.222939 0.712175
vt 0.222939 0.684666
vt 0.386901 0.742968
vt 0.386901 0.673029
vt 0.403686 0.672907
vt 0.403686 0.742846
vt 0.100064 0.743683
vt 0.100064 0.673738
vt 0.121712 0.673738
vt 0.121712 0.743683
vt 0.031436 0.593436
vt 0.031436 0.523502
vt 0.043771 0.523767
vt 0.043771 0.593701
vt 0.002808 0.593447
vt 0.002808 0.523502
vt 0.025821 0.523529
vt 0.025821 0.593474
vt 0.100064 0.777103
vt 0.100064 0.749693
vt 0.118703 0.749299
vt 0.118703 0.776709
vt 0.242147 0.717790
vt 0.242147 0.745300
vt 0.222939 0.745300
vt 0.222939 0.717790
vt 0.483357 0.080720
vt 0.486981 0.078693
vt 0.480836 0.300410
vt 0.477211 0.302438
vt 0.486981 0.519709
vt 0.483357 0.521737
vt 0.492020 0.593611
vt 0.488396 0.595639
vt 0.488396 0.004835
vt 0.492020 0.002808
vt 0.115924 0.531760
vt 0.111913 0.531683
vt 0.130696 0.310979
vt 0.134707 0.311056
vt 0.115386 0.089266
vt 0.119397 0.089343
vt 0.104075 0.002885
vt 0.100064 0.002808
vt 0.104075 0.592536
vt 0.100064 0.592459
vt 0.467344 0.418943
vt 0.469877 0.417577
vt 0.467710 0.640365
vt 0.465177 0.641731
vt 0.469877 0.862301
vt 0.467344 0.863667
vt 0.469063 0.345564
vt 0.471596 0.344199
vt 0.471596 0.935003
vt 0.469063 0.936368
vt 0.951407 0.087380
vt 0.953992 0.085928
vt 0.956465 0.301145
vt 0.953880 0.302597
vt 0.952913 0.516138
vt 0.950328 0.517590
vt 0.947359 0.004260
vt 0.949944 0.002808
vt 0.949944 0.597774
vt 0.947359 0.599226
vt 0.395679 0.061950
vt 0.399505 0.062414
vt 0.390727 0.300101
vt 0.386901 0.299637
vt 0.399505 0.534455
vt 0.395679 0.533992
vt 0.400901 0.002808
vt 0.404727 0.003271
vt 0.404727 0.591616
vt 0.400901 0.591152
vt 0.002808 0.744710
vt 0.002808 0.674771
vt 0.019593 0.674649
vt 0.019593 0.744588
vt 0.002808 0.669034
vt 0.002808 0.599089
vt 0.024456 0.599089
vt 0.024456 0.669034
vt 0.477211 0.671187
vt 0.477211 0.601254
vt 0.489545 0.601519
vt 0.489545 0.671453
vt 0.100064 0.668096
vt 0.100064 0.598151
vt 0.123078 0.598178
vt 0.123078 0.668123
vt 0.002808 0.778129
vt 0.002808 0.750719
vt 0.021446 0.750325
vt 0.021446 0.777735
vt 0.270891 0.743212
vt 0.270891 0.770721
vt 0.251684 0.770721
vt 0.251684 0.743212
vt 0.966217 0.414487
vt 0.963988 0.415648
vt 0.971367 0.265736
vt 0.973258 0.265060
vt 0.969593 0.081522
vt 0.973088 0.079724
vt 0.962080 0.004629
vt 0.965578 0.002808
vt 0.963095 0.506047
vt 0.962080 0.506575
vt 0.024421 0.459728
vt 0.020445 0.459221
vt 0.043428 0.271737
vt 0.045490 0.271954
vt 0.024590 0.113900
vt 0.027125 0.114223
vt 0.003961 0.002955
vt 0.002808 0.002808
vt 0.006784 0.517887
vt 0.002808 0.517380
vt 0.357014 0.802594
vt 0.355474 0.803281
vt 0.359571 0.650568
vt 0.360874 0.650185
vt 0.359273 0.465277
vt 0.361688 0.464206
vt 0.354708 0.894697
vt 0.354007 0.895009
vt 0.354007 0.393584
vt 0.356423 0.392507
vt 0.238157 0.112035
vt 0.239757 0.111793
vt 0.248606 0.269873
vt 0.247463 0.269940
vt 0.236697 0.448971
vt 0.234197 0.449342
vt 0.222939 0.002918
vt 0.223667 0.002808
vt 0.225448 0.527523
vt 0.222939 0.527903
vt 0.169158 0.878576
vt 0.166753 0.878062
vt 0.175989 0.719904
vt 0.177898 0.720328
vt 0.170995 0.516048
vt 0.174768 0.516855
vt 0.165349 0.959101
vt 0.164254 0.958867
vt 0.164254 0.454413
vt 0.168028 0.455220
vt 0.871671 0.505989
vt 0.875420 0.506530
vt 0.876624 0.697494
vt 0.872473 0.696519
vt 0.868141 0.844840
vt 0.864085 0.843941
vt 0.861856 0.942743
vt 0.866227 0.943992
vt 0.861856 0.445623
vt 0.865614 0.446167
vt 0.222939 0.769637
vt 0.222939 0.750915
vt 0.241661 0.750915
vt 0.241661 0.769637
vt 0.428658 0.899453
vt 0.410342 0.899383
vt 0.410342 0.462256
vt 0.428658 0.462326
vt 0.779085 0.882820
vt 0.760595 0.882782
vt 0.760595 0.445621
vt 0.779085 0.445659
vt 0.682200 0.440006
vt 0.663478 0.440006
vt 0.663478 0.002808
vt 0.682200 0.002808
vt 0.803817 0.440005
vt 0.785163 0.440008
vt 0.785163 0.002811
vt 0.803817 0.002808
vt 0.440084 0.805734
vt 0.440084 0.787012
vt 0.458806 0.787012
vt 0.458806 0.805734
vt 0.851119 0.882820
vt 0.832803 0.882750
vt 0.832803 0.445623
vt 0.851119 0.445693
vt 0.754979 0.882820
vt 0.736489 0.882782
vt 0.736489 0.445621
vt 0.754979 0.445659
vt 0.755211 0.440006
vt 0.736489 0.440006
vt 0.736489 0.002808
vt 0.755211 0.002808
vt 0.348392 0.829705
vt 0.329738 0.829708
vt 0.329738 0.392510
vt 0.348392 0.392507
vt 0.251684 0.795058
vt 0.251684 0.776337
vt 0.270405 0.776337
vt 0.270405 0.795058
vt 0.158639 0.891610
vt 0.140323 0.891540
vt 0.140323 0.454413
vt 0.158639 0.454483
vt 0.803653 0.882823
vt 0.785163 0.882784
vt 0.785163 0.445623
vt 0.803653 0.445662
vt 0.458806 0.781397
vt 0.440084 0.781397
vt 0.440084 0.344199
vt 0.458806 0.344199
vt 0.828086 0.440005
vt 0.809432 0.440008
vt 0.809432 0.002811
vt 0.828086 0.002808
vt 0.527499 0.843504
vt 0.525245 0.844586
vt 0.533876 0.708436
vt 0.535794 0.707661
vt 0.530033 0.549785
vt 0.533580 0.547708
vt 0.521047 0.485279
vt 0.524612 0.483152
vt 0.522078 0.934058
vt 0.521047 0.934581
vt 0.467661 0.002808
vt 0.471596 0.002996
vt 0.442127 0.149505
vt 0.440084 0.149456
vt 0.454456 0.261454
vt 0.451952 0.261436
vt 0.470455 0.338573
vt 0.471596 0.338583
vt 0.367644 0.786345
vt 0.367645 0.732429
vt 0.371328 0.731170
vt 0.371328 0.785078
vt 0.911056 0.867738
vt 0.909479 0.868554
vt 0.914114 0.733561
vt 0.915451 0.732964
vt 0.912063 0.569947
vt 0.914543 0.568392
vt 0.906891 0.957191
vt 0.906171 0.957581
vt 0.906171 0.503637
vt 0.908659 0.502064
vt 0.643899 0.309374
vt 0.641902 0.309165
vt 0.633659 0.203311
vt 0.635136 0.203613
vt 0.645260 0.069390
vt 0.648371 0.069603
vt 0.657863 0.381217
vt 0.656955 0.381136
vt 0.654742 0.002808
vt 0.657863 0.003010
vt 0.817113 0.808568
vt 0.814645 0.808496
vt 0.825224 0.666175
vt 0.827188 0.666189
vt 0.817645 0.494076
vt 0.821536 0.494146
vt 0.810391 0.893446
vt 0.809268 0.893407
vt 0.809268 0.445623
vt 0.813170 0.445668
vt 0.622068 0.539793
vt 0.625752 0.541094
vt 0.628044 0.708273
vt 0.623862 0.707620
vt 0.619688 0.834860
vt 0.615637 0.834017
vt 0.612645 0.924394
vt 0.617061 0.924982
vt 0.612645 0.483145
vt 0.616329 0.484459
vt 0.373422 0.130062
vt 0.375663 0.128330
vt 0.369440 0.372177
vt 0.367644 0.373631
vt 0.374776 0.635046
vt 0.371360 0.637872
vt 0.381285 0.723002
vt 0.377840 0.725554
vt 0.380262 0.003382
vt 0.381285 0.002808
vt 0.200162 0.064238
vt 0.204174 0.064197
vt 0.188421 0.277422
vt 0.186382 0.277322
vt 0.217324 0.454564
vt 0.214794 0.454427
vt 0.511052 0.514199
vt 0.511052 0.617872
vt 0.508728 0.616866
vt 0.509953 0.513819
vt 0.213291 0.002937
vt 0.217324 0.002808
vt 0.548690 0.128331
vt 0.550212 0.127088
vt 0.546601 0.369621
vt 0.545384 0.370660
vt 0.550870 0.638639
vt 0.548543 0.640661
vt 0.555045 0.003219
vt 0.555738 0.002808
vt 0.555738 0.726567
vt 0.553395 0.728412
vt 0.995869 0.003468
vt 0.997192 0.002808
vt 0.994687 0.239036
vt 0.993627 0.239563
vt 0.997192 0.502596
vt 0.995248 0.503851
vt 0.130802 0.698358
vt 0.128693 0.699613
vt 0.128693 0.598677
vt 0.129624 0.598151
vt 0.508743 0.623487
vt 0.511342 0.623576
vt 0.511342 0.704161
vt 0.508728 0.704181
vt 0.316509 0.119195
vt 0.318808 0.119347
vt 0.310277 0.374831
vt 0.308450 0.374762
vt 0.318446 0.659421
vt 0.314778 0.659206
vt 0.323086 0.002808
vt 0.324123 0.002914
vt 0.324123 0.725890
vt 0.320430 0.725613
vt 0.262971 0.662781
vt 0.259184 0.661230
vt 0.254221 0.378691
vt 0.258280 0.379984
vt 0.259537 0.136133
vt 0.263473 0.137643
vt 0.270891 0.003849
vt 0.266806 0.002808
vt 0.270891 0.737597
vt 0.267094 0.736093
vt 0.100064 0.801440
vt 0.100064 0.782718
vt 0.118786 0.782718
vt 0.118786 0.801440
vt 0.900555 0.882817
vt 0.882239 0.882747
vt 0.882239 0.445620
vt 0.900555 0.445690
vt 0.681969 0.882820
vt 0.663478 0.882782
vt 0.663478 0.445621
vt 0.681969 0.445659
vt 0.706537 0.440006
vt 0.687815 0.440006
vt 0.687815 0.002808
vt 0.706537 0.002808
vt 0.876624 0.440005
vt 0.857970 0.440008
vt 0.857970 0.002811
vt 0.876624 0.002808
vt 0.933008 0.399011
vt 0.930751 0.400419
vt 0.939822 0.240261
vt 0.941744 0.239335
vt 0.936417 0.070651
vt 0.939940 0.068432
vt 0.927171 0.005086
vt 0.930700 0.002808
vt 0.928194 0.508497
vt 0.927171 0.509158
vt 0.073556 0.058071
vt 0.077550 0.058365
vt 0.053173 0.240246
vt 0.051106 0.240144
vt 0.070980 0.392019
vt 0.068446 0.391857
vt 0.093293 0.500497
vt 0.094449 0.500578
vt 0.090462 0.002808
vt 0.094449 0.003088
vt 0.983133 0.404507
vt 0.981557 0.405546
vt 0.986675 0.246805
vt 0.988012 0.246108
vt 0.985118 0.071955
vt 0.987578 0.070315
vt 0.979588 0.512585
vt 0.978873 0.513072
vt 0.978873 0.004486
vt 0.981336 0.002808
vt 0.286347 0.387728
vt 0.284703 0.388905
vt 0.276506 0.244296
vt 0.277697 0.243493
vt 0.289719 0.079152
vt 0.292297 0.077342
vt 0.302834 0.495204
vt 0.302089 0.495750
vt 0.300263 0.004690
vt 0.302834 0.002808
vt 0.504869 0.406120
vt 0.502399 0.406139
vt 0.513471 0.237707
vt 0.515432 0.237682
vt 0.506181 0.052257
vt 0.510056 0.052188
vt 0.498759 0.508193
vt 0.497636 0.508204
vt 0.497636 0.002845
vt 0.501508 0.002808
vt 0.915759 0.060652
vt 0.919462 0.061866
vt 0.921556 0.241494
vt 0.917371 0.240881
vt 0.913043 0.388769
vt 0.908982 0.387933
vt 0.906171 0.495950
vt 0.910594 0.496449
vt 0.906171 0.002808
vt 0.909868 0.004074
vt 0.281764 0.850530
vt 0.279530 0.851603
vt 0.286824 0.718411
vt 0.288715 0.717637
vt 0.283982 0.565415
vt 0.287501 0.563354
vt 0.276506 0.503489
vt 0.280052 0.501366
vt 0.277530 0.940309
vt 0.276506 0.940834
vt 0.160893 0.059858
vt 0.164866 0.060228
vt 0.142385 0.228531
vt 0.140323 0.228403
vt 0.159467 0.356495
vt 0.156940 0.356382
vt 0.179617 0.448743
vt 0.180767 0.448798
vt 0.176797 0.002808
vt 0.180767 0.003198
vt 0.298289 0.856366
vt 0.296744 0.857187
vt 0.300613 0.725437
vt 0.301917 0.724833
vt 0.299333 0.567254
vt 0.301765 0.565693
vt 0.295038 0.944917
vt 0.294330 0.945313
vt 0.294330 0.502953
vt 0.296777 0.501366
vt 0.420303 0.366481
vt 0.418443 0.366910
vt 0.410342 0.239849
vt 0.411701 0.239628
vt 0.421791 0.080480
vt 0.424681 0.079682
vt 0.434469 0.456425
vt 0.433624 0.456641
vt 0.431570 0.003635
vt 0.434469 0.002808
vt 0.055829 0.811190
vt 0.053416 0.811201
vt 0.060217 0.671876
vt 0.062139 0.671820
vt 0.051106 0.506272
vt 0.054919 0.506194
vt 0.052203 0.895796
vt 0.051106 0.895796
vt 0.308449 0.731505
vt 0.312310 0.732959
vt 0.312296 0.779817
vt 0.308449 0.778346
vt 0.569963 0.538186
vt 0.573707 0.539506
vt 0.575264 0.701667
vt 0.571121 0.701052
vt 0.567887 0.825629
vt 0.563851 0.824805
vt 0.561353 0.914080
vt 0.565675 0.914606
vt 0.561353 0.483154
vt 0.565095 0.484489
vt 0.215226 0.515422
vt 0.216649 0.514694
vt 0.215333 0.616357
vt 0.213943 0.617055
vt 0.213423 0.781850
vt 0.210313 0.784229
vt 0.216649 0.861176
vt 0.213423 0.863537
vt 0.213177 0.460511
vt 0.213796 0.460180
vt 0.348833 0.326419
vt 0.344986 0.325982
vt 0.360344 0.156692
vt 0.362029 0.156914
vt 0.344308 0.058989
vt 0.346062 0.059106
vt 0.330494 0.002848
vt 0.329738 0.002808
vt 0.333694 0.386892
vt 0.329738 0.386506
vt 0.087380 0.560944
vt 0.088316 0.560440
vt 0.087554 0.662007
vt 0.086641 0.662492
vt 0.084932 0.831589
vt 0.082881 0.833246
vt 0.085566 0.506420
vt 0.085973 0.506194
vt 0.088316 0.910484
vt 0.086198 0.912129
vt 0.595273 0.539313
vt 0.596533 0.538636
vt 0.604773 0.633374
vt 0.603707 0.633946
vt 0.597825 0.790560
vt 0.595112 0.792391
vt 0.585622 0.483457
vt 0.586170 0.483150
vt 0.588471 0.872713
vt 0.585622 0.874576
vt 0.501655 0.564389
vt 0.503113 0.564489
vt 0.500745 0.671371
vt 0.499386 0.671357
vt 0.500890 0.854494
vt 0.497636 0.854234
vt 0.498980 0.513819
vt 0.499618 0.513872
vt 0.503113 0.915612
vt 0.499748 0.915305
vt 0.071439 0.832241
vt 0.067754 0.830963
vt 0.071246 0.656780
vt 0.074304 0.657415
vt 0.074613 0.562019
vt 0.077266 0.562632
vt 0.076511 0.506766
vt 0.073978 0.506194
vt 0.077266 0.901284
vt 0.073438 0.899900
vt 0.385048 0.800724
vt 0.385048 0.782002
vt 0.403769 0.782002
vt 0.403769 0.800724
vt 0.900556 0.440005
vt 0.882239 0.439935
vt 0.882239 0.002808
vt 0.900556 0.002878
vt 0.730643 0.882821
vt 0.712152 0.882782
vt 0.712152 0.445621
vt 0.730643 0.445659
vt 0.779548 0.440006
vt 0.760826 0.440006
vt 0.760826 0.002808
vt 0.779548 0.002808
vt 0.852355 0.440005
vt 0.833701 0.440008
vt 0.833701 0.002811
vt 0.852355 0.002808
s 1
usemtl Materiais.009
f 1100/2153/720 1101/2154/721 1103/2155/722 1102/2156/723
f 1097/2157/724 1099/2158/725 1103/2159/722 1101/2160/721
f 1098/2161/726 1096/2162/727 1100/2163/720 1102/2164/723
f 1099/2165/725 1098/2166/726 1102/2167/723 1103/2168/722
f 1096/2169/727 1097/2170/724 1101/2171/721 1100/2172/720
f 1108/2173/720 1109/2174/721 1111/2175/728 1110/2176/723
f 1105/2177/724 1107/2178/725 1111/2179/728 1109/2180/721
f 1106/2181/726 1104/2182/727 1108/2183/720 1110/2184/723
f 1107/2185/725 1106/2186/726 1110/2187/723 1111/2188/728
f 1104/2189/727 1105/2190/724 1109/2191/721 1108/2192/720
f 1116/2193/720 1117/2194/721 1119/2195/728 1118/2196/723
f 1113/2197/724 1115/2198/725 1119/2199/728 1117/2200/721
f 1114/2201/726 1112/2202/727 1116/2203/720 1118/2204/723
f 1115/2205/725 1114/2206/726 1118/2207/723 1119/2208/728
f 1112/2209/727 1113/2210/724 1117/2211/721 1116/2212/720
s 0
f 1120/2213/729 1121/2214/729 1123/2215/729 1122/2216/729
f 1122/2217/730 1123/2218/730 1127/2219/730 1126/2220/730
f 1126/2221/731 1127/2222/731 1125/2223/731 1124/2224/731
f 1124/2225/732 1125/2226/732 1121/2227/732 1120/2228/732
f 1122/2229/733 1126/2230/733 1124/2231/733 1120/2232/733
f 1127/2233/734 1123/2234/734 1121/2235/734 1125/2236/734
f 1128/2237/729 1129/2238/729 1131/2239/729 1130/2240/729
f 1130/2241/730 1131/2242/730 1135/2243/730 1134/2244/730
f 1134/2245/731 1135/2246/731 1133/2247/731 1132/2248/731
f 1132/2249/732 1133/2250/732 1129/2251/732 1128/2252/732
f 1130/2253/733 1134/2254/733 1132/2255/733 1128/2256/733
f 1135/2257/734 1131/2258/734 1129/2259/734 1133/2260/734
s 1
f 1159/2261/735 1157/2262/736 1158/2263/737 1161/2264/738
f 1161/2264/738 1158/2263/737 1156/2265/739 1160/2266/740
f 1139/2267/741 1138/2268/741 1160/2266/740 1156/2265/739
f 1157/2262/736 1159/2261/735 1136/2269/742 1137/2270/742
f 1165/2271/743 1163/2272/744 1164/2273/745 1167/2274/746
f 1167/2274/746 1164/2273/745 1162/2275/747 1166/2276/748
f 1153/2277/749 1166/2276/748 1162/2275/747 1152/2278/749
f 1165/2271/743 1143/2279/750 1142/2280/750 1163/2272/744
f 1168/2281/751 1172/2282/752 1173/2283/753 1170/2284/754
f 1170/2284/754 1173/2283/753 1171/2285/755 1169/2286/756
f 1172/2282/752 1168/2281/751 1144/2287/757 1145/2288/757
f 1147/2289/758 1146/2290/758 1169/2286/756 1171/2285/755
f 1174/2291/759 1178/2292/760 1179/2293/761 1176/2294/762
f 1176/2294/762 1179/2293/761 1177/2295/763 1175/2296/764
f 1178/2292/760 1174/2291/759 1140/2297/765 1141/2298/765
f 1151/2299/766 1150/2300/766 1175/2296/764 1177/2295/763
f 1180/2301/767 1184/2302/768 1185/2303/769 1182/2304/770
f 1182/2304/770 1185/2303/769 1183/2305/771 1181/2306/772
f 1184/2302/768 1180/2301/767 1148/2307/773 1149/2308/773
f 1155/2309/774 1154/2310/774 1181/2306/772 1183/2305/771
s 0
f 1186/2311/729 1187/2312/729 1189/2313/729 1188/2314/729
f 1188/2315/730 1189/2316/730 1193/2317/730 1192/2318/730
f 1192/2319/731 1193/2320/731 1191/2321/731 1190/2322/731
f 1190/2323/732 1191/2324/732 1187/2325/732 1186/2326/732
f 1188/2327/733 1192/2328/733 1190/2329/733 1186/2330/733
f 1193/2331/734 1189/2332/734 1187/2333/734 1191/2334/734
s 1
f 1217/2335/775 1215/2336/776 1216/2337/777 1219/2338/778
f 1219/2338/778 1216/2337/777 1214/2339/779 1218/2340/780
f 1197/2341/781 1196/2342/781 1218/2340/780 1214/2339/779
f 1215/2336/776 1217/2335/775 1194/2343/782 1195/2344/782
f 1223/2345/783 1221/2346/784 1222/2347/785 1225/2348/786
f 1225/2348/786 1222/2347/785 1220/2349/787 1224/2350/788
f 1211/2351/789 1224/2350/788 1220/2349/787 1210/2352/789
f 1223/2345/783 1201/2353/790 1200/2354/790 1221/2346/784
f 1226/2355/791 1230/2356/792 1231/2357/793 1228/2358/794
f 1228/2358/794 1231/2357/793 1229/2359/795 1227/2360/796
f 1230/2356/792 1226/2355/791 1202/2361/797 1203/2362/797
f 1205/2363/798 1204/2364/798 1227/2360/796 1229/2359/795
f 1232/2365/799 1236/2366/800 1237/2367/801 1234/2368/802
f 1234/2368/802 1237/2367/801 1235/2369/803 1233/2370/804
f 1236/2366/800 1232/2365/799 1198/2371/805 1199/2372/805
f 1209/2373/806 1208/2374/806 1233/2370/804 1235/2369/803
f 1238/2375/807 1242/2376/808 1243/2377/809 1240/2378/810
f 1240/2378/810 1243/2377/809 1241/2379/811 1239/2380/812
f 1242/2376/808 1238/2375/807 1206/2381/813 1207/2382/813
f 1213/2383/814 1212/2384/814 1239/2380/812 1241/2379/811
f 1251/2385/815 1249/2386/816 1250/2387/817 1253/2388/818
f 1253/2388/818 1250/2387/817 1248/2389/819 1252/2390/820
f 1247/2391/821 1252/2390/820 1248/2389/819 1246/2392/821
f 1251/2385/815 1245/2393/822 1244/2394/822 1249/2386/816
f 1258/2395/720 1259/2396/721 1261/2397/728 1260/2398/723
f 1255/2399/724 1257/2400/725 1261/2401/728 1259/2402/721
f 1256/2403/726 1254/2404/727 1258/2405/720 1260/2406/723
f 1257/2407/725 1256/2408/726 1260/2409/723 1261/2410/728
f 1254/2411/727 1255/2412/724 1259/2413/721 1258/2414/720
f 1266/2415/720 1267/2416/721 1269/2417/722 1268/2418/723
f 1263/2419/724 1265/2420/725 1269/2421/722 1267/2422/721
f 1264/2423/726 1262/2424/727 1266/2425/720 1268/2426/723
f 1265/2427/725 1264/2428/726 1268/2429/723 1269/2430/722
f 1262/2431/727 1263/2432/724 1267/2433/721 1266/2434/720
f 1274/2435/720 1275/2436/721 1277/2437/722 1276/2438/723
f 1271/2439/724 1273/2440/725 1277/2441/722 1275/2442/721
f 1272/2443/726 1270/2444/727 1274/2445/720 1276/2446/723
f 1273/2447/725 1272/2448/726 1276/2449/723 1277/2450/722
f 1270/2451/727 1271/2452/724 1275/2453/721 1274/2454/720
f 1301/2455/823 1299/2456/824 1300/2457/825 1303/2458/826
f 1303/2458/826 1300/2457/825 1298/2459/827 1302/2460/828
f 1281/2461/829 1280/2462/829 1302/2460/828 1298/2459/827
f 1299/2456/824 1301/2455/823 1278/2463/830 1279/2464/830
f 1307/2465/831 1305/2466/832 1306/2467/833 1309/2468/834
f 1309/2468/834 1306/2467/833 1304/2469/835 1308/2470/836
f 1295/2471/837 1308/2470/836 1304/2469/835 1294/2472/837
f 1307/2473/831 1285/2474/838 1284/2475/838 1305/2476/832
f 1310/2477/839 1314/2478/840 1315/2479/841 1312/2480/842
f 1312/2480/842 1315/2479/841 1313/2481/843 1311/2482/844
f 1314/2478/840 1310/2477/839 1286/2483/845 1287/2484/845
f 1289/2485/846 1288/2486/846 1311/2482/844 1313/2481/843
f 1316/2487/847 1320/2488/848 1321/2489/849 1318/2490/850
f 1318/2490/850 1321/2489/849 1319/2491/851 1317/2492/852
f 1320/2488/848 1316/2487/847 1282/2493/853 1283/2494/853
f 1293/2495/854 1292/2496/854 1317/2492/852 1319/2491/851
f 1322/2497/855 1326/2498/856 1327/2499/857 1324/2500/858
f 1324/2500/858 1327/2499/857 1325/2501/859 1323/2502/860
f 1326/2498/856 1322/2497/855 1290/2503/861 1291/2504/861
f 1297/2505/862 1296/2506/862 1323/2502/860 1325/2501/859
f 1335/2507/863 1333/2508/864 1334/2509/865 1337/2510/866
f 1337/2510/866 1334/2509/865 1332/2511/867 1336/2512/868
f 1331/2513/869 1336/2512/868 1332/2511/867 1330/2514/869
f 1335/2507/863 1329/2515/870 1328/2516/870 1333/2508/864
f 1361/2517/871 1359/2518/872 1360/2519/873 1363/2520/874
f 1363/2520/874 1360/2519/873 1358/2521/875 1362/2522/876
f 1341/2523/877 1340/2524/877 1362/2522/876 1358/2521/875
f 1359/2518/872 1361/2517/871 1338/2525/878 1339/2526/878
f 1367/2527/879 1365/2528/880 1366/2529/881 1369/2530/882
f 1369/2530/882 1366/2529/881 1364/2531/883 1368/2532/884
f 1355/2533/885 1368/2534/884 1364/2535/883 1354/2536/885
f 1367/2527/879 1345/2537/886 1344/2538/886 1365/2528/880
f 1370/2539/887 1374/2540/888 1375/2541/889 1372/2542/890
f 1372/2542/890 1375/2541/889 1373/2543/891 1371/2544/892
f 1374/2540/888 1370/2539/887 1346/2545/893 1347/2546/893
f 1349/2547/894 1348/2548/894 1371/2544/892 1373/2543/891
f 1376/2549/895 1380/2550/896 1381/2551/897 1378/2552/898
f 1378/2552/898 1381/2551/897 1379/2553/899 1377/2554/900
f 1380/2555/896 1376/2556/895 1342/2557/901 1343/2558/901
f 1353/2559/902 1352/2560/902 1377/2561/900 1379/2562/899
f 1382/2563/903 1386/2564/904 1387/2565/905 1384/2566/906
f 1384/2566/906 1387/2565/905 1385/2567/907 1383/2568/908
f 1386/2564/904 1382/2563/903 1350/2569/909 1351/2570/909
f 1357/2571/910 1356/2572/910 1383/2568/908 1385/2567/907
f 1395/2573/911 1393/2574/912 1394/2575/913 1397/2576/914
f 1397/2576/914 1394/2575/913 1392/2577/915 1396/2578/916
f 1391/2579/917 1396/2578/916 1392/2577/915 1390/2580/917
f 1395/2573/911 1389/2581/918 1388/2582/918 1393/2574/912
f 1402/2583/720 1403/2584/721 1405/2585/728 1404/2586/723
f 1399/2587/724 1401/2588/725 1405/2589/728 1403/2590/721
f 1400/2591/726 1398/2592/727 1402/2593/720 1404/2594/723
f 1401/2595/725 1400/2596/726 1404/2597/723 1405/2598/728
f 1398/2599/727 1399/2600/724 1403/2601/721 1402/2602/720
f 1429/2603/919 1427/2604/920 1428/2605/921 1431/2606/922
f 1431/2606/922 1428/2605/921 1426/2607/923 1430/2608/924
f 1409/2609/925 1408/2610/925 1430/2608/924 1426/2607/923
f 1427/2604/920 1429/2603/919 1406/2611/926 1407/2612/926
f 1435/2613/927 1433/2614/928 1434/2615/929 1437/2616/930
f 1437/2616/930 1434/2615/929 1432/2617/931 1436/2618/932
f 1423/2619/933 1436/2618/932 1432/2617/931 1422/2620/933
f 1435/2613/927 1413/2621/934 1412/2622/934 1433/2614/928
f 1438/2623/935 1442/2624/936 1443/2625/937 1440/2626/938
f 1440/2626/938 1443/2625/937 1441/2627/939 1439/2628/940
f 1442/2624/936 1438/2623/935 1414/2629/941 1415/2630/941
f 1417/2631/942 1416/2632/942 1439/2628/940 1441/2627/939
f 1444/2633/943 1448/2634/944 1449/2635/945 1446/2636/946
f 1446/2636/946 1449/2635/945 1447/2637/947 1445/2638/948
f 1448/2634/944 1444/2633/943 1410/2639/949 1411/2640/949
f 1421/2641/950 1420/2642/950 1445/2638/948 1447/2637/947
f 1450/2643/951 1454/2644/952 1455/2645/953 1452/2646/954
f 1452/2646/954 1455/2645/953 1453/2647/955 1451/2648/956
f 1454/2644/952 1450/2643/951 1418/2649/957 1419/2650/957
f 1425/2651/958 1424/2652/958 1451/2648/956 1453/2647/955
f 1463/2653/959 1461/2654/960 1462/2655/961 1465/2656/962
f 1465/2656/962 1462/2655/961 1460/2657/963 1464/2658/964
f 1459/2659/965 1464/2658/964 1460/2657/963 1458/2660/965
f 1463/2653/959 1457/2661/966 1456/2662/966 1461/2654/960
f 1489/2663/967 1487/2664/968 1488/2665/969 1491/2666/970
f 1491/2666/970 1488/2665/969 1486/2667/971 1490/2668/972
f 1469/2669/973 1468/2670/973 1490/2668/972 1486/2667/971
f 1487/2664/968 1489/2663/967 1466/2671/974 1467/2672/974
f 1495/2673/975 1493/2674/976 1494/2675/977 1497/2676/978
f 1497/2676/978 1494/2675/977 1492/2677/979 1496/2678/980
f 1483/2679/981 1496/2678/980 1492/2677/979 1482/2680/981
f 1495/2673/975 1473/2681/982 1472/2682/982 1493/2674/976
f 1498/2683/983 1502/2684/984 1503/2685/985 1500/2686/986
f 1500/2686/986 1503/2685/985 1501/2687/987 1499/2688/988
f 1502/2684/984 1498/2683/983 1474/2689/989 1475/2690/989
f 1477/2691/990 1476/2692/990 1499/2688/988 1501/2687/987
f 1504/2693/991 1508/2694/992 1509/2695/993 1506/2696/994
f 1506/2696/994 1509/2695/993 1507/2697/995 1505/2698/996
f 1508/2694/992 1504/2693/991 1470/2699/997 1471/2700/997
f 1481/2701/998 1480/2702/998 1505/2698/996 1507/2697/995
f 1510/2703/999 1514/2704/1000 1515/2705/1001 1512/2706/1002
f 1512/2706/1002 1515/2705/1001 1513/2707/1003 1511/2708/1004
f 1514/2704/1000 1510/2703/999 1478/2709/1005 1479/2710/1005
f 1485/2711/1006 1484/2712/1006 1511/2713/1004 1513/2714/1003
f 1523/2715/1007 1521/2716/1008 1522/2717/1009 1525/2718/1010
f 1525/2718/1010 1522/2717/1009 1520/2719/1011 1524/2720/1012
f 1519/2721/1013 1524/2720/1012 1520/2719/1011 1518/2722/1013
f 1523/2715/1007 1517/2723/1014 1516/2724/1014 1521/2716/1008
f 1549/2725/1015 1547/2726/1016 1548/2727/1017 1551/2728/1018
f 1551/2728/1018 1548/2727/1017 1546/2729/1019 1550/2730/1020
f 1529/2731/1021 1528/2732/1021 1550/2730/1020 1546/2729/1019
f 1547/2726/1016 1549/2725/1015 1526/2733/1022 1527/2734/1022
f 1555/2735/1023 1553/2736/1024 1554/2737/1025 1557/2738/1026
f 1557/2738/1026 1554/2737/1025 1552/2739/1027 1556/2740/1028
f 1543/2741/1029 1556/2740/1028 1552/2739/1027 1542/2742/1029
f 1555/2735/1023 1533/2743/1030 1532/2744/1030 1553/2736/1024
f 1558/2745/1031 1562/2746/1032 1563/2747/1033 1560/2748/1034
f 1560/2748/1034 1563/2747/1033 1561/2749/1035 1559/2750/1036
f 1562/2746/1032 1558/2745/1031 1534/2751/1037 1535/2752/1037
f 1537/2753/1038 1536/2754/1038 1559/2750/1036 1561/2749/1035
f 1564/2755/1039 1568/2756/1040 1569/2757/1041 1566/2758/1042
f 1566/2758/1042 1569/2757/1041 1567/2759/1043 1565/2760/1044
f 1568/2756/1040 1564/2755/1039 1530/2761/1045 1531/2762/1045
f 1541/2763/1046 1540/2764/1046 1565/2760/1044 1567/2759/1043
f 1570/2765/1047 1574/2766/1048 1575/2767/1049 1572/2768/1050
f 1572/2768/1050 1575/2767/1049 1573/2769/1051 1571/2770/1052
f 1574/2766/1048 1570/2765/1047 1538/2771/1053 1539/2772/1053
f 1545/2773/1054 1544/2774/1054 1571/2770/1052 1573/2769/1051
f 1583/2775/1055 1581/2776/1056 1582/2777/1057 1585/2778/1058
f 1585/2778/1058 1582/2777/1057 1580/2779/1059 1584/2780/1060
f 1579/2781/1061 1584/2780/1060 1580/2779/1059 1578/2782/1061
f 1583/2775/1055 1577/2783/1062 1576/2784/1062 1581/2776/1056
f 1590/2785/720 1591/2786/721 1593/2787/728 1592/2788/723
f 1587/2789/724 1589/2790/725 1593/2791/728 1591/2792/721
f 1588/2793/726 1586/2794/727 1590/2795/720 1592/2796/723
f 1589/2797/725 1588/2798/726 1592/2799/723 1593/2800/728
f 1586/2801/727 1587/2802/724 1591/2803/721 1590/2804/720
o Props_1
v -0.237838 -0.008027 -0.062793
v -0.237838 0.260841 -0.062793
v -0.306506 -0.008027 -0.322745
v -0.306506 0.260841 -0.322745
v 0.022114 -0.008027 -0.131461
v 0.022114 0.260841 -0.131461
v -0.046554 -0.008027 -0.391413
v -0.046554 0.260841 -0.391413
v -1.630774 2.263192 0.547769
v -1.496649 2.174901 -0.680290
v -1.496649 2.336070 0.547769
v -1.630774 2.116432 -0.570499
v -1.552191 2.116432 -0.570499
v -1.552191 2.189310 -0.570499
v -1.552191 2.336070 0.547769
v -1.552191 2.263192 0.547769
v -1.630774 2.336070 0.547769
v -1.630774 2.189310 -0.570499
v -1.622506 2.151404 -0.479308
v -1.560458 2.151404 -0.479308
v -1.560458 2.151404 -0.536852
v -1.622506 2.151404 -0.536852
v -1.622506 0.218755 -0.536852
v -1.622506 0.218755 -0.479308
v -1.560458 0.218755 -0.536852
v -1.560458 0.218755 -0.479308
v -1.622506 2.277091 0.536721
v -1.560458 2.277091 0.536721
v -1.560458 2.277091 0.479177
v -1.622506 2.277091 0.479177
v -1.622506 0.158595 0.479177
v -1.622506 0.158595 0.536721
v -1.560458 0.158595 0.479177
v -1.560458 0.158595 0.536721
v -4.244786 2.263192 0.547769
v -4.378910 2.174901 -0.680290
v -4.378910 2.336070 0.547769
v -4.244785 2.116432 -0.570499
v -4.323369 2.116432 -0.570499
v -4.323369 2.189310 -0.570499
v -4.323369 2.336070 0.547769
v -4.323369 2.263192 0.547769
v -4.244786 2.336070 0.547769
v -4.244785 2.189310 -0.570499
v -4.253053 2.151404 -0.479308
v -4.315101 2.151404 -0.479308
v -4.315101 2.151404 -0.536852
v -4.253053 2.151404 -0.536852
v -4.253053 0.218755 -0.536852
v -4.253053 0.218755 -0.479308
v -4.315101 0.218755 -0.536852
v -4.315101 0.218755 -0.479308
v -4.253053 2.277091 0.536721
v -4.315101 2.277091 0.536721
v -4.315101 2.277091 0.479177
v -4.253053 2.277091 0.479177
v -4.253053 0.158595 0.479177
v -4.253053 0.158595 0.536721
v -4.315101 0.158595 0.479177
v -4.315101 0.158595 0.536721
v -0.596887 -0.051721 0.578922
v -0.596887 1.414889 0.578922
v -0.596887 -0.051721 0.480282
v -0.596887 1.414889 0.480282
v -0.507812 -0.051721 0.578922
v -0.507812 1.375558 0.578922
v -0.507812 -0.051721 0.480282
v -0.507812 1.375558 0.480282
v -0.596887 -0.051721 -1.420626
v -0.596887 1.414889 -1.420626
v -0.596887 -0.051721 -1.519266
v -0.596887 1.414889 -1.519266
v -0.507812 -0.051721 -1.420626
v -0.507812 1.375558 -1.420626
v -0.507812 -0.051721 -1.519266
v -0.507812 1.375558 -1.519266
v -1.393935 1.766825 0.655931
v -0.454367 1.351959 0.655931
v -1.393935 1.766825 -1.596275
v -0.454367 1.351959 -1.596275
v -0.533383 -0.014939 -1.339373
v -0.533383 0.253929 -1.339373
v -0.377193 -0.014939 -1.558222
v -0.377193 0.253929 -1.558222
v -0.314533 -0.014939 -1.183183
v -0.314533 0.253929 -1.183183
v -0.158344 -0.014939 -1.402032
v -0.158344 0.253929 -1.402032
v -0.747159 -0.010076 -1.583204
v -0.747159 0.629045 -1.583204
v -0.731832 -0.010076 -1.912747
v -0.731832 0.629045 -1.912747
v -0.417616 -0.010076 -1.567877
v -0.417616 0.629045 -1.567877
v -0.402289 -0.010076 -1.897420
v -0.402289 0.629045 -1.897420
v -1.238469 0.094825 -0.448090
v -1.252322 0.094825 -0.264907
v -1.248375 0.094825 -0.317108
v -1.266176 0.094825 -0.081723
v -1.262228 0.094825 -0.133924
v -1.280030 0.094825 0.101460
v -1.276082 0.094825 0.049259
v -1.293883 0.094825 0.284644
v -1.289936 0.094825 0.232443
v -1.303789 0.094825 0.415626
v -0.480102 0.094825 0.477919
v -0.466248 0.094825 0.294736
v -0.470196 0.094825 0.346937
v -0.452394 0.094825 0.111552
v -0.456342 0.094825 0.163753
v -0.438541 0.094825 -0.071631
v -0.442489 0.094825 -0.019430
v -0.424687 0.094825 -0.254815
v -0.428635 0.094825 -0.202614
v -0.414781 0.094825 -0.385797
v -1.134104 0.091992 -0.434185
v -1.235977 0.091992 -0.441890
v -1.300393 0.091992 0.409871
v -1.198520 0.091992 0.417575
v -0.418176 0.091992 -0.380042
v -0.520049 0.091992 -0.387746
v -0.584465 0.091992 0.464014
v -0.482592 0.091992 0.471719
v -1.134104 0.018798 -0.434185
v -1.235977 0.018798 -0.441890
v -1.300393 0.018798 0.409871
v -1.198520 0.018798 0.417575
v -0.418176 0.009376 -0.380042
v -0.520049 0.009376 -0.387746
v -0.584465 0.009376 0.464014
v -0.482592 0.009376 0.471719
v -0.476308 0.091392 0.369599
v -0.483838 0.091392 0.469172
v -0.582850 0.091392 0.461684
v -0.483838 0.011253 0.469172
v -0.582850 0.011253 0.461684
v -0.476308 0.011253 0.369599
v -0.519016 0.091392 -0.382381
v -0.420004 0.091392 -0.374893
v -0.427535 0.091392 -0.275320
v -0.427535 0.011253 -0.275320
v -0.519016 0.011253 -0.382381
v -0.420004 0.011253 -0.374893
v -1.290927 0.091392 0.307992
v -1.199445 0.091392 0.415053
v -1.298457 0.091392 0.407565
v -1.199445 0.011253 0.415053
v -1.298457 0.011253 0.407565
v -1.290927 0.011253 0.307992
v -1.234623 0.091392 -0.436501
v -1.135611 0.091392 -0.429013
v -1.242153 0.091392 -0.336928
v -1.242153 0.011253 -0.336928
v -1.234623 0.011253 -0.436501
v -1.135611 0.011253 -0.429013
v -1.302990 0.094825 -1.364532
v -1.299281 0.094825 -1.180863
v -1.300338 0.094825 -1.233202
v -1.295572 0.094825 -0.997193
v -1.296629 0.094825 -1.049533
v -1.291864 0.094825 -0.813524
v -1.292920 0.094825 -0.865864
v -1.288155 0.094825 -0.629855
v -1.289212 0.094825 -0.682194
v -1.285503 0.094825 -0.498525
v -0.459632 0.094825 -0.515202
v -0.463341 0.094825 -0.698871
v -0.462284 0.094825 -0.646531
v -0.467049 0.094825 -0.882540
v -0.465992 0.094825 -0.830200
v -0.470758 0.094825 -1.066209
v -0.469701 0.094825 -1.013870
v -0.474467 0.094825 -1.249879
v -0.473410 0.094825 -1.197539
v -0.477119 0.094825 -1.381208
v -1.197774 0.091992 -1.360660
v -1.299917 0.091992 -1.358597
v -1.282672 0.091992 -0.504579
v -1.180529 0.091992 -0.506641
v -0.479948 0.091992 -1.375154
v -0.582091 0.091992 -1.373092
v -0.564846 0.091992 -0.519073
v -0.462703 0.091992 -0.521136
v -1.197774 0.018798 -1.360660
v -1.299917 0.018798 -1.358597
v -1.282672 0.018798 -0.504579
v -1.180529 0.018798 -0.506641
v -0.479948 0.009376 -1.375154
v -0.582091 0.009376 -1.373092
v -0.564846 0.009376 -0.519073
v -0.462703 0.009376 -0.521136
v -0.466203 0.091392 -0.623388
v -0.464187 0.091392 -0.523552
v -0.563461 0.091392 -0.521547
v -0.464187 0.011253 -0.523552
v -0.563461 0.011253 -0.521547
v -0.466203 0.011253 -0.623388
v -0.580550 0.091392 -1.367850
v -0.481276 0.091392 -1.369855
v -0.479260 0.091392 -1.270018
v -0.479260 0.011253 -1.270018
v -0.580550 0.011253 -1.367850
v -0.481276 0.011253 -1.369855
v -1.282981 0.091392 -0.606896
v -1.181691 0.091392 -0.509063
v -1.280965 0.091392 -0.507059
v -1.181691 0.011253 -0.509063
v -1.280965 0.011253 -0.507059
v -1.282981 0.011253 -0.606896
v -1.298054 0.091392 -1.353362
v -1.198780 0.091392 -1.355367
v -1.296038 0.091392 -1.253525
v -1.296038 0.011253 -1.253525
v -1.298054 0.011253 -1.353362
v -1.198780 0.011253 -1.355367
v -0.035107 0.039315 0.671422
v -0.035107 0.854056 0.671422
v -0.035107 0.039315 -0.125863
v -0.035107 0.630743 -0.125863
v 1.472365 0.039315 0.671422
v 1.472365 0.854056 0.671422
v 1.472365 0.039315 -0.125863
v 1.472365 0.630743 -0.125863
v 1.289702 -0.006810 -0.068296
v 0.098963 -0.006810 -0.111854
v 1.405719 -0.006810 -0.107663
v 1.445086 -0.006810 0.008354
v 1.405719 0.051617 -0.107663
v 1.289702 0.051617 -0.068296
v 0.036253 -0.006810 -0.006606
v 1.445086 0.051617 0.008354
v 0.204211 -0.006810 -0.049144
v 0.098963 0.051617 -0.111854
v 0.036253 0.051617 -0.006606
v 0.204211 0.051617 -0.049144
v 1.289702 -0.006810 0.603540
v 0.098963 -0.006810 0.647099
v 1.405719 -0.006810 0.642907
v 1.445086 -0.006810 0.526891
v 1.405719 0.051617 0.642907
v 1.289702 0.051617 0.603540
v 0.036253 -0.006810 0.541851
v 1.445086 0.051617 0.526891
v 0.204211 -0.006810 0.584389
v 0.098963 0.051617 0.647099
v 0.036253 0.051617 0.541851
v 0.204211 0.051617 0.584389
v -0.058658 0.858513 0.687336
v -0.058658 0.620671 -0.161821
v 1.495916 0.858513 0.687336
v 1.495916 0.620671 -0.161821
v 1.193949 -0.001485 -1.214164
v 1.193949 0.404282 -1.214164
v 1.074902 -0.001485 -1.602075
v 1.074902 0.404282 -1.602075
v 1.573225 0.027946 -1.361346
v 1.573225 0.374851 -1.361346
v 1.471447 0.027946 -1.692986
v 1.471447 0.374851 -1.692986
v 1.462812 0.404282 -1.721122
v 1.462812 -0.001485 -1.721122
v 1.581859 -0.001485 -1.333211
v 1.581859 0.404282 -1.333211
v 1.117212 0.374851 -1.584274
v 1.117212 0.027946 -1.584274
v 1.218990 0.027946 -1.252635
v 1.218990 0.374851 -1.252635
v 1.033528 -0.001485 -0.814991
v 1.033528 0.658132 -0.814991
v 1.069479 -0.001485 -1.219162
v 1.069479 0.658132 -1.219162
v 1.440307 0.027946 -0.808356
v 1.440307 0.628702 -0.808356
v 1.471042 0.027946 -1.153897
v 1.471042 0.628702 -1.153897
v 1.473649 0.658132 -1.183212
v 1.473649 -0.001485 -1.183212
v 1.437699 -0.001485 -0.779041
v 1.437699 0.658132 -0.779041
v 1.101958 0.628702 -1.186727
v 1.101958 0.027946 -1.186727
v 1.071223 0.027946 -0.841185
v 1.071223 0.628702 -0.841185
v 1.061836 0.404282 -1.635853
v 1.033925 0.404282 -0.976827
v 1.061836 -0.001485 -1.635853
v 1.033925 -0.001485 -0.976827
v 0.655188 0.374851 -1.623618
v 0.629767 0.374851 -1.023400
v 0.655188 0.027946 -1.623618
v 0.629767 0.027946 -1.023400
v 0.628522 -0.001485 -0.993996
v 0.656433 -0.001485 -1.653023
v 0.656433 0.404282 -1.653023
v 0.628522 0.404282 -0.993996
v 0.999976 0.027946 -1.007721
v 1.025397 0.027946 -1.607939
v 1.025397 0.374851 -1.607939
v 0.999976 0.374851 -1.007721
vn -0.9668 -0.0000 0.2554
vn -0.2554 -0.0000 -0.9668
vn 0.9668 -0.0000 -0.2554
vn 0.2554 -0.0000 0.9668
vn -0.0000 1.0000 -0.0000
vn -1.0000 -0.0000 -0.0000
vn 1.0000 -0.0000 -0.0000
vn -0.0000 -0.0000 -1.0000
vn -0.0000 -0.9915 0.1301
vn -0.0000 -0.0000 1.0000
vn -0.0000 0.9915 -0.1301
vn 0.4039 0.9148 -0.0000
vn -0.8140 -0.0000 -0.5809
vn 0.5809 -0.0000 -0.8140
vn 0.8140 -0.0000 0.5809
vn -0.5809 -0.0000 0.8140
vn -0.9989 -0.0000 -0.0465
vn 0.0465 -0.0000 -0.9989
vn 0.9989 -0.0000 0.0465
vn -0.0465 -0.0000 0.9989
vn -0.0000 -1.0000 -0.0000
vn -0.0754 -0.0000 0.9972
vn 0.9972 -0.0000 0.0754
vn 0.0754 -0.0000 -0.9972
vn -0.9972 -0.0000 -0.0754
vn 0.0202 -0.0000 0.9998
vn 0.9998 -0.0000 -0.0202
vn -0.0202 -0.0000 -0.9998
vn -0.9998 -0.0000 0.0202
vn 0.9470 -0.0000 0.3213
vn -0.8591 -0.0000 0.5119
vn 0.9470 -0.0000 -0.3213
vn -0.8591 -0.0000 -0.5119
vn 0.5119 -0.0000 -0.8591
vn -0.3213 -0.0000 -0.9470
vn 0.5119 -0.0000 0.8591
vn -0.3213 -0.0000 0.9470
vn -0.0000 0.9629 -0.2697
vn -0.9560 -0.0000 0.2934
vn -0.2934 -0.0000 -0.9560
vn 0.2934 -0.0000 0.9560
vn 0.9560 -0.0000 -0.2934
vn -0.9961 -0.0000 -0.0886
vn 0.0886 -0.0000 -0.9961
vn -0.0886 -0.0000 0.9961
vn 0.9961 -0.0000 0.0886
vn 0.9991 -0.0000 0.0423
vn 0.0423 -0.0000 -0.9991
vn -0.0423 -0.0000 0.9991
vn -0.9991 -0.0000 -0.0423
vt 0.514916 0.921980
vt 0.514916 0.878694
vt 0.555964 0.878694
vt 0.555964 0.921980
vt 0.151321 0.917628
vt 0.151321 0.874343
vt 0.192988 0.874343
vt 0.192988 0.917628
vt 0.449068 0.923895
vt 0.449068 0.880609
vt 0.487781 0.880609
vt 0.487781 0.923895
vt 0.397133 0.921980
vt 0.397133 0.878694
vt 0.438738 0.878694
vt 0.438738 0.921980
vt 0.664666 0.773128
vt 0.664666 0.729849
vt 0.707948 0.729859
vt 0.707948 0.773138
vt 0.966075 0.685987
vt 0.966075 0.867191
vt 0.954443 0.868721
vt 0.954443 0.687517
vt 0.970224 0.145506
vt 0.981853 0.147065
vt 0.981853 0.324884
vt 0.970224 0.323325
vt 0.860734 0.792869
vt 0.860734 0.805519
vt 0.849001 0.805519
vt 0.849001 0.792869
vt 0.954443 0.496128
vt 0.967094 0.496128
vt 0.967094 0.676428
vt 0.954443 0.676428
vt 0.839442 0.496128
vt 0.839442 0.807270
vt 0.829454 0.807270
vt 0.829454 0.496128
vt 0.801266 0.496128
vt 0.801266 0.807270
vt 0.792022 0.807270
vt 0.792022 0.496128
vt 0.839617 0.145506
vt 0.839617 0.456648
vt 0.829630 0.456648
vt 0.829630 0.145506
vt 0.877049 0.145506
vt 0.877049 0.456648
vt 0.867980 0.456648
vt 0.867980 0.145506
vt 0.743369 0.145506
vt 0.743369 0.486568
vt 0.733381 0.486568
vt 0.733381 0.145506
vt 0.820071 0.145506
vt 0.820071 0.486568
vt 0.810826 0.486568
vt 0.810826 0.145506
vt 0.782462 0.145506
vt 0.782462 0.486568
vt 0.772475 0.486568
vt 0.772475 0.145506
vt 0.743370 0.496128
vt 0.743370 0.837190
vt 0.734300 0.837190
vt 0.734300 0.496128
vt 0.944883 0.638666
vt 0.944883 0.819869
vt 0.933251 0.821399
vt 0.933251 0.640195
vt 0.975635 0.685987
vt 0.987264 0.687546
vt 0.987264 0.865365
vt 0.975635 0.863806
vt 0.141008 0.898118
vt 0.141008 0.910766
vt 0.129275 0.910766
vt 0.129275 0.898118
vt 0.948015 0.145506
vt 0.960665 0.145526
vt 0.960665 0.325950
vt 0.948015 0.325930
vt 0.772475 0.496128
vt 0.782463 0.496128
vt 0.782463 0.807270
vt 0.772475 0.807270
vt 0.874408 0.496128
vt 0.883477 0.496128
vt 0.883477 0.807270
vt 0.874408 0.807270
vt 0.752929 0.496128
vt 0.762916 0.496128
vt 0.762916 0.807270
vt 0.752929 0.807270
vt 0.849176 0.145506
vt 0.858421 0.145506
vt 0.858421 0.456648
vt 0.849176 0.456648
vt 0.350384 0.378019
vt 0.360372 0.378019
vt 0.360372 0.719081
vt 0.350384 0.719081
vt 0.810826 0.496128
vt 0.819895 0.496128
vt 0.819895 0.837190
vt 0.810826 0.837190
vt 0.752929 0.145506
vt 0.762916 0.145506
vt 0.762916 0.486568
vt 0.752929 0.486568
vt 0.792022 0.145506
vt 0.801266 0.145506
vt 0.801266 0.486568
vt 0.792022 0.486568
vt 0.004780 0.469063
vt 0.004780 0.005083
vt 0.202917 0.004780
vt 0.202917 0.468760
vt 0.694403 0.501189
vt 0.694403 0.265076
vt 0.710250 0.265076
vt 0.710250 0.501189
vt 0.424400 0.869135
vt 0.424400 0.633022
vt 0.438738 0.639354
vt 0.438738 0.869135
vt 0.374189 0.862803
vt 0.374189 0.633022
vt 0.389735 0.633022
vt 0.389735 0.862803
vt 0.538813 0.869135
vt 0.538813 0.639354
vt 0.553150 0.633022
vt 0.553150 0.869135
vt 0.849001 0.732241
vt 0.849001 0.496128
vt 0.864848 0.496128
vt 0.864848 0.732241
vt 0.514916 0.869135
vt 0.514916 0.633022
vt 0.529254 0.639354
vt 0.529254 0.869135
vt 0.399294 0.862803
vt 0.399294 0.633022
vt 0.414840 0.633022
vt 0.414840 0.862803
vt 0.562710 0.869135
vt 0.562710 0.639354
vt 0.577047 0.633022
vt 0.577047 0.869135
vt 0.364630 0.005928
vt 0.364630 0.368460
vt 0.212477 0.367311
vt 0.212477 0.004780
vt 0.886608 0.473873
vt 0.886608 0.430587
vt 0.923392 0.430587
vt 0.923392 0.473873
vt 0.799709 0.956237
vt 0.799709 0.912951
vt 0.835342 0.912951
vt 0.835342 0.956237
vt 0.203015 0.923893
vt 0.203015 0.880607
vt 0.242639 0.880607
vt 0.242639 0.923893
vt 0.277885 0.923910
vt 0.277885 0.880624
vt 0.313647 0.880624
vt 0.313647 0.923910
vt 0.076441 0.919195
vt 0.076441 0.875909
vt 0.119716 0.875910
vt 0.119716 0.919196
vt 0.449068 0.620165
vt 0.449068 0.517272
vt 0.502171 0.517272
vt 0.502171 0.620165
vt 0.670735 0.248400
vt 0.670735 0.145506
vt 0.723822 0.145506
vt 0.723822 0.248400
vt 0.449068 0.732619
vt 0.449068 0.629725
vt 0.501509 0.629725
vt 0.501509 0.732619
vt 0.076441 0.722243
vt 0.076441 0.619349
vt 0.129535 0.619349
vt 0.129535 0.722243
vt 0.731212 0.132774
vt 0.731212 0.079666
vt 0.784315 0.079679
vt 0.784315 0.132786
vt 0.914180 0.496132
vt 0.914180 0.629109
vt 0.893036 0.629104
vt 0.893036 0.496128
vt 0.907752 0.145511
vt 0.907752 0.278487
vt 0.886608 0.278483
vt 0.886608 0.145506
vt 0.172464 0.731807
vt 0.172464 0.864783
vt 0.151321 0.864778
vt 0.151321 0.731802
vt 0.907752 0.288051
vt 0.907752 0.421028
vt 0.886609 0.421023
vt 0.886608 0.288047
vt 0.914180 0.638673
vt 0.914180 0.771649
vt 0.893036 0.771644
vt 0.893036 0.638668
vt 0.589792 0.995220
vt 0.589792 0.857726
vt 0.606238 0.857722
vt 0.606238 0.995217
vt 0.641804 0.995220
vt 0.641804 0.857726
vt 0.658250 0.857722
vt 0.658250 0.995217
vt 0.883477 0.954338
vt 0.867029 0.954338
vt 0.867029 0.816829
vt 0.883477 0.816829
vt 0.615798 0.995220
vt 0.615798 0.857726
vt 0.632244 0.857722
vt 0.632244 0.995217
vt 0.578426 0.894656
vt 0.565524 0.894656
vt 0.565524 0.878694
vt 0.578426 0.878694
vt 0.578426 0.920156
vt 0.565524 0.920156
vt 0.565524 0.904216
vt 0.578426 0.904216
vt 0.265100 0.922069
vt 0.252198 0.922069
vt 0.252198 0.906129
vt 0.265100 0.906129
vt 0.058142 0.910993
vt 0.045240 0.910993
vt 0.045240 0.895035
vt 0.058142 0.895035
vt 0.887719 0.135506
vt 0.874817 0.135506
vt 0.874817 0.119544
vt 0.887719 0.119544
vt 0.177791 0.707242
vt 0.164889 0.707242
vt 0.164889 0.691167
vt 0.177791 0.691167
vt 0.387091 0.913841
vt 0.374189 0.913841
vt 0.374189 0.897884
vt 0.387091 0.897884
vt 0.691691 0.135196
vt 0.678789 0.135196
vt 0.678789 0.119121
vt 0.691691 0.119121
vt 0.914180 0.781214
vt 0.914180 0.914187
vt 0.893036 0.914182
vt 0.893036 0.781209
vt 0.938456 0.145511
vt 0.938456 0.278485
vt 0.917311 0.278480
vt 0.917311 0.145506
vt 0.944883 0.496133
vt 0.944883 0.629106
vt 0.923739 0.629101
vt 0.923739 0.496128
vt 0.938456 0.288052
vt 0.938456 0.421025
vt 0.917311 0.421020
vt 0.917311 0.288047
vt 0.364438 0.811436
vt 0.364438 0.944410
vt 0.343294 0.944405
vt 0.343294 0.811431
vt 0.976653 0.633629
vt 0.976653 0.496132
vt 0.993099 0.496128
vt 0.993099 0.633625
vt 0.974022 0.473011
vt 0.974022 0.335513
vt 0.990468 0.335509
vt 0.990468 0.473007
vt 0.964462 0.473018
vt 0.948015 0.473018
vt 0.948015 0.335509
vt 0.964462 0.335509
vt 0.928437 0.968460
vt 0.928437 0.830963
vt 0.944883 0.830959
vt 0.944883 0.968456
vt 0.721175 0.873694
vt 0.708273 0.873694
vt 0.708273 0.857722
vt 0.721175 0.857722
vt 0.932641 0.135212
vt 0.919739 0.135212
vt 0.919739 0.119544
vt 0.932641 0.119544
vt 0.387091 0.939069
vt 0.374189 0.939069
vt 0.374189 0.923401
vt 0.387091 0.923401
vt 0.842531 0.482183
vt 0.829630 0.482183
vt 0.829630 0.466208
vt 0.842531 0.466208
vt 0.058142 0.885476
vt 0.045240 0.885476
vt 0.045240 0.869504
vt 0.058142 0.869504
vt 0.765831 0.832848
vt 0.752929 0.832848
vt 0.752929 0.816829
vt 0.765831 0.816829
vt 0.861903 0.783310
vt 0.849001 0.783310
vt 0.849001 0.767335
vt 0.861903 0.767335
vt 0.714152 0.135139
vt 0.701250 0.135139
vt 0.701250 0.119121
vt 0.714152 0.119121
vt 0.004780 0.609790
vt 0.004780 0.478622
vt 0.132869 0.514574
vt 0.132869 0.609790
vt 0.610131 0.507736
vt 0.514916 0.507736
vt 0.514916 0.265076
vt 0.610131 0.265076
vt 0.521114 0.135947
vt 0.521114 0.040731
vt 0.646769 0.004780
vt 0.646769 0.135947
vt 0.505356 0.507712
vt 0.374189 0.507712
vt 0.374189 0.265076
vt 0.505356 0.265076
vt 0.212477 0.620710
vt 0.212477 0.378019
vt 0.340825 0.378019
vt 0.340825 0.620710
vt 0.191430 0.751380
vt 0.182024 0.751380
vt 0.182024 0.731802
vt 0.191430 0.731802
vt 0.861762 0.095923
vt 0.852356 0.095923
vt 0.852356 0.079666
vt 0.861762 0.079666
vt 0.191430 0.815736
vt 0.191430 0.832727
vt 0.182024 0.832727
vt 0.182024 0.815736
vt 0.362154 0.764915
vt 0.362154 0.782475
vt 0.352747 0.782475
vt 0.352747 0.764915
vt 0.191430 0.789072
vt 0.191430 0.806177
vt 0.182024 0.806177
vt 0.182024 0.789072
vt 0.191430 0.760940
vt 0.191430 0.779513
vt 0.182024 0.779513
vt 0.182024 0.760940
vt 0.191430 0.859011
vt 0.182024 0.859011
vt 0.182024 0.842286
vt 0.191430 0.842286
vt 0.362154 0.755355
vt 0.352747 0.755355
vt 0.352747 0.736546
vt 0.362154 0.736546
vt 0.374189 0.255517
vt 0.374189 0.005265
vt 0.511555 0.004780
vt 0.511555 0.255032
vt 0.661485 0.848163
vt 0.661485 0.782837
vt 0.722568 0.782837
vt 0.722568 0.848163
vt 0.589792 0.848163
vt 0.589792 0.782837
vt 0.651926 0.782837
vt 0.651926 0.848163
vt 0.855558 0.903392
vt 0.799709 0.903392
vt 0.799709 0.846749
vt 0.855558 0.846749
vt 0.004780 0.790730
vt 0.004780 0.725404
vt 0.066807 0.725404
vt 0.066807 0.790730
vt 0.655107 0.698368
vt 0.589792 0.698383
vt 0.589792 0.633063
vt 0.655107 0.633048
vt 0.810243 0.009518
vt 0.810243 0.065367
vt 0.806093 0.070105
vt 0.806093 0.004780
vt 0.859166 0.065367
vt 0.863317 0.070105
vt 0.859166 0.009518
vt 0.863317 0.004780
vt 0.793874 0.135516
vt 0.793874 0.079666
vt 0.842797 0.079666
vt 0.842797 0.135516
vt 0.734300 0.846749
vt 0.790150 0.846749
vt 0.790150 0.903489
vt 0.734300 0.903489
vt 0.504913 0.801836
vt 0.449068 0.801822
vt 0.449068 0.742178
vt 0.504913 0.742191
vt 0.060625 0.859943
vt 0.004780 0.859945
vt 0.004780 0.800291
vt 0.060625 0.800289
vt 0.589800 0.623489
vt 0.589800 0.517295
vt 0.655107 0.517295
vt 0.655107 0.623489
vt 0.619690 0.371269
vt 0.619690 0.265076
vt 0.684844 0.265076
vt 0.684844 0.371269
vt 0.664666 0.614013
vt 0.664666 0.517295
vt 0.724185 0.517295
vt 0.724185 0.614013
vt 0.595999 0.251700
vt 0.595999 0.145506
vt 0.661176 0.145506
vt 0.661176 0.251700
vt 0.589792 0.773263
vt 0.589792 0.707943
vt 0.655106 0.707957
vt 0.655106 0.773278
vt 0.624396 0.385567
vt 0.624396 0.482284
vt 0.619690 0.487022
vt 0.619690 0.380829
vt 0.679865 0.482284
vt 0.684570 0.487022
vt 0.679865 0.385567
vt 0.684570 0.380829
vt 0.277885 0.726987
vt 0.277885 0.630270
vt 0.333353 0.630270
vt 0.333353 0.726987
vt 0.724163 0.623572
vt 0.724163 0.720289
vt 0.664666 0.720289
vt 0.664666 0.623572
vt 0.132280 0.866350
vt 0.076441 0.866337
vt 0.076441 0.806687
vt 0.132280 0.806700
vt 0.449068 0.811395
vt 0.504914 0.811395
vt 0.504914 0.871050
vt 0.449068 0.871049
vt 0.656328 0.109561
vt 0.656328 0.004780
vt 0.721653 0.004780
vt 0.721653 0.109561
vt 0.142428 0.681607
vt 0.142428 0.584906
vt 0.202077 0.584892
vt 0.202077 0.681593
vt 0.374189 0.623463
vt 0.374189 0.517287
vt 0.439509 0.517272
vt 0.439509 0.623447
vt 0.343188 0.801872
vt 0.277885 0.801872
vt 0.277885 0.736546
vt 0.343188 0.736546
vt 0.268326 0.801848
vt 0.203015 0.801848
vt 0.203015 0.736522
vt 0.268326 0.736522
vt 0.575503 0.618725
vt 0.575503 0.522032
vt 0.580241 0.517295
vt 0.580241 0.623462
vt 0.519654 0.522032
vt 0.514916 0.517295
vt 0.519654 0.618725
vt 0.514916 0.623462
vt 0.212477 0.726963
vt 0.212477 0.630270
vt 0.268326 0.630270
vt 0.268326 0.726963
vt 0.202082 0.478622
vt 0.202082 0.575333
vt 0.142428 0.575333
vt 0.142428 0.478623
vt 0.203015 0.811407
vt 0.258864 0.811407
vt 0.258864 0.871048
vt 0.203015 0.871048
vt 0.333734 0.871065
vt 0.277885 0.871065
vt 0.277885 0.811431
vt 0.333734 0.811431
s 0
usemtl Materiais.006
f 1594/2805/1063 1595/2806/1063 1597/2807/1063 1596/2808/1063
f 1596/2809/1064 1597/2810/1064 1601/2811/1064 1600/2812/1064
f 1600/2813/1065 1601/2814/1065 1599/2815/1065 1598/2816/1065
f 1598/2817/1066 1599/2818/1066 1595/2819/1066 1594/2820/1066
f 1601/2821/1067 1597/2822/1067 1595/2823/1067 1599/2824/1067
f 1610/2825/1068 1611/2826/1068 1605/2827/1068 1602/2828/1068
f 1608/2829/1069 1609/2830/1069 1606/2831/1069 1607/2832/1069
f 1606/2833/1070 1605/2834/1070 1611/2835/1070 1607/2836/1070
f 1609/2837/1071 1602/2838/1071 1605/2839/1071 1606/2840/1071
f 1614/2841/1070 1618/2842/1070 1616/2843/1070 1615/2844/1070
f 1615/2845/1068 1616/2846/1068 1617/2847/1068 1612/2848/1068
f 1612/2849/1072 1617/2850/1072 1619/2851/1072 1613/2852/1072
f 1613/2853/1069 1619/2854/1069 1618/2855/1069 1614/2856/1069
f 1622/2857/1070 1626/2858/1070 1624/2859/1070 1623/2860/1070
f 1623/2861/1068 1624/2862/1068 1625/2863/1068 1620/2864/1068
f 1620/2865/1072 1625/2866/1072 1627/2867/1072 1621/2868/1072
f 1621/2869/1069 1627/2870/1069 1626/2871/1069 1622/2872/1069
f 1636/2873/1068 1637/2874/1068 1631/2875/1068 1628/2876/1068
f 1634/2877/1069 1635/2878/1069 1632/2879/1069 1633/2880/1069
f 1632/2881/1072 1631/2882/1072 1637/2883/1072 1633/2884/1072
f 1635/2885/1073 1628/2886/1073 1631/2887/1073 1632/2888/1073
f 1640/2889/1070 1641/2890/1070 1642/2891/1070 1644/2892/1070
f 1641/2893/1069 1638/2894/1069 1643/2895/1069 1642/2896/1069
f 1638/2897/1072 1639/2898/1072 1645/2899/1072 1643/2900/1072
f 1639/2901/1068 1640/2902/1068 1644/2903/1068 1645/2904/1068
f 1648/2905/1070 1649/2906/1070 1650/2907/1070 1652/2908/1070
f 1649/2909/1069 1646/2910/1069 1651/2911/1069 1650/2912/1069
f 1646/2913/1072 1647/2914/1072 1653/2915/1072 1651/2916/1072
f 1647/2917/1068 1648/2918/1068 1652/2919/1068 1653/2920/1068
f 1603/2921/1073 1629/2922/1073 1630/2923/1073 1604/2924/1073
f 1654/2925/1068 1655/2926/1068 1657/2927/1068 1656/2928/1068
f 1656/2929/1070 1657/2930/1070 1661/2931/1070 1660/2932/1070
f 1660/2933/1069 1661/2934/1069 1659/2935/1069 1658/2936/1069
f 1658/2937/1072 1659/2938/1072 1655/2939/1072 1654/2940/1072
f 1662/2941/1068 1663/2942/1068 1665/2943/1068 1664/2944/1068
f 1664/2945/1070 1665/2946/1070 1669/2947/1070 1668/2948/1070
f 1668/2949/1069 1669/2950/1069 1667/2951/1069 1666/2952/1069
f 1666/2953/1072 1667/2954/1072 1663/2955/1072 1662/2956/1072
f 1671/2957/1074 1673/2958/1074 1672/2959/1074 1670/2960/1074
f 1674/2961/1075 1675/2962/1075 1677/2963/1075 1676/2964/1075
f 1676/2965/1076 1677/2966/1076 1681/2967/1076 1680/2968/1076
f 1680/2969/1077 1681/2970/1077 1679/2971/1077 1678/2972/1077
f 1678/2973/1078 1679/2974/1078 1675/2975/1078 1674/2976/1078
f 1681/2977/1067 1677/2978/1067 1675/2979/1067 1679/2980/1067
f 1682/2981/1079 1683/2982/1079 1685/2983/1079 1684/2984/1079
f 1684/2985/1080 1685/2986/1080 1689/2987/1080 1688/2988/1080
f 1688/2989/1081 1689/2990/1081 1687/2991/1081 1686/2992/1081
f 1686/2993/1082 1687/2994/1082 1683/2995/1082 1682/2996/1082
f 1689/2997/1067 1685/2998/1067 1683/2999/1067 1687/3000/1067
f 1692/3001/1067 1707/3002/1067 1709/3003/1067 1690/3004/1067
f 1694/3005/1067 1705/3006/1067 1708/3007/1067 1691/3008/1067
f 1696/3009/1067 1703/3010/1067 1706/3011/1067 1693/3012/1067
f 1698/3013/1067 1701/3014/1067 1704/3015/1067 1695/3016/1067
f 1699/3017/1067 1700/3018/1067 1702/3019/1067 1697/3020/1067
f 1711/3021/1067 1712/3022/1067 1713/3023/1067 1710/3024/1067
f 1715/3025/1067 1716/3026/1067 1717/3027/1067 1714/3028/1067
f 1719/3029/1083 1718/3030/1083 1721/3031/1083 1720/3032/1083
f 1723/3033/1067 1724/3034/1067 1725/3035/1067 1722/3036/1067
f 1729/3037/1084 1727/3038/1084 1728/3039/1084 1730/3040/1084
f 1731/3041/1085 1726/3042/1085 1727/3043/1085 1729/3044/1085
f 1737/3045/1085 1733/3046/1085 1734/3047/1085 1735/3048/1085
f 1736/3049/1086 1732/3050/1086 1733/3051/1086 1737/3052/1086
f 1741/3053/1084 1739/3054/1084 1740/3055/1084 1742/3056/1084
f 1742/3057/1087 1740/3058/1087 1738/3059/1087 1743/3060/1087
f 1748/3061/1086 1744/3062/1086 1745/3063/1086 1749/3064/1086
f 1747/3065/1087 1746/3066/1087 1744/3067/1087 1748/3068/1087
f 1752/3069/1067 1767/3070/1067 1769/3071/1067 1750/3072/1067
f 1754/3073/1067 1765/3074/1067 1768/3075/1067 1751/3076/1067
f 1756/3077/1067 1763/3078/1067 1766/3079/1067 1753/3080/1067
f 1758/3081/1067 1761/3082/1067 1764/3083/1067 1755/3084/1067
f 1759/3085/1067 1760/3086/1067 1762/3087/1067 1757/3088/1067
f 1771/3089/1067 1772/3090/1067 1773/3091/1067 1770/3092/1067
f 1775/3093/1067 1776/3094/1067 1777/3095/1067 1774/3096/1067
f 1779/3097/1083 1778/3098/1083 1781/3099/1083 1780/3100/1083
f 1783/3101/1067 1784/3102/1067 1785/3103/1067 1782/3104/1067
f 1789/3105/1088 1787/3106/1088 1788/3107/1088 1790/3108/1088
f 1791/3109/1089 1786/3110/1089 1787/3111/1089 1789/3112/1089
f 1797/3113/1089 1793/3114/1089 1794/3115/1089 1795/3116/1089
f 1796/3117/1090 1792/3118/1090 1793/3119/1090 1797/3120/1090
f 1801/3121/1088 1799/3122/1088 1800/3123/1088 1802/3124/1088
f 1802/3125/1091 1800/3126/1091 1798/3127/1091 1803/3128/1091
f 1808/3129/1090 1804/3130/1090 1805/3131/1090 1809/3132/1090
f 1807/3133/1091 1806/3134/1091 1804/3135/1091 1808/3136/1091
f 1810/3137/1068 1811/3138/1068 1813/3139/1068 1812/3140/1068
f 1812/3141/1070 1813/3142/1070 1817/3143/1070 1816/3144/1070
f 1816/3145/1069 1817/3146/1069 1815/3147/1069 1814/3148/1069
f 1814/3149/1072 1815/3150/1072 1811/3151/1072 1810/3152/1072
f 1812/3153/1083 1816/3154/1083 1814/3155/1083 1810/3156/1083
f 1833/3157/1092 1837/3158/1092 1834/3159/1092 1832/3160/1092
f 1831/3161/1093 1839/3162/1093 1840/3163/1093 1836/3164/1093
f 1821/3165/1094 1820/3166/1094 1822/3167/1094 1825/3168/1094
f 1819/3169/1095 1824/3170/1095 1828/3171/1095 1827/3172/1095
f 1826/3173/1096 1819/3174/1096 1827/3175/1096 1829/3176/1096
f 1820/3177/1097 1818/3178/1097 1823/3179/1097 1822/3180/1097
f 1838/3181/1098 1841/3182/1098 1839/3183/1098 1831/3184/1098
f 1832/3185/1099 1834/3186/1099 1835/3187/1099 1830/3188/1099
f 1845/3189/1100 1843/3190/1100 1842/3191/1100 1844/3192/1100
f 1846/3193/1101 1847/3194/1101 1849/3195/1101 1848/3196/1101
f 1848/3197/1102 1849/3198/1102 1854/3199/1102 1855/3200/1102
f 1852/3201/1103 1853/3202/1103 1858/3203/1103 1859/3204/1103
f 1856/3205/1103 1857/3206/1103 1847/3207/1103 1846/3208/1103
f 1854/3209/1067 1849/3210/1067 1847/3211/1067 1857/3212/1067
f 1853/3213/1104 1852/3214/1104 1855/3215/1104 1854/3216/1104
f 1852/3214/1104 1850/3217/1104 1856/3218/1104 1855/3215/1104
f 1851/3219/1104 1853/3213/1104 1854/3216/1104 1857/3220/1104
f 1850/3217/1104 1851/3219/1104 1857/3220/1104 1856/3218/1104
f 1859/3221/1104 1858/3222/1104 1861/3223/1104 1860/3224/1104
f 1851/3225/1102 1850/3226/1102 1860/3227/1102 1861/3228/1102
f 1850/3229/1067 1852/3230/1067 1859/3231/1067 1860/3232/1067
f 1853/3233/1083 1851/3234/1083 1861/3235/1083 1858/3236/1083
f 1862/3237/1105 1863/3238/1105 1865/3239/1105 1864/3240/1105
f 1864/3241/1106 1865/3242/1106 1870/3243/1106 1871/3244/1106
f 1868/3245/1107 1869/3246/1107 1874/3247/1107 1875/3248/1107
f 1872/3249/1107 1873/3250/1107 1863/3251/1107 1862/3252/1107
f 1870/3253/1067 1865/3254/1067 1863/3255/1067 1873/3256/1067
f 1869/3257/1108 1868/3258/1108 1871/3259/1108 1870/3260/1108
f 1868/3258/1108 1866/3261/1108 1872/3262/1108 1871/3259/1108
f 1867/3263/1108 1869/3257/1108 1870/3260/1108 1873/3264/1108
f 1866/3261/1108 1867/3263/1108 1873/3264/1108 1872/3262/1108
f 1875/3265/1108 1874/3266/1108 1877/3267/1108 1876/3268/1108
f 1867/3269/1106 1866/3270/1106 1876/3271/1106 1877/3272/1106
f 1866/3273/1067 1868/3274/1067 1875/3275/1067 1876/3276/1067
f 1869/3277/1083 1867/3278/1083 1877/3279/1083 1874/3280/1083
f 1878/3281/1109 1879/3282/1109 1881/3283/1109 1880/3284/1109
f 1884/3285/1067 1885/3286/1067 1890/3287/1067 1891/3288/1067
f 1888/3289/1067 1889/3290/1067 1879/3291/1067 1878/3292/1067
f 1880/3293/1110 1887/3294/1110 1888/3295/1110 1878/3296/1110
f 1886/3297/1111 1881/3298/1111 1879/3299/1111 1889/3300/1111
f 1885/3301/1112 1884/3302/1112 1887/3303/1112 1886/3304/1112
f 1884/3302/1112 1882/3305/1112 1888/3306/1112 1887/3303/1112
f 1883/3307/1112 1885/3301/1112 1886/3304/1112 1889/3308/1112
f 1882/3305/1112 1883/3307/1112 1889/3308/1112 1888/3306/1112
f 1891/3309/1112 1890/3310/1112 1893/3311/1112 1892/3312/1112
f 1883/3313/1083 1882/3314/1083 1892/3315/1083 1893/3316/1083
f 1882/3317/1111 1884/3318/1111 1891/3319/1111 1892/3320/1111
f 1885/3321/1110 1883/3322/1110 1893/3323/1110 1890/3324/1110
o Houses_1
v -4.788040 -0.586854 -2.195837
v -4.788040 1.895997 -2.195837
v -4.788040 -0.586854 -4.678689
v -4.788040 2.472489 -4.678689
v -2.305188 -0.586854 -2.195837
v -2.305188 1.895997 -2.195837
v -2.305188 -0.586854 -4.678689
v -2.305188 2.472489 -4.678689
v -4.852163 1.881109 -2.131714
v -4.852163 2.487378 -4.742813
v -2.241065 1.881109 -2.131714
v -2.241065 2.487378 -4.742813
v -3.021396 -0.038199 -2.954663
v -3.021396 1.961802 -2.954663
v -3.021396 -0.038199 -4.954663
v -3.021396 1.961802 -4.954663
v -0.173849 1.711010 -3.017035
v 0.845512 -0.038199 -2.954663
v 0.845512 1.961802 -2.954663
v 0.845512 -0.038199 -4.954663
v 0.845512 1.961802 -4.954663
v 0.652519 1.711010 -3.017035
v 0.845512 -0.038199 -3.176672
v 0.845512 1.961802 -3.176672
v 1.293026 1.961802 -3.176672
v 1.293026 1.961802 -2.954663
v 1.293026 -0.038199 -2.954663
v 1.293026 -0.038199 -3.176672
v -3.021396 6.147953 -4.954663
v 0.845512 6.147953 -4.954663
v 0.845512 5.743809 -2.954663
v -3.021396 5.743809 -2.954663
v -0.173849 1.711010 -2.954663
v 0.652519 1.711010 -2.954663
v 0.652519 -0.038199 -2.954663
v -0.173849 -0.038199 -2.954663
v -0.173849 -0.038199 -3.017035
v 0.652519 -0.038199 -3.017035
v 0.845512 2.101521 -4.954663
v 0.845512 2.101521 -2.954663
v -3.021396 2.101521 -2.954663
v -3.021396 2.101521 -4.954663
v -3.063622 1.961802 -5.025130
v 0.887738 1.961802 -5.025130
v -3.063622 1.961802 -2.913218
v 0.887738 1.961802 -2.913218
v 0.887738 2.101521 -5.025130
v 0.887738 2.101521 -2.913218
v -3.063622 2.101521 -2.913218
v -3.063622 2.101521 -5.025130
v 0.890286 3.916086 -4.999436
v 0.890286 4.064631 -4.999436
v -3.066170 4.064631 -4.999436
v -3.066170 3.916086 -4.999436
v 0.845512 4.064631 -4.954663
v 0.845512 3.916086 -4.954663
v 0.845512 3.916086 -2.954663
v 0.845512 4.064631 -2.954663
v -3.021396 4.064631 -2.954663
v -3.021396 3.916086 -2.954663
v -3.021396 3.916086 -4.954663
v -3.021396 4.064631 -4.954663
v 0.890286 3.916086 -2.909889
v 0.890286 4.064631 -2.909889
v -3.066170 4.064631 -2.909889
v -3.066170 3.916086 -2.909889
v -3.128668 6.167742 -5.052590
v 0.952784 6.167742 -5.052590
v 0.952784 5.724021 -2.856736
v -3.128668 5.724021 -2.856736
v 1.221521 -0.043925 -4.958177
v 1.221521 0.948477 -4.958177
v 1.373470 -0.043925 -4.958177
v 1.373470 0.948477 -4.958177
v 1.221521 -0.043925 -3.012073
v 1.221521 0.948477 -3.012073
v 1.373470 -0.043925 -3.012073
v 1.373470 0.948477 -3.012073
v 1.187293 -0.112597 -2.905420
v 1.187293 2.099067 -2.905420
v 1.187293 -0.112597 -3.198667
v 1.187293 2.099067 -3.198667
v 1.412487 -0.112597 -2.905420
v 1.412487 2.099067 -2.905420
v 1.412487 -0.112597 -3.198667
v 1.412487 2.099067 -3.198667
v 1.182167 0.188262 -4.876883
v 1.182167 2.048518 -4.876883
v 1.182167 0.188262 -5.120229
v 1.182167 2.048518 -5.120229
v 1.421023 0.188262 -4.876883
v 1.421023 2.048518 -4.876883
v 1.421023 0.188262 -5.120229
v 1.421023 2.048518 -5.120229
v 1.182167 0.249685 -5.632350
v 1.182167 1.765703 -5.632350
v 1.182167 0.249685 -6.564845
v 1.182167 1.765703 -6.564845
v 1.421023 0.249685 -5.632350
v 1.421023 1.765703 -5.632350
v 1.421023 0.249685 -6.564845
v 1.421023 1.765703 -6.564845
v 1.182167 0.249685 -5.885539
v 1.182167 1.765703 -5.885539
v 1.421023 0.249685 -5.885539
v 1.421023 1.765703 -5.885539
v -0.506309 0.249685 -5.885539
v -0.506309 0.249685 -5.632350
v -0.506309 1.765703 -5.632350
v -0.506309 1.765703 -5.885539
v -0.701746 0.249685 -5.885539
v -0.701746 0.249685 -5.632350
v -0.701746 1.765703 -5.632350
v -0.701746 1.765703 -5.885539
v -0.506309 0.249685 -4.861346
v -0.506309 1.765703 -4.861346
v -0.701746 0.249685 -4.861346
v -0.701746 1.765703 -4.861346
v -0.506309 1.875664 -5.632350
v -0.506309 1.875664 -5.885539
v -0.701746 1.875664 -5.632350
v -0.701746 1.875664 -5.885539
vn -1.0000 -0.0000 -0.0000
vn -0.0000 -0.0000 -1.0000
vn 1.0000 -0.0000 -0.0000
vn -0.0000 -0.0000 1.0000
vn -0.0000 0.9741 0.2262
vn -0.0000 -1.0000 -0.0000
vn -0.0000 1.0000 -0.0000
vn -0.0000 0.9802 0.1981
vt 0.576237 0.485745
vt 0.576237 0.325283
vt 0.736699 0.288025
vt 0.736699 0.485745
vt 0.576237 0.689593
vt 0.576237 0.491873
vt 0.736699 0.491873
vt 0.736699 0.689593
vt 0.127705 0.747242
vt 0.127705 0.549523
vt 0.288167 0.586780
vt 0.288167 0.747242
vt 0.859466 0.163526
vt 0.699004 0.163526
vt 0.699004 0.003064
vt 0.859466 0.003064
vt 0.576237 0.695721
vt 0.744987 0.695721
vt 0.744987 0.865306
vt 0.576237 0.865306
vt 0.692876 0.252975
vt 0.563619 0.252975
vt 0.563620 0.003064
vt 0.692876 0.003064
vt 0.287097 0.252975
vt 0.416353 0.252975
vt 0.416353 0.281897
vt 0.287097 0.281897
vt 0.287097 0.003064
vt 0.416353 0.003064
vt 0.416353 0.187096
vt 0.303305 0.187096
vt 0.303305 0.240502
vt 0.416353 0.240502
vt 0.426445 0.540830
vt 0.426445 0.290919
vt 0.429339 0.288025
vt 0.429339 0.543724
vt 0.294296 0.935147
vt 0.294296 0.805891
vt 0.409204 0.805891
vt 0.409204 0.935147
vt 0.952658 0.824977
vt 0.952658 0.695721
vt 0.967006 0.695721
vt 0.967006 0.824977
vt 0.935860 0.132320
vt 0.935860 0.003064
vt 0.964782 0.003064
vt 0.964782 0.132320
vt 0.758776 0.651329
vt 0.773120 0.651329
vt 0.773120 0.680251
vt 0.758776 0.680251
vt 0.558868 0.799763
vt 0.558868 0.544065
vt 0.568468 0.544065
vt 0.568468 0.799763
vt 0.134999 0.275698
vt 0.005743 0.275698
vt 0.003064 0.272969
vt 0.139553 0.272969
vt 0.425375 0.005958
vt 0.425375 0.255869
vt 0.422482 0.258762
vt 0.422482 0.003064
vt 0.558868 0.940935
vt 0.558868 0.805891
vt 0.568468 0.805891
vt 0.568468 0.940935
vt 0.408946 0.662900
vt 0.408946 0.549852
vt 0.412977 0.549852
vt 0.412977 0.662900
vt 0.576237 0.984482
vt 0.576237 0.871434
vt 0.629643 0.871434
vt 0.629643 0.984482
vt 0.408946 0.669028
vt 0.412977 0.669028
vt 0.412977 0.782076
vt 0.408946 0.782076
vt 0.779248 0.626845
vt 0.783279 0.626845
vt 0.783279 0.680251
vt 0.779248 0.680251
vt 0.020091 0.525609
vt 0.134999 0.525609
vt 0.139553 0.528338
vt 0.003064 0.528338
vt 0.005743 0.525609
vt 0.419739 0.805550
vt 0.419739 0.549852
vt 0.429339 0.549852
vt 0.429339 0.805550
vt 0.285489 0.540665
vt 0.288167 0.543394
vt 0.151713 0.543394
vt 0.156266 0.540665
vt 0.992004 0.570713
vt 0.982974 0.570713
vt 0.982974 0.434224
vt 0.992004 0.434224
vt 0.976846 0.434224
vt 0.976846 0.689593
vt 0.967816 0.689593
vt 0.967816 0.434224
vt 0.961688 0.434224
vt 0.961687 0.689593
vt 0.952658 0.689593
vt 0.952658 0.434224
vt 0.285489 0.290754
vt 0.156266 0.290754
vt 0.151713 0.288025
vt 0.288167 0.288025
vt 0.990652 0.138449
vt 0.990652 0.274938
vt 0.981622 0.274938
vt 0.981622 0.138449
vt 0.554598 0.255869
vt 0.557491 0.258762
vt 0.554598 0.005958
vt 0.557491 0.003064
vt 0.419739 0.946722
vt 0.419739 0.811678
vt 0.429339 0.811678
vt 0.429339 0.946722
vt 0.256962 0.882627
vt 0.127705 0.882627
vt 0.127705 0.753371
vt 0.256962 0.753371
vt 0.297189 0.290919
vt 0.297189 0.540830
vt 0.294296 0.543724
vt 0.294296 0.288025
vt 0.570109 0.288025
vt 0.570109 0.537936
vt 0.435467 0.537936
vt 0.435468 0.288025
vt 0.552739 0.800104
vt 0.552739 0.929360
vt 0.435467 0.929360
vt 0.435467 0.800104
vt 0.872083 0.589257
vt 0.742827 0.589257
vt 0.742827 0.454616
vt 0.872083 0.480735
vt 0.120336 0.534466
vt 0.120336 0.784377
vt 0.003064 0.784377
vt 0.003064 0.534466
vt 0.402818 0.549852
vt 0.402818 0.799763
vt 0.294296 0.799763
vt 0.294296 0.549852
vt 0.552739 0.544065
vt 0.552739 0.793976
vt 0.435467 0.793976
vt 0.435467 0.544065
vt 0.120336 0.790505
vt 0.120336 0.919762
vt 0.003064 0.919762
vt 0.003064 0.790505
vt 0.880372 0.830362
vt 0.751116 0.830362
vt 0.751116 0.721840
vt 0.880372 0.695721
vt 0.003064 0.266841
vt 0.003064 0.003064
vt 0.145584 0.003064
vt 0.145584 0.266841
vt 0.929731 0.260738
vt 0.865594 0.260738
vt 0.865594 0.134965
vt 0.929731 0.134965
vt 0.960940 0.281384
vt 0.960940 0.138449
vt 0.975494 0.138449
vt 0.975494 0.281384
vt 0.929731 0.128837
vt 0.865594 0.128837
vt 0.865594 0.003064
vt 0.929731 0.003064
vt 0.263090 0.896306
vt 0.263090 0.753371
vt 0.282042 0.753371
vt 0.282042 0.896306
vt 0.935860 0.281384
vt 0.935860 0.138449
vt 0.954812 0.138449
vt 0.954812 0.281384
vt 0.966434 0.979426
vt 0.966434 0.836491
vt 0.980987 0.836491
vt 0.980987 0.979426
vt 0.563620 0.259103
vt 0.578173 0.259103
vt 0.578173 0.278051
vt 0.563620 0.278051
vt 0.987116 0.836491
vt 0.996936 0.836491
vt 0.996936 0.962232
vt 0.987116 0.962232
vt 0.970910 0.123289
vt 0.970910 0.003064
vt 0.986637 0.003064
vt 0.986637 0.123289
vt 0.975796 0.408250
vt 0.975796 0.288025
vt 0.991233 0.288025
vt 0.991233 0.408250
vt 0.973134 0.815946
vt 0.973134 0.695721
vt 0.988861 0.695721
vt 0.988861 0.815946
vt 0.685802 0.991659
vt 0.685802 0.871434
vt 0.701239 0.871434
vt 0.701239 0.991659
vt 0.422482 0.264891
vt 0.437918 0.264891
vt 0.437918 0.280614
vt 0.422482 0.280614
vt 0.635772 0.969412
vt 0.635772 0.871434
vt 0.679674 0.871434
vt 0.679674 0.969412
vt 0.837718 0.267632
vt 0.837718 0.169654
vt 0.853154 0.169654
vt 0.853154 0.267632
vt 0.815226 0.267632
vt 0.815226 0.169654
vt 0.831589 0.169654
vt 0.831589 0.267632
vt 0.960305 0.961050
vt 0.862328 0.961050
vt 0.862328 0.945614
vt 0.960305 0.945614
vt 0.953309 0.412585
vt 0.953309 0.397148
vt 0.969668 0.397148
vt 0.969668 0.412585
vt 0.909417 0.412585
vt 0.909417 0.397148
vt 0.771324 0.267632
vt 0.771324 0.169654
vt 0.862328 0.836491
vt 0.960305 0.836491
vt 0.758222 0.945614
vt 0.758222 0.958244
vt 0.751115 0.958244
vt 0.751115 0.945614
vt 0.953309 0.288025
vt 0.969668 0.288025
vt 0.758222 0.836491
vt 0.856199 0.836491
vt 0.856199 0.945614
vt 0.748833 0.274738
vt 0.748833 0.176761
vt 0.765196 0.176761
vt 0.765196 0.274738
vt 0.856199 0.958244
vt 0.758776 0.595385
vt 0.771406 0.595385
vt 0.771406 0.645201
vt 0.758776 0.645201
vt 0.699004 0.274738
vt 0.699004 0.176761
vt 0.878212 0.680475
vt 0.878212 0.582498
vt 0.928040 0.582498
vt 0.928040 0.680475
vt 0.444047 0.281250
vt 0.444047 0.264891
vt 0.456677 0.264891
vt 0.456677 0.281250
vt 0.748833 0.169654
vt 0.765196 0.169654
vt 0.469912 0.264891
vt 0.469912 0.281254
vt 0.462806 0.281254
vt 0.462806 0.264891
vt 0.483147 0.264891
vt 0.483147 0.277521
vt 0.476041 0.277521
vt 0.476041 0.264891
s 0
usemtl Materiais.001
f 1894/3325/1113 1895/3326/1113 1897/3327/1113 1896/3328/1113
f 1896/3329/1114 1897/3330/1114 1901/3331/1114 1900/3332/1114
f 1900/3333/1115 1901/3334/1115 1899/3335/1115 1898/3336/1115
f 1898/3337/1116 1899/3338/1116 1895/3339/1116 1894/3340/1116
f 1905/3341/1117 1903/3342/1117 1902/3343/1117 1904/3344/1117
f 1908/3345/1114 1909/3346/1114 1914/3347/1114 1913/3348/1114
f 1912/3349/1116 1911/3350/1116 1920/3351/1116 1919/3352/1116
f 1911/3350/1116 1912/3349/1116 1907/3353/1116 1906/3354/1116 1929/3355/1116 1926/3356/1116 1927/3357/1116 1928/3358/1116
f 1949/3359/1118 1954/3360/1118 1947/3361/1118 1944/3362/1118
f 1913/3363/1115 1914/3364/1115 1917/3365/1115 1916/3366/1115
f 1921/3367/1115 1918/3368/1115 1919/3369/1115 1920/3370/1115
f 1916/3371/1114 1917/3372/1114 1918/3373/1114 1921/3374/1114
f 1917/3375/1119 1912/3376/1119 1919/3377/1119 1918/3378/1119
f 1946/3379/1114 1945/3380/1114 1944/3381/1114 1947/3382/1114
f 1909/3383/1118 1907/3384/1118 1938/3385/1118 1936/3386/1118
f 1955/3387/1119 1948/3388/1119 1945/3389/1119 1946/3390/1119
f 1945/3391/1115 1957/3392/1115 1956/3393/1115 1944/3394/1115
f 1930/3395/1115 1910/3396/1115 1926/3397/1115 1929/3398/1115
f 1931/3399/1116 1915/3400/1116 1910/3401/1116 1930/3402/1116
f 1927/3403/1113 1915/3404/1113 1931/3405/1113 1928/3406/1113
f 1926/3407/1118 1910/3408/1118 1915/3409/1118 1927/3410/1118
f 1917/3411/1118 1914/3412/1118 1937/3413/1118 1939/3414/1118 1912/3415/1118
f 1957/3416/1116 1958/3417/1116 1959/3418/1116 1956/3419/1116
f 1907/3384/1118 1912/3415/1118 1939/3414/1118 1938/3385/1118
f 1933/3420/1119 1941/3421/1119 1940/3422/1119 1932/3423/1119
f 1937/3424/1115 1940/3425/1115 1941/3426/1115 1939/3427/1115
f 1937/3428/1114 1936/3429/1114 1943/3430/1114 1940/3431/1114
f 1938/3432/1116 1939/3433/1116 1941/3434/1116 1942/3435/1116
f 1934/3436/1119 1935/3437/1119 1943/3438/1119 1942/3439/1119
f 1936/3440/1113 1938/3441/1113 1942/3442/1113 1943/3443/1113
f 1935/3437/1119 1932/3423/1119 1940/3422/1119 1943/3438/1119
f 1933/3420/1119 1934/3436/1119 1942/3439/1119 1941/3421/1119
f 1914/3412/1118 1909/3383/1118 1936/3386/1118 1937/3413/1118
f 1948/3388/1119 1951/3444/1119 1957/3445/1119 1945/3389/1119
f 1951/3444/1119 1952/3446/1119 1958/3447/1119 1957/3445/1119
f 1958/3448/1113 1946/3449/1113 1947/3450/1113 1959/3451/1113
f 1906/3452/1113 1907/3453/1113 1909/3454/1113 1908/3455/1113
f 1953/3456/1118 1950/3457/1118 1956/3458/1118 1959/3459/1118
f 1954/3360/1118 1953/3456/1118 1959/3459/1118 1947/3361/1118
f 1950/3457/1118 1949/3359/1118 1944/3362/1118 1956/3458/1118
f 1952/3446/1119 1955/3387/1119 1946/3390/1119 1958/3447/1119
f 1948/3460/1114 1955/3461/1114 1922/3462/1114 1923/3463/1114
f 1933/3464/1115 1932/3465/1115 1949/3466/1115 1950/3467/1115
f 1951/3468/1115 1948/3469/1115 1923/3470/1115 1924/3471/1115
f 1932/3472/1114 1935/3473/1114 1954/3474/1114 1949/3475/1114
f 1952/3476/1116 1951/3477/1116 1924/3478/1116 1925/3479/1116
f 1934/3480/1116 1933/3481/1116 1950/3482/1116 1953/3483/1116
f 1935/3484/1113 1934/3485/1113 1953/3486/1113 1954/3487/1113
f 1955/3488/1113 1952/3489/1113 1925/3490/1113 1922/3491/1113
f 1961/3492/1120 1960/3493/1120 1963/3494/1120 1962/3495/1120
f 1966/3496/1115 1967/3497/1115 1971/3498/1115 1970/3499/1115
f 1974/3500/1114 1975/3501/1114 1979/3502/1114 1978/3503/1114
f 1968/3504/1113 1969/3505/1113 1965/3506/1113 1964/3507/1113
f 1972/3508/1113 1973/3509/1113 1975/3510/1113 1974/3511/1113
f 1978/3512/1115 1979/3513/1115 1977/3514/1115 1976/3515/1115
f 1976/3516/1116 1977/3517/1116 1973/3518/1116 1972/3519/1116
f 1979/3520/1119 1975/3521/1119 1973/3522/1119 1977/3523/1119
f 1967/3524/1119 1965/3525/1119 1969/3526/1119 1971/3527/1119
f 1980/3528/1113 1981/3529/1113 1983/3530/1113 1982/3531/1113
f 1982/3532/1114 1983/3533/1114 1987/3534/1114 1986/3535/1114
f 1986/3536/1115 1987/3537/1115 1985/3538/1115 1984/3539/1115
f 1984/3540/1116 1985/3541/1116 1981/3542/1116 1980/3543/1116
f 1987/3544/1119 1983/3545/1119 1981/3546/1119 1985/3547/1119
f 1996/3548/1113 1997/3549/1113 1991/3550/1113 1990/3551/1113
f 1990/3552/1114 1991/3553/1114 1995/3554/1114 1994/3555/1114
f 1998/3556/1115 1999/3557/1115 1993/3558/1115 1992/3559/1115
f 1992/3560/1116 1993/3561/1116 1989/3562/1116 1988/3563/1116
f 1999/3564/1119 1997/3565/1119 1989/3566/1119 1993/3567/1119
f 1995/3568/1119 1991/3569/1119 1997/3565/1119 1999/3564/1119
f 1994/3570/1115 1995/3571/1115 1999/3557/1115 1998/3556/1115
f 1988/3563/1116 1989/3562/1116 2002/3572/1116 2001/3573/1116
f 2003/3574/1114 2007/3575/1114 2015/3576/1114 2013/3577/1114
f 1989/3566/1119 1997/3565/1119 2003/3578/1119 2002/3579/1119
f 1997/3580/1114 1996/3581/1114 2000/3582/1114 2003/3574/1114
f 2005/3583/1113 2006/3584/1113 2007/3585/1113 2004/3586/1113
f 2003/3574/1114 2000/3582/1114 2004/3587/1114 2007/3575/1114
f 2002/3588/1119 2006/3589/1119 2011/3590/1119 2009/3591/1119
f 2006/3584/1113 2005/3583/1113 2010/3592/1113 2011/3593/1113
f 2001/3594/1115 2002/3595/1115 2009/3596/1115 2008/3597/1115
f 2012/3598/1119 2013/3599/1119 2015/3600/1119 2014/3601/1119
f 2007/3585/1113 2006/3584/1113 2014/3602/1113 2015/3603/1113
f 2002/3604/1115 2003/3605/1115 2013/3606/1115 2012/3607/1115
f 2006/3608/1116 2002/3609/1116 2012/3610/1116 2014/3611/1116
o Houses_4
v 4.012700 -0.385092 1.039318
v 4.012700 2.097760 1.039318
v 6.250643 -0.385092 2.114568
v 6.250643 2.674252 2.114568
v 2.401639 -0.385092 4.392457
v 2.401639 2.097760 4.392457
v 4.639582 -0.385092 5.467708
v 4.639582 2.674252 5.467708
v 3.996510 2.082871 0.924948
v 6.350049 2.689141 2.055738
v 2.302232 2.082871 4.451287
v 4.655772 2.689141 5.582078
v 1.821583 1.827831 3.702383
v 1.821583 4.310682 3.702383
v 3.921160 1.827831 5.027649
v 3.921160 4.887174 5.027649
v -0.164081 1.827831 6.848207
v -0.164081 4.310682 6.848207
v 1.935496 1.827831 8.173472
v 1.935496 4.887174 8.173472
v 1.818640 4.295794 3.586911
v 4.026667 4.902063 4.980631
v -0.269588 4.295794 6.895226
v 1.938438 4.902063 8.288945
v 1.199948 0.290936 3.310004
v 1.199948 -0.363311 3.310004
v -0.785716 0.290936 6.455827
v -0.785716 -0.363311 6.455827
v 2.871371 -0.363311 4.365016
v 2.871371 1.827831 4.365016
v 2.871371 4.598928 4.365016
v 0.885708 1.827831 7.510840
v 0.885708 4.598928 7.510840
v 1.935496 0.290936 8.173472
v 3.921160 0.290936 5.027649
v 0.885708 0.290936 7.510840
v 2.871371 0.290936 4.365016
v 0.108730 1.857915 6.539919
v -0.062763 1.857915 6.811608
v 0.385938 1.857915 6.714894
v 0.214446 1.857915 6.986585
v 0.385938 0.224098 6.714894
v 0.108730 0.224098 6.539919
v -0.062763 0.224098 6.811608
v 0.214446 0.224098 6.986585
v 1.811229 1.857915 3.842702
v 1.639737 1.857915 4.114392
v 2.088438 1.857915 4.017678
v 1.916945 1.857915 4.289368
v 2.088438 0.224098 4.017678
v 1.811229 0.224098 3.842702
v 1.639737 0.224098 4.114392
v 1.916945 0.224098 4.289368
v 2.809958 0.224098 4.768923
v 1.789144 0.224098 4.124578
v 1.893872 0.224098 3.958662
v 2.914686 0.224098 4.603006
v 2.809958 1.857915 4.768923
v 2.914686 1.857915 4.603006
v 1.789144 1.857915 4.124578
v 1.893872 1.857915 3.958662
v 1.935496 1.390298 8.173472
v -1.274197 -0.363311 7.229712
v -1.274197 0.290936 7.229712
v 0.397227 -0.363311 8.284724
v 0.397227 0.290936 8.284724
v 1.447015 1.390298 8.947357
v 1.447015 -0.363311 8.947357
v 3.033255 1.390298 8.866385
v 2.544775 1.390298 9.640270
v 2.544775 -0.363311 9.640270
v 3.415542 1.390298 5.828682
v 4.513301 1.390298 6.521595
vn 0.4331 -0.0000 -0.9014
vn 0.9014 -0.0000 0.4331
vn -0.4331 -0.0000 0.9014
vn -0.9014 -0.0000 -0.4331
vn -0.2039 0.9741 -0.0979
vn 0.5338 -0.0000 -0.8456
vn 0.8456 -0.0000 0.5338
vn -0.5338 -0.0000 0.8456
vn -0.8456 -0.0000 -0.5338
vn -0.0000 -1.0000 -0.0000
vn -0.1913 0.9741 -0.1207
vn -0.0000 1.0000 -0.0000
vn -0.5606 0.7486 -0.3539
vt 0.670637 0.523297
vt 0.670637 0.355513
vt 0.837604 0.316555
vt 0.837604 0.523297
vt 0.208727 0.569559
vt 0.001984 0.569559
vt 0.001984 0.319232
vt 0.208727 0.319232
vt 0.831132 0.791763
vt 0.831132 0.585020
vt 0.998016 0.623978
vt 0.998016 0.791763
vt 0.827163 0.835139
vt 0.659378 0.835139
vt 0.659378 0.585020
vt 0.827163 0.585020
vt 0.666668 0.316555
vt 0.666668 0.580932
vt 0.487625 0.581052
vt 0.487625 0.316675
vt 0.399764 0.837868
vt 0.399764 0.650604
vt 0.483645 0.631125
vt 0.483645 0.837868
vt 0.315883 0.208727
vt 0.315883 0.001984
vt 0.567210 0.001984
vt 0.567210 0.208727
vt 0.399770 0.523297
vt 0.399770 0.336034
vt 0.483656 0.355513
vt 0.483656 0.523297
vt 0.655410 0.836388
vt 0.487625 0.836388
vt 0.487625 0.585020
vt 0.655410 0.585020
vt 0.841573 0.567949
vt 0.841573 0.316555
vt 0.925465 0.316555
vt 0.925465 0.567949
vt 0.571179 0.266361
vt 0.571179 0.001984
vt 0.750222 0.002104
vt 0.750222 0.266481
vt 0.876664 0.001984
vt 0.920876 0.001984
vt 0.920876 0.135536
vt 0.876664 0.135536
vt 0.929434 0.506111
vt 0.929434 0.254743
vt 0.973646 0.254743
vt 0.973646 0.506111
vt 0.173738 0.824896
vt 0.173738 0.573528
vt 0.277597 0.573528
vt 0.277597 0.824896
vt 0.315883 0.523297
vt 0.315883 0.316555
vt 0.315883 0.837868
vt 0.315883 0.670083
vt 0.567210 0.312586
vt 0.315883 0.312586
vt 0.399770 0.627157
vt 0.315883 0.627157
vt 0.178727 0.253420
vt 0.178727 0.002028
vt 0.311914 0.001984
vt 0.311914 0.253376
vt 0.281566 0.802283
vt 0.303272 0.802283
vt 0.303272 0.912692
vt 0.281566 0.912692
vt 0.857250 0.795731
vt 0.878959 0.795731
vt 0.878959 0.906141
vt 0.857250 0.906141
vt 0.902782 0.139504
vt 0.924488 0.139504
vt 0.924488 0.249913
vt 0.902782 0.249913
vt 0.882928 0.795731
vt 0.904637 0.795731
vt 0.904637 0.906141
vt 0.882928 0.906141
vt 0.281566 0.573528
vt 0.303717 0.573528
vt 0.303717 0.683937
vt 0.281566 0.683937
vt 0.831132 0.795731
vt 0.853281 0.795731
vt 0.853281 0.906141
vt 0.831132 0.906141
vt 0.281566 0.687906
vt 0.303717 0.687906
vt 0.303717 0.798315
vt 0.281566 0.798315
vt 0.876664 0.139504
vt 0.898813 0.139504
vt 0.898813 0.249913
vt 0.876664 0.249913
vt 0.212695 0.433610
vt 0.294261 0.433610
vt 0.294261 0.544019
vt 0.212695 0.544019
vt 0.212695 0.319232
vt 0.294267 0.319232
vt 0.294267 0.429641
vt 0.212695 0.429641
vt 0.298236 0.319232
vt 0.311493 0.319232
vt 0.311493 0.429641
vt 0.298236 0.429641
vt 0.089459 0.253125
vt 0.178727 0.315263
vt 0.089459 0.314968
vt 0.754191 0.219432
vt 0.828483 0.135545
vt 0.872695 0.135545
vt 0.872695 0.219432
vt 0.828483 0.001984
vt 0.872695 0.001984
vt 0.973646 0.567949
vt 0.929434 0.567949
vt 0.311914 0.315219
vt 0.872695 0.307152
vt 0.754191 0.307152
vt 0.001984 0.314997
vt 0.001984 0.253154
vt 0.001984 0.065775
vt 0.089459 0.065746
s 0
usemtl Materiais.004
f 2016/3612/1121 2017/3613/1121 2019/3614/1121 2018/3615/1121
f 2018/3616/1122 2019/3617/1122 2023/3618/1122 2022/3619/1122
f 2022/3620/1123 2023/3621/1123 2021/3622/1123 2020/3623/1123
f 2020/3624/1124 2021/3625/1124 2017/3626/1124 2016/3627/1124
f 2027/3628/1125 2025/3629/1125 2024/3630/1125 2026/3631/1125
f 2045/3632/1126 2046/3633/1126 2031/3634/1126 2030/3635/1126
f 2030/3636/1127 2031/3637/1127 2035/3638/1127 2034/3639/1127
f 2047/3640/1128 2048/3641/1128 2033/3642/1128 2032/3643/1128
f 2032/3644/1129 2033/3645/1129 2029/3646/1129 2028/3647/1129
f 2045/3648/1130 2047/3649/1130 2032/3650/1130 2028/3651/1130
f 2039/3652/1131 2037/3653/1131 2036/3654/1131 2038/3655/1131
f 2052/3656/1126 2044/3657/1126 2041/3658/1126 2040/3659/1126
f 2042/3660/1129 2040/3661/1129 2041/3662/1129 2043/3663/1129
f 2047/3664/1129 2045/3665/1129 2052/3666/1129 2051/3667/1129
f 2034/3668/1128 2035/3669/1128 2048/3641/1128 2047/3640/1128
f 2028/3670/1126 2029/3671/1126 2046/3633/1126 2045/3632/1126
f 2030/3636/1127 2034/3639/1127 2049/3672/1127 2050/3673/1127
f 2034/3668/1128 2047/3640/1128 2051/3674/1128 2049/3675/1128
f 2051/3676/1132 2052/3677/1132 2040/3678/1132 2042/3679/1132
f 2063/3680/1127 2064/3681/1127 2068/3682/1127 2065/3683/1127
f 2062/3684/1129 2061/3685/1129 2066/3686/1129 2067/3687/1129
f 2055/3688/1127 2056/3689/1127 2060/3690/1127 2057/3691/1127
f 2054/3692/1129 2053/3693/1129 2058/3694/1129 2059/3695/1129
f 2056/3696/1128 2054/3697/1128 2059/3698/1128 2060/3699/1128
f 2053/3700/1126 2055/3701/1126 2057/3702/1126 2058/3703/1126
f 2064/3704/1128 2062/3705/1128 2067/3706/1128 2068/3707/1128
f 2061/3708/1126 2063/3709/1126 2065/3710/1126 2066/3711/1126
f 2076/3712/1126 2074/3713/1126 2072/3714/1126 2071/3715/1126
f 2073/3716/1128 2075/3717/1128 2070/3718/1128 2069/3719/1128
f 2075/3720/1129 2076/3721/1129 2071/3722/1129 2070/3723/1129
f 2077/3724/1133 2051/3676/1133 2081/3725/1133 2082/3726/1133
f 2082/3727/1128 2081/3728/1128 2080/3729/1128 2083/3730/1128
f 2080/3729/1128 2081/3728/1128 2079/3731/1128 2078/3732/1128
f 2042/3660/1129 2043/3663/1129 2078/3733/1129 2079/3734/1129
f 2051/3676/1132 2042/3679/1132 2079/3735/1132 2081/3725/1132
f 2082/3727/1128 2083/3730/1128 2086/3736/1128 2085/3737/1128
f 2077/3724/1132 2082/3726/1132 2085/3738/1132 2084/3739/1132
f 2077/3724/1132 2084/3739/1132 2088/3740/1132 2087/3741/1132
o Houses_5
v -5.634266 -0.358383 8.439667
v -5.634266 2.124468 8.439667
v -7.340884 -0.358383 6.636335
v -7.340884 2.700961 6.636335
v -2.932310 -0.358383 5.882619
v -2.932310 2.124468 5.882619
v -4.638927 -0.358383 4.079287
v -4.638927 2.700961 4.079287
v -5.659972 2.109580 8.552280
v -7.454742 2.715849 6.655801
v -2.818451 2.109580 5.863153
v -4.613221 2.715849 3.966673
v -1.411508 -0.358235 6.588057
v -1.411508 2.124616 6.588057
v 0.308425 -0.358235 8.378694
v 0.308425 2.701108 8.378694
v -4.094443 -0.358235 9.165055
v -4.094443 2.124616 9.165055
v -2.374510 -0.358235 10.955692
v -2.374510 2.701108 10.955692
v -1.386637 2.109728 6.475255
v 0.422136 2.715997 8.358384
v -4.208155 2.109728 9.185365
v -2.399381 2.715997 11.068493
v 3.416764 -0.034266 9.923902
v 3.416764 3.649257 9.923902
v 2.128294 -0.034266 12.046257
v 2.128294 4.225750 12.046257
v 0.236810 -0.034266 7.993369
v 0.236810 3.649257 7.993369
v -1.051661 -0.034266 10.115726
v -1.051661 4.225750 10.115726
v 3.532168 3.634369 9.918947
v 2.177145 4.240639 12.150930
v 0.187959 3.634369 7.888697
v -1.167065 4.240639 10.120680
vn -0.7263 -0.0000 0.6874
vn -0.6874 -0.0000 -0.7263
vn 0.7263 -0.0000 -0.6874
vn 0.6874 -0.0000 0.7263
vn -0.0000 -1.0000 -0.0000
vn 0.1555 0.9741 0.1643
vn 0.7212 -0.0000 -0.6927
vn 0.6927 -0.0000 0.7212
vn -0.7212 -0.0000 0.6927
vn -0.6927 -0.0000 -0.7212
vn -0.1567 0.9741 -0.1631
vn 0.8548 -0.0000 0.5189
vn -0.5189 -0.0000 0.8548
vn -0.8548 -0.0000 -0.5189
vn 0.5189 -0.0000 -0.8548
vn 0.1174 0.9741 -0.1933
vt 0.445341 0.966477
vt 0.445341 0.811761
vt 0.599411 0.775838
vt 0.599411 0.966477
vt 0.195933 0.512185
vt 0.005294 0.512185
vt 0.005294 0.281339
vt 0.195933 0.281339
vt 0.786355 0.954499
vt 0.786355 0.763860
vt 0.940425 0.799784
vt 0.940425 0.954499
vt 0.775767 0.994706
vt 0.621052 0.994706
vt 0.621052 0.763860
vt 0.775767 0.763860
vt 0.935459 0.245416
vt 0.935459 0.477228
vt 0.780743 0.477228
vt 0.780743 0.245416
vt 0.608255 0.488536
vt 0.608255 0.245415
vt 0.770155 0.248451
vt 0.770155 0.491571
vt 0.482934 0.195933
vt 0.482934 0.041217
vt 0.637105 0.005294
vt 0.637105 0.195933
vt 0.434753 0.476411
vt 0.244114 0.476411
vt 0.244114 0.245415
vt 0.434753 0.245415
vt 0.647693 0.195933
vt 0.647693 0.005294
vt 0.801863 0.041217
vt 0.801863 0.195933
vt 0.398829 0.994040
vt 0.244114 0.994040
vt 0.244114 0.763044
vt 0.398829 0.763044
vt 0.786355 0.753273
vt 0.786355 0.521460
vt 0.941071 0.521460
vt 0.941071 0.753273
vt 0.168720 0.522772
vt 0.168720 0.765890
vt 0.005294 0.768446
vt 0.005294 0.525328
vt 0.244114 0.752456
vt 0.244114 0.522923
vt 0.396440 0.486999
vt 0.396440 0.752456
vt 0.005294 0.270751
vt 0.005294 0.005294
vt 0.233526 0.005294
vt 0.233526 0.270751
vt 0.445341 0.510872
vt 0.445341 0.245415
vt 0.597667 0.281339
vt 0.597667 0.510872
vt 0.244114 0.234828
vt 0.244114 0.005294
vt 0.472346 0.005294
vt 0.472346 0.234828
vt 0.775767 0.521460
vt 0.775767 0.753273
vt 0.621052 0.753273
vt 0.621052 0.521460
vt 0.445341 0.765246
vt 0.445341 0.521460
vt 0.610464 0.521464
vt 0.610464 0.765250
s 0
usemtl Materiais.005
f 2089/3742/1134 2090/3743/1134 2092/3744/1134 2091/3745/1134
f 2091/3746/1135 2092/3747/1135 2096/3748/1135 2095/3749/1135
f 2095/3750/1136 2096/3751/1136 2094/3752/1136 2093/3753/1136
f 2093/3754/1137 2094/3755/1137 2090/3756/1137 2089/3757/1137
f 2091/3758/1138 2095/3759/1138 2093/3760/1138 2089/3761/1138
f 2100/3762/1139 2098/3763/1139 2097/3764/1139 2099/3765/1139
f 2101/3766/1140 2102/3767/1140 2104/3768/1140 2103/3769/1140
f 2103/3770/1141 2104/3771/1141 2108/3772/1141 2107/3773/1141
f 2107/3774/1142 2108/3775/1142 2106/3776/1142 2105/3777/1142
f 2105/3778/1143 2106/3779/1143 2102/3780/1143 2101/3781/1143
f 2103/3782/1138 2107/3783/1138 2105/3784/1138 2101/3785/1138
f 2112/3786/1144 2110/3787/1144 2109/3788/1144 2111/3789/1144
f 2113/3790/1145 2114/3791/1145 2116/3792/1145 2115/3793/1145
f 2115/3794/1146 2116/3795/1146 2120/3796/1146 2119/3797/1146
f 2119/3798/1147 2120/3799/1147 2118/3800/1147 2117/3801/1147
f 2117/3802/1148 2118/3803/1148 2114/3804/1148 2113/3805/1148
f 2115/3806/1138 2119/3807/1138 2117/3808/1138 2113/3809/1138
f 2124/3810/1149 2122/3811/1149 2121/3812/1149 2123/3813/1149
o Houses_3
v 3.978826 -0.091812 -2.286234
v 3.978826 2.261591 -2.286234
v 3.978826 -0.091812 -6.664824
v 3.978826 2.261591 -6.664824
v 5.978826 -0.091812 -2.286234
v 5.978826 2.261591 -2.286234
v 5.978826 -0.091812 -6.664824
v 5.978826 2.261591 -6.664824
v 3.978826 2.382257 -2.286234
v 3.978826 2.382257 -6.664824
v 5.978826 2.382257 -6.664824
v 5.978826 2.382257 -2.286234
v 3.857631 2.261591 -2.165039
v 3.857631 2.261591 -6.786020
v 6.100021 2.261591 -6.786020
v 6.100021 2.261591 -2.165039
v 3.857631 2.382257 -2.165039
v 3.857631 2.382257 -6.786020
v 6.100021 2.382257 -6.786020
v 6.100021 2.382257 -2.165039
v 3.102457 0.499962 -3.855765
v 3.102457 0.499962 -6.098762
v 3.203062 0.499962 -3.855765
v 3.203062 0.499962 -6.098762
v 3.102457 0.249246 -3.855765
v 3.203062 0.249246 -3.855765
v 3.203062 0.249246 -6.098762
v 3.102457 0.249246 -6.098762
v 3.102457 0.499962 -3.151001
v 3.203062 0.499962 -3.151001
v 3.102457 0.249246 -3.151001
v 3.203062 0.249246 -3.151001
v 3.102457 0.499962 -2.618880
v 3.203062 0.499962 -2.618880
v 3.203062 0.249246 -2.618880
v 3.102457 0.249246 -2.618880
v 3.102457 0.499962 -2.537537
v 3.203062 0.499962 -2.537537
v 3.203062 0.249246 -2.537537
v 3.102457 0.249246 -2.537537
v 3.994293 0.499962 -2.618880
v 3.994293 0.249246 -2.618880
v 3.994293 0.499962 -2.537537
v 3.994293 0.249246 -2.537537
v 4.799507 0.134087 -0.460392
v 4.799507 5.145251 -0.460392
v 5.534944 0.134087 -2.831822
v 5.534944 5.721744 -2.831822
v 8.352654 0.134087 0.641523
v 8.352654 5.145251 0.641523
v 9.088091 0.134087 -1.729908
v 9.088091 5.721744 -1.729908
v 4.688747 5.130363 -0.427604
v 5.462172 5.736632 -2.921527
v 8.425426 5.130363 0.731227
v 9.198850 5.736632 -1.762695
v 4.694821 2.560750 -0.425271
v 4.689598 2.734326 -0.431694
v 8.427038 2.734326 0.727375
v 8.419097 2.560750 0.729715
v 4.799507 2.734326 -0.460392
v 4.799507 2.560750 -0.460392
v 5.534944 2.849901 -2.831822
v 5.534944 3.023478 -2.831822
v 9.088091 2.849901 -1.729908
v 9.088091 3.023478 -1.729908
v 8.352654 2.560750 0.641523
v 8.352654 2.734326 0.641523
v 9.198000 2.849901 -1.758606
v 9.192776 3.023478 -1.765029
v 5.460559 2.849901 -2.917674
v 5.468500 3.023478 -2.920014
v 8.228729 1.177621 0.232036
v 8.228729 3.660473 0.232036
v 10.660528 1.177621 0.732939
v 10.660528 4.236965 0.732939
v 7.478218 1.177621 3.875633
v 7.478218 3.660473 3.875633
v 9.910017 1.177621 4.376536
v 9.910017 4.236965 4.376536
v 8.185307 3.645584 0.124997
v 10.742716 4.251853 0.651774
v 7.396030 3.645584 3.956798
v 9.953440 4.251853 4.483574
vn -1.0000 -0.0000 -0.0000
vn -0.0000 -0.0000 -1.0000
vn 1.0000 -0.0000 -0.0000
vn -0.0000 -0.0000 1.0000
vn -0.0000 -1.0000 -0.0000
vn -0.0000 1.0000 -0.0000
vn 0.0308 -0.9936 -0.1086
vn 0.0361 -0.9936 -0.1070
vn -0.9551 -0.0000 -0.2962
vn 0.9551 -0.0000 0.2962
vn -0.0670 0.9741 0.2160
vn 0.2961 -0.0264 -0.9548
vn -0.2961 0.0264 0.9548
vn -0.0361 0.9936 0.1070
vn -0.0308 0.9936 0.1086
vn -0.2962 -0.0000 0.9551
vn 0.2962 -0.0000 -0.9551
vn 0.2017 -0.0000 -0.9794
vn 0.9794 -0.0000 0.2017
vn -0.2017 -0.0000 0.9794
vn -0.9794 -0.0000 -0.2017
vn -0.2215 0.9741 -0.0456
vt 0.474436 0.549227
vt 0.332540 0.549227
vt 0.332540 0.286336
vt 0.474436 0.286336
vt 0.803339 0.669360
vt 0.803339 0.527464
vt 0.923022 0.527421
vt 0.923022 0.669316
vt 0.144472 0.734528
vt 0.002576 0.734528
vt 0.002576 0.473038
vt 0.144472 0.473038
vt 0.332540 0.696275
vt 0.332540 0.554379
vt 0.452395 0.554414
vt 0.452395 0.696310
vt 0.320081 0.009900
vt 0.199495 0.009883
vt 0.192188 0.002576
vt 0.327388 0.002595
vt 0.339845 0.009959
vt 0.460399 0.009885
vt 0.460399 0.273800
vt 0.339845 0.273874
vt 0.199495 0.273824
vt 0.320081 0.273842
vt 0.327388 0.281148
vt 0.192188 0.281129
vt 0.332540 0.002659
vt 0.467704 0.002576
vt 0.964901 0.002576
vt 0.964901 0.280021
vt 0.957626 0.280021
vt 0.957626 0.002576
vt 0.149624 0.607422
vt 0.149624 0.473040
vt 0.156899 0.473038
vt 0.156899 0.607420
vt 0.641071 0.753415
vt 0.641071 0.887603
vt 0.633796 0.887600
vt 0.633796 0.753413
vt 0.977329 0.002576
vt 0.977329 0.278541
vt 0.970053 0.278541
vt 0.970053 0.002576
vt 0.332540 0.281184
vt 0.467704 0.281101
vt 0.530585 0.263904
vt 0.530585 0.279021
vt 0.524565 0.279023
vt 0.524565 0.263906
vt 0.513393 0.263906
vt 0.519413 0.263904
vt 0.519413 0.279021
vt 0.513393 0.279023
vt 0.984844 0.286336
vt 0.984844 0.421530
vt 0.978780 0.421534
vt 0.978780 0.286339
vt 0.519422 0.243636
vt 0.519422 0.258753
vt 0.513393 0.258751
vt 0.513393 0.243634
vt 0.457547 0.554379
vt 0.472663 0.554379
vt 0.472663 0.689049
vt 0.457547 0.689049
vt 0.952962 0.755483
vt 0.968079 0.755483
vt 0.968079 0.889435
vt 0.952962 0.889435
vt 0.472856 0.275583
vt 0.487973 0.275583
vt 0.487973 0.280467
vt 0.472856 0.280467
vt 0.472856 0.243634
vt 0.487973 0.243634
vt 0.508241 0.275413
vt 0.493124 0.275413
vt 0.493124 0.243634
vt 0.508241 0.243634
vt 0.685462 0.972098
vt 0.685462 0.978162
vt 0.653389 0.978143
vt 0.653389 0.972078
vt 0.472663 0.747646
vt 0.457547 0.747651
vt 0.457547 0.741622
vt 0.472663 0.741617
vt 0.648486 0.978140
vt 0.648486 0.972075
vt 0.457547 0.694205
vt 0.472663 0.694201
vt 0.648486 0.924382
vt 0.653389 0.924385
vt 0.181358 0.278907
vt 0.166242 0.278901
vt 0.166242 0.231553
vt 0.181358 0.231558
vt 0.633536 0.292153
vt 0.483479 0.292152
vt 0.479588 0.286751
vt 0.637151 0.286336
vt 0.483479 0.516452
vt 0.633536 0.516452
vt 0.637151 0.522269
vt 0.479588 0.521853
vt 0.973230 0.910173
vt 0.973230 0.755483
vt 0.983609 0.756846
vt 0.983589 0.911707
vt 0.973613 0.286336
vt 0.973628 0.442514
vt 0.963251 0.443888
vt 0.963251 0.287843
vt 0.791965 0.286336
vt 0.791965 0.510635
vt 0.642302 0.510635
vt 0.642302 0.286336
vt 0.161090 0.231553
vt 0.161090 0.467412
vt 0.002576 0.467887
vt 0.002576 0.232028
vt 0.626649 0.232477
vt 0.626649 0.008203
vt 0.630539 0.002804
vt 0.630539 0.237880
vt 0.952474 0.003028
vt 0.952474 0.234413
vt 0.942008 0.234779
vt 0.942008 0.002576
vt 0.947633 0.518005
vt 0.947633 0.286336
vt 0.958099 0.286697
vt 0.958099 0.517550
vt 0.476470 0.232668
vt 0.472856 0.238483
vt 0.476470 0.008394
vt 0.472856 0.002576
vt 0.942481 0.506656
vt 0.797117 0.506581
vt 0.797117 0.286336
vt 0.942481 0.286410
vt 0.801364 0.919231
vt 0.801364 0.772917
vt 0.947810 0.755483
vt 0.947810 0.919231
vt 0.317577 0.934360
vt 0.317577 0.788995
vt 0.464023 0.754236
vt 0.464023 0.916926
vt 0.936856 0.222896
vt 0.790543 0.222821
vt 0.790543 0.002576
vt 0.936856 0.002651
vt 0.164699 0.528331
vt 0.327388 0.528245
vt 0.327388 0.748998
vt 0.164699 0.749084
vt 0.479588 0.527508
vt 0.643334 0.527421
vt 0.643334 0.748174
vt 0.479588 0.748261
vt 0.164699 0.916925
vt 0.164699 0.754236
vt 0.312425 0.788995
vt 0.312425 0.934360
vt 0.648486 0.919231
vt 0.648486 0.755483
vt 0.796213 0.772917
vt 0.796213 0.919231
vt 0.002576 0.924103
vt 0.002576 0.774403
vt 0.151793 0.739679
vt 0.151793 0.924139
vt 0.187036 0.226401
vt 0.002576 0.226401
vt 0.002576 0.002576
vt 0.187036 0.002576
vt 0.479588 0.937873
vt 0.479588 0.753413
vt 0.628644 0.788135
vt 0.628644 0.937836
vt 0.798187 0.750331
vt 0.648486 0.750331
vt 0.648486 0.527421
vt 0.798187 0.527421
vt 0.785392 0.002583
vt 0.785392 0.226826
vt 0.635691 0.226819
vt 0.635691 0.002576
vt 0.169318 0.522078
vt 0.169318 0.286300
vt 0.327388 0.287314
vt 0.327388 0.523093
s 0
usemtl Materiais.003
f 2125/3814/1150 2126/3815/1150 2128/3816/1150 2127/3817/1150
f 2127/3818/1151 2128/3819/1151 2132/3820/1151 2131/3821/1151
f 2131/3822/1152 2132/3823/1152 2130/3824/1152 2129/3825/1152
f 2129/3826/1153 2130/3827/1153 2126/3828/1153 2125/3829/1153
f 2132/3830/1154 2128/3831/1154 2138/3832/1154 2139/3833/1154
f 2135/3834/1155 2134/3835/1155 2133/3836/1155 2136/3837/1155
f 2126/3838/1154 2130/3839/1154 2140/3840/1154 2137/3841/1154
f 2128/3831/1154 2126/3838/1154 2137/3841/1154 2138/3832/1154
f 2134/3835/1155 2135/3834/1155 2143/3842/1155 2142/3843/1155
f 2138/3844/1150 2137/3845/1150 2141/3846/1150 2142/3847/1150
f 2137/3848/1153 2140/3849/1153 2144/3850/1153 2141/3851/1153
f 2139/3852/1151 2138/3853/1151 2142/3854/1151 2143/3855/1151
f 2140/3856/1152 2139/3857/1152 2143/3858/1152 2144/3859/1152
f 2135/3834/1155 2136/3837/1155 2144/3860/1155 2143/3842/1155
f 2133/3836/1155 2134/3835/1155 2142/3843/1155 2141/3861/1155
f 2130/3839/1154 2132/3830/1154 2139/3833/1154 2140/3840/1154
f 2136/3837/1155 2133/3836/1155 2141/3861/1155 2144/3860/1155
f 2148/3862/1151 2151/3863/1151 2152/3864/1151 2146/3865/1151
f 2153/3866/1151 2154/3867/1151 2156/3868/1151 2155/3869/1151
f 2146/3870/1155 2145/3871/1155 2147/3872/1155 2148/3873/1155
f 2145/3874/1153 2149/3875/1153 2150/3876/1153 2147/3877/1153
f 2146/3878/1150 2152/3879/1150 2149/3880/1150 2145/3881/1150
f 2147/3882/1152 2150/3883/1152 2151/3884/1152 2148/3885/1152
f 2157/3886/1150 2160/3887/1150 2164/3888/1150 2161/3889/1150
f 2153/3890/1150 2155/3891/1150 2160/3887/1150 2157/3886/1150
f 2156/3892/1152 2154/3893/1152 2158/3894/1152 2159/3895/1152
f 2154/3896/1155 2153/3897/1155 2157/3898/1155 2158/3899/1155
f 2161/3900/1153 2164/3901/1153 2163/3902/1153 2162/3903/1153
f 2158/3899/1155 2157/3898/1155 2161/3904/1155 2162/3905/1155
f 2162/3903/1153 2163/3902/1153 2168/3906/1153 2167/3907/1153
f 2158/3899/1155 2162/3905/1155 2167/3908/1155 2165/3909/1155
f 2159/3910/1151 2158/3911/1151 2165/3912/1151 2166/3913/1151
f 2187/3914/1156 2186/3915/1156 2181/3916/1156 2195/3917/1156
f 2191/3918/1157 2189/3919/1157 2193/3920/1157 2184/3921/1157
f 2182/3922/1158 2196/3923/1158 2195/3924/1158 2181/3925/1158
f 2194/3926/1159 2183/3927/1159 2184/3928/1159 2193/3929/1159
f 2171/3930/1154 2175/3931/1154 2173/3932/1154 2169/3933/1154
f 2180/3934/1160 2178/3935/1160 2177/3936/1160 2179/3937/1160
f 2188/3938/1155 2190/3939/1155 2194/3940/1155 2196/3941/1155
f 2196/3942/1161 2194/3943/1161 2193/3944/1161 2195/3945/1161
f 2183/3946/1162 2182/3947/1162 2181/3948/1162 2184/3949/1162
f 2189/3919/1154 2187/3914/1154 2195/3917/1154 2193/3920/1154
f 2185/3950/1163 2188/3938/1163 2196/3941/1163 2182/3951/1163
f 2192/3952/1155 2185/3950/1155 2182/3951/1155 2183/3953/1155
f 2186/3915/1154 2191/3918/1154 2184/3921/1154 2181/3916/1154
f 2190/3939/1164 2192/3952/1164 2183/3953/1164 2194/3940/1164
f 2192/3954/1165 2174/3955/1165 2170/3956/1165 2185/3957/1165
f 2169/3958/1158 2186/3959/1158 2187/3960/1158 2171/3961/1158
f 2185/3962/1158 2170/3963/1158 2172/3964/1158 2188/3965/1158
f 2173/3966/1165 2191/3967/1165 2186/3968/1165 2169/3969/1165
f 2188/3970/1166 2172/3971/1166 2176/3972/1166 2190/3973/1166
f 2171/3974/1166 2187/3975/1166 2189/3976/1166 2175/3977/1166
f 2190/3978/1159 2176/3979/1159 2174/3980/1159 2192/3981/1159
f 2175/3982/1159 2189/3983/1159 2191/3984/1159 2173/3985/1159
f 2197/3986/1167 2198/3987/1167 2200/3988/1167 2199/3989/1167
f 2199/3990/1168 2200/3991/1168 2204/3992/1168 2203/3993/1168
f 2203/3994/1169 2204/3995/1169 2202/3996/1169 2201/3997/1169
f 2201/3998/1170 2202/3999/1170 2198/4000/1170 2197/4001/1170
f 2199/4002/1154 2203/4003/1154 2201/4004/1154 2197/4005/1154
f 2208/4006/1171 2206/4007/1171 2205/4008/1171 2207/4009/1171
o Props_3
v 0.899674 0.278593 -2.381474
v 0.881819 0.301096 -2.684036
v 0.805278 0.675642 -2.761899
v 1.086646 0.278593 -2.427608
v 1.014718 0.300304 -2.719114
v 0.989767 0.726563 -2.820236
v 0.864634 0.560485 -2.744850
v 0.993044 0.670580 -2.806955
v 0.770343 0.464683 -2.619272
v 0.836836 0.440694 -2.637137
v 0.849644 0.417612 -2.404662
v 0.918297 0.412529 -2.386516
v 0.838476 -0.002494 -2.367067
v 0.906895 -0.007576 -2.353657
v 0.922066 0.300741 -2.694539
v 0.878211 0.298068 -2.635752
v 0.890942 -0.004302 -2.701492
v 0.856132 -0.007576 -2.644912
v 0.851986 -0.005035 -2.688088
v 0.875014 0.456731 -2.723155
v 1.001854 0.520077 -2.771251
v 0.861851 0.288527 -2.506960
v 1.043672 0.291726 -2.601773
v 1.273617 0.278593 -2.473742
v 1.148681 0.301096 -2.749882
v 1.180218 0.675642 -2.854413
v 1.135605 0.560485 -2.811710
v 1.277488 0.464683 -2.744407
v 1.210317 0.440694 -2.729291
v 1.307119 0.417612 -2.517541
v 1.254786 0.412529 -2.469543
v 1.334493 -0.002494 -2.489456
v 1.280165 -0.007576 -2.445759
v 1.108168 0.300741 -2.740458
v 1.174335 0.298068 -2.708819
v 1.132485 -0.004302 -2.761091
v 1.189619 -0.007576 -2.727197
v 1.173205 -0.005035 -2.767347
v 1.136508 0.456731 -2.787677
v 1.248727 0.288527 -2.602420
v -3.830398 1.967157 -2.666331
v -3.916383 1.967157 -2.786426
v -3.977395 1.967157 -2.651912
v -3.822598 2.561162 -2.674195
v -3.858526 2.618052 -2.703688
v -3.892006 2.574983 -2.654480
v -3.421481 2.651445 -2.763198
v -3.752826 2.984909 -2.869149
v -4.191100 2.960786 -2.670286
v -4.298029 2.603200 -2.365472
v -3.966684 2.269737 -2.259521
v -3.528409 2.293859 -2.458384
v -3.810771 2.821913 -2.806447
v -3.598705 2.608492 -2.738637
v -4.091272 2.806474 -2.679172
v -4.159708 2.577614 -2.484086
v -3.947642 2.364193 -2.416276
v -3.667141 2.379632 -2.543552
v -3.892489 2.569652 -2.643473
v -3.877903 2.576443 -2.662112
v -3.857156 2.524696 -2.690703
v -3.817591 2.572168 -2.680132
v -3.818863 2.239023 -2.459750
v -3.773655 2.190330 -2.491095
v -3.751388 2.259511 -2.480356
v -3.758329 2.275123 -2.331139
v -3.711439 2.225639 -2.324544
v -3.696814 2.282113 -2.360428
v -3.686037 2.605023 -2.202620
v -3.632592 2.571250 -2.176279
v -3.623280 2.614941 -2.228194
v 6.744172 5.369485 -0.980412
v 6.815146 5.369485 -1.109945
v 6.667480 5.369485 -1.106644
v 6.754639 5.963490 -0.976790
v 6.765651 6.020380 -1.021950
v 6.706795 5.977311 -1.030801
v 7.008667 6.053773 -0.653856
v 6.960573 6.387237 -0.998387
v 6.591434 6.363114 -1.307205
v 6.270390 6.005528 -1.271489
v 6.318483 5.672065 -0.926957
v 6.687622 5.696187 -0.618140
v 6.878955 6.224241 -1.023439
v 6.909735 6.010820 -0.802934
v 6.642701 6.208802 -1.221086
v 6.437227 5.979942 -1.198228
v 6.468008 5.766521 -0.977723
v 6.704262 5.781960 -0.780075
v 6.696666 5.971980 -1.026466
v 6.719784 5.978771 -1.021398
v 6.754542 5.927024 -1.015089
v 6.762159 5.974496 -0.974850
v 6.562992 5.641352 -0.880500
v 6.610831 5.592658 -0.853340
v 6.610801 5.661839 -0.828617
v 6.473314 5.677451 -0.770214
v 6.487688 5.627967 -0.725097
v 6.526365 5.684442 -0.727465
v 6.388813 6.007351 -0.649371
v 6.388233 5.973578 -0.589790
v 6.439055 6.017270 -0.603894
v 2.307027 4.473561 4.755217
v 2.346554 4.473561 4.897533
v 2.450040 4.473561 4.792144
v 2.297001 5.067566 4.759924
v 2.320620 5.124456 4.799960
v 2.368959 5.081387 4.765238
v 1.889709 5.157850 4.705801
v 2.164536 5.491313 4.919073
v 2.644446 5.467190 4.882772
v 2.849528 5.109604 4.633199
v 2.574700 4.776141 4.419927
v 2.094790 4.800263 4.456227
v 2.240487 5.328317 4.880076
v 2.064593 5.114896 4.743580
v 2.547636 5.312878 4.856844
v 2.678891 5.084018 4.697113
v 2.502997 4.870597 4.560616
v 2.195848 4.886036 4.583849
v 2.373192 5.076056 4.755067
v 2.353094 5.082847 4.767565
v 2.323792 5.031100 4.787294
v 2.290261 5.078572 4.763782
v 2.367120 4.745427 4.557233
v 2.313899 4.696734 4.571152
v 2.296671 4.765915 4.553419
v 2.354422 4.781527 4.415657
v 2.312647 4.732043 4.393363
v 2.286590 4.788517 4.422044
v 2.330649 5.111427 4.270129
v 2.289496 5.077654 4.227040
v 2.262927 5.121345 4.272602
v 3.277404 0.261741 -2.144598
v 3.514584 0.284244 -2.333301
v 3.534221 0.658790 -2.440705
v 3.422722 0.261741 -2.018228
v 3.619745 0.283452 -2.244793
v 3.688092 0.709711 -2.323387
v 3.554432 0.543633 -2.382349
v 3.679115 0.653728 -2.313065
v 3.397470 0.447831 -2.387206
v 3.450343 0.423842 -2.343105
v 3.267581 0.400760 -2.198859
v 3.292244 0.395677 -2.132269
v 3.230407 -0.019346 -2.186359
v 3.258809 -0.024428 -2.122686
v 3.546332 0.283889 -2.306429
v 3.473018 0.281216 -2.308468
v 3.534109 -0.021154 -2.335884
v 3.467804 -0.024428 -2.331796
v 3.500731 -0.021887 -2.360032
v 3.542661 0.439879 -2.361377
v 3.654983 0.503225 -2.285315
v 3.358271 0.271674 -2.247740
v 3.540437 0.274874 -2.153593
v 3.568040 0.261741 -1.891858
v 3.721993 0.284244 -2.152936
v 3.825632 0.658790 -2.187292
v 3.765036 0.543633 -2.199206
v 3.791634 0.447831 -2.044438
v 3.740620 0.423842 -2.090677
v 3.623140 0.400760 -1.889662
v 3.553771 0.395677 -1.904843
v 3.615921 -0.019346 -1.851113
v 3.548922 -0.024428 -1.870402
v 3.690975 0.283889 -2.180646
v 3.703171 0.281216 -2.108325
v 3.721842 -0.021154 -2.172631
v 3.726997 -0.024428 -2.106400
v 3.750389 -0.021887 -2.142927
v 3.745900 0.439879 -2.184639
v 3.658958 0.271674 -1.986259
v 1.226468 0.563797 4.106082
v 1.517187 0.586300 4.191788
v 1.616377 0.960846 4.146152
v 1.206530 0.563797 4.297626
v 1.505166 0.585508 4.328711
v 1.608761 1.011767 4.339494
v 1.580226 0.845689 4.196221
v 1.595156 0.955783 4.338078
v 1.494019 0.749887 4.064962
v 1.488301 0.725898 4.133575
v 1.265235 0.702816 4.066867
v 1.224903 0.697733 4.125312
v 1.233646 0.282710 4.043622
v 1.197850 0.277628 4.103452
v 1.513434 0.585945 4.233212
v 1.472981 0.583272 4.172034
v 1.530520 0.280902 4.206285
v 1.489079 0.277628 4.154364
v 1.531106 0.280169 4.165091
v 1.556298 0.741935 4.198637
v 1.558578 0.805281 4.334270
v 1.357348 0.573730 4.113008
v 1.384955 0.576930 4.316198
v 1.186592 0.563797 4.489170
v 1.488730 0.586300 4.465175
v 1.576395 0.960846 4.530261
v 1.551331 0.845689 4.473819
v 1.439940 0.749887 4.584510
v 1.448475 0.725898 4.516191
v 1.216452 0.702816 4.535529
v 1.189022 0.697733 4.470030
v 1.180753 0.282710 4.551769
v 1.158047 0.277628 4.485850
v 1.493589 0.585945 4.423866
v 1.441404 0.583272 4.475400
v 1.504763 0.280902 4.453734
v 1.453517 0.277628 4.496007
v 1.496853 0.280169 4.494165
v 1.528414 0.741935 4.466527
v 1.316093 0.573730 4.509346
v 4.987640 2.647835 -3.212997
v 5.272954 2.670338 -3.110730
v 5.374602 3.044884 -3.150591
v 4.956730 2.647835 -3.022915
v 5.253086 2.669546 -2.974723
v 5.355890 3.095805 -2.958005
v 5.335635 2.929728 -3.102681
v 5.342388 3.039822 -2.960201
v 5.257112 2.833925 -3.238677
v 5.247461 2.809936 -3.170506
v 5.028596 2.786854 -3.249921
v 4.984973 2.781772 -3.193889
v 4.998395 2.366748 -3.274942
v 4.959221 2.361666 -3.217268
v 5.266827 2.669983 -3.069590
v 5.229956 2.667311 -3.132990
v 5.285432 2.364940 -3.095491
v 5.247043 2.361666 -3.149706
v 5.288384 2.364207 -3.136582
v 5.311607 2.825973 -3.101644
v 5.306091 2.889319 -2.966104
v 5.117906 2.657769 -3.198562
v 5.133792 2.660968 -2.994122
v 4.925819 2.647835 -2.832833
v 5.228836 2.670338 -2.839429
v 5.312617 3.044884 -2.769414
v 5.290838 2.929728 -2.827202
v 5.173270 2.833925 -2.723094
v 5.185717 2.809936 -2.790811
v 4.952966 2.786854 -2.784835
v 4.929344 2.781772 -2.851802
v 4.916393 2.366748 -2.770673
v 4.897511 2.361666 -2.837788
v 5.236060 2.669983 -2.880391
v 5.181001 2.667311 -2.831940
v 5.245500 2.364940 -2.849929
v 5.191910 2.361666 -2.810671
v 5.235280 2.364207 -2.810019
v 5.268377 2.825973 -2.835799
v 5.053947 2.657769 -2.805250
v 4.794812 2.640075 -4.074912
v 5.078151 2.662578 -4.182532
v 5.129527 3.037123 -4.278874
v 4.894808 2.640075 -3.910329
v 5.151409 2.661785 -4.066231
v 5.240422 3.088044 -4.120313
v 5.131030 2.921967 -4.217136
v 5.228732 3.032061 -4.113210
v 4.982983 2.826164 -4.269505
v 5.019936 2.802175 -4.211411
v 4.801959 2.779093 -4.129590
v 4.805200 2.774011 -4.058653
v 4.762744 2.358987 -4.128990
v 4.770434 2.353905 -4.059695
v 5.100221 2.662223 -4.147276
v 5.031002 2.659550 -4.171519
v 5.097538 2.357179 -4.179054
v 5.033131 2.353905 -4.195327
v 5.073085 2.356446 -4.212210
v 5.113438 2.818213 -4.200737
v 5.197303 2.881558 -4.094115
v 4.903219 2.650008 -4.148570
v 5.048118 2.653208 -4.003475
v 4.994803 2.640075 -3.745746
v 5.220872 2.662578 -3.947625
v 5.330050 3.037123 -3.948831
v 5.275950 2.921967 -3.978612
v 5.254212 2.826164 -3.823087
v 5.219679 2.802175 -3.882651
v 5.046624 2.779093 -3.726894
v 4.985159 2.774011 -3.762456
v 5.028022 2.358987 -3.692367
v 4.970064 2.353905 -3.731121
v 5.199752 2.662223 -3.983458
v 5.189373 2.659550 -3.910854
v 5.226719 2.357179 -3.966434
v 5.211484 2.353905 -3.901773
v 5.244878 2.356446 -3.929455
v 5.253290 2.818213 -3.970555
v 5.110127 2.650008 -3.808019
vn 0.0178 0.9973 0.0719
vn 0.0177 0.9973 0.0719
vn 0.0217 0.9972 0.0710
vn 0.0198 0.9972 0.0714
vn 0.3545 0.3308 0.8746
vn 0.2322 0.2458 0.9411
vn 0.2319 0.2515 0.9397
vn 0.3341 0.3283 0.8835
vn 0.2451 0.2375 0.9400
vn 0.2329 0.2347 0.9438
vn 0.5090 0.4560 0.7301
vn 0.2094 0.9741 0.0852
vn -0.2173 0.0874 0.9722
vn -0.2889 0.0460 -0.9563
vn -0.9964 0.0843 0.0110
vn 0.2428 0.2411 0.9396
vn 0.2325 0.2411 0.9422
vn 0.0178 0.9972 0.0720
vn 0.0188 0.9972 0.0717
vn 0.0157 0.9972 0.0725
vn 0.0138 0.9972 0.0729
vn 0.0930 0.3308 0.9391
vn 0.1153 0.3283 0.9375
vn 0.2203 0.2375 0.9461
vn -0.1109 0.4560 0.8830
vn -0.1457 0.9741 0.1728
vn 0.6446 0.0874 0.7595
vn -0.1891 0.0460 -0.9809
vn 0.8871 0.0843 -0.4538
vn 0.2221 0.2411 0.9447
vn 0.0168 0.9972 0.0722
vn 0.1556 -0.0035 0.9878
vn -0.8938 0.1291 -0.4295
vn 0.7746 -0.0028 -0.6324
vn 0.2463 0.3403 0.9075
vn 0.0629 0.5250 0.8488
vn -0.0044 0.5099 0.8602
vn 0.2249 0.2792 0.9335
vn 0.4890 0.3537 0.7974
vn 0.5282 0.2959 0.7959
vn 0.5482 0.5517 0.6286
vn 0.6022 0.5433 0.5850
vn 0.3648 0.7363 0.5699
vn 0.3729 0.7740 0.5117
vn 0.1221 0.7230 0.6800
vn 0.0696 0.7573 0.6493
vn 0.3170 0.5586 0.7665
vn 0.1793 0.5423 0.8208
vn 0.7014 -0.2498 -0.6676
vn 0.8111 -0.2908 -0.5075
vn 0.8313 -0.2984 -0.4689
vn -0.8680 -0.3773 -0.3228
vn -0.2484 0.9621 -0.1122
vn 0.9532 -0.2723 -0.1311
vn 0.9426 -0.2857 -0.1727
vn -0.6083 -0.6756 0.4165
vn -0.4144 0.4107 -0.8121
vn 0.9747 -0.2234 0.0109
vn -0.4767 -0.2399 0.8457
vn 0.1483 0.7434 0.6522
vn -0.8228 -0.0035 0.5683
vn -0.0003 0.1291 -0.9916
vn 0.9056 -0.0028 0.4241
vn -0.7111 0.3403 0.6152
vn -0.7377 0.5250 0.4245
vn -0.7772 0.5099 0.3688
vn -0.7439 0.2792 0.6072
vn -0.5067 0.3537 0.7862
vn -0.4885 0.2959 0.8209
vn -0.3289 0.5517 0.7665
vn -0.2663 0.5433 0.7962
vn -0.3556 0.7363 0.5757
vn -0.2996 0.7740 0.5578
vn -0.5600 0.7230 0.4047
vn -0.5550 0.7573 0.3441
vn -0.5534 0.5586 0.6179
vn -0.6621 0.5423 0.5173
vn 0.9056 -0.2498 0.3428
vn 0.8088 -0.2908 0.5111
vn 0.7828 -0.2984 0.5461
vn -0.0852 -0.3773 -0.9222
vn -0.0065 0.9621 -0.2725
vn 0.5312 -0.2723 0.8023
vn 0.5641 -0.2857 0.7747
vn -0.6389 -0.6756 -0.3678
vn 0.5523 0.4107 -0.7254
vn 0.4126 -0.2234 0.8831
vn -0.9687 -0.2399 -0.0631
vn -0.5235 0.7434 0.4163
vn 0.1930 -0.0035 -0.9812
vn 0.6920 0.1291 0.7102
vn -0.9447 -0.0028 0.3280
vn 0.0802 0.3403 -0.9369
vn 0.2324 0.5250 -0.8188
vn 0.2994 0.5099 -0.8064
vn 0.1093 0.2792 -0.9540
vn -0.1855 0.3537 -0.9168
vn -0.2228 0.2959 -0.9289
vn -0.2991 0.5517 -0.7786
vn -0.3647 0.5433 -0.7562
vn -0.1469 0.7363 -0.6605
vn -0.1745 0.7740 -0.6086
vn 0.1188 0.7230 -0.6806
vn 0.1575 0.7573 -0.6337
vn -0.0346 0.5586 -0.8287
vn 0.1134 0.5423 -0.8325
vn -0.8879 -0.2498 0.3862
vn -0.9360 -0.2908 0.1981
vn -0.9418 -0.2984 0.1549
vn 0.7044 -0.3773 0.6012
vn 0.1947 0.9621 0.1907
vn -0.9403 -0.2723 -0.2042
vn -0.9446 -0.2857 -0.1614
vn 0.7143 -0.6756 -0.1823
vn 0.1104 0.4107 0.9051
vn -0.9117 -0.2234 -0.3448
vn 0.7381 -0.2399 -0.6307
vn 0.0846 0.7434 -0.6635
vn -0.0486 0.9973 0.0559
vn -0.0456 0.9972 0.0586
vn -0.0470 0.9972 0.0573
vn -0.5113 0.3308 0.7932
vn -0.6361 0.2458 0.7314
vn -0.6351 0.2515 0.7303
vn -0.5304 0.3283 0.7816
vn -0.6277 0.2375 0.7413
vn -0.6379 0.2347 0.7335
vn -0.3042 0.4560 0.8363
vn 0.0508 0.9741 0.2202
vn -0.9202 0.0874 0.3817
vn 0.6159 0.0460 -0.7865
vn -0.5823 0.0843 -0.8086
vn -0.6288 0.2411 0.7393
vn -0.6368 0.2411 0.7323
vn -0.0486 0.9972 0.0559
vn -0.0479 0.9972 0.0566
vn -0.0502 0.9972 0.0545
vn -0.0517 0.9972 0.0533
vn -0.7146 0.3308 0.6164
vn -0.7004 0.3283 0.6337
vn -0.6470 0.2375 0.7246
vn -0.7860 0.4560 0.4174
vn -0.2252 0.9741 -0.0197
vn -0.2502 0.0874 0.9642
vn 0.6934 0.0460 -0.7191
vn 0.8816 0.0843 0.4644
vn -0.6448 0.2411 0.7253
vn -0.0494 0.9972 0.0552
vn -0.0737 0.9973 -0.0077
vn -0.0741 0.9972 -0.0037
vn -0.0739 0.9972 -0.0056
vn -0.9430 0.3308 0.0373
vn -0.9641 0.2458 -0.1004
vn -0.9627 0.2515 -0.1002
vn -0.9445 0.3283 0.0150
vn -0.9674 0.2375 -0.0879
vn -0.9668 0.2347 -0.1006
vn -0.8593 0.4560 0.2315
vn -0.1511 0.9741 0.1681
vn -0.8411 0.0874 -0.5338
vn 0.9976 0.0460 0.0522
vn 0.3272 0.0843 -0.9412
vn -0.9663 0.2411 -0.0899
vn -0.9653 0.2411 -0.1005
vn -0.0737 0.9972 -0.0077
vn -0.0738 0.9972 -0.0066
vn -0.0735 0.9972 -0.0098
vn -0.0733 0.9972 -0.0117
vn -0.9151 0.3308 -0.2307
vn -0.9211 0.3283 -0.2092
vn -0.9648 0.2375 -0.1133
vn -0.7932 0.4560 -0.4035
vn -0.1132 0.9741 -0.1956
vn -0.9330 0.0874 0.3492
vn 0.9869 0.0460 0.1544
vn 0.1264 0.0843 0.9884
vn -0.9641 0.2411 -0.1111
vn -0.0736 0.9972 -0.0087
vn -0.0731 0.9973 -0.0119
vn -0.0738 0.9972 -0.0079
vn -0.9436 0.3308 -0.0170
vn -0.9568 0.2458 -0.1556
vn -0.9553 0.2515 -0.1553
vn -0.9438 0.3283 -0.0393
vn -0.9608 0.2375 -0.1433
vn -0.9595 0.2347 -0.1560
vn -0.8712 0.4560 0.1818
vn -0.1605 0.9741 0.1592
vn -0.8090 0.0874 -0.5813
vn 0.9929 0.0460 0.1094
vn 0.3808 0.0843 -0.9208
vn -0.9596 0.2411 -0.1453
vn -0.9579 0.2411 -0.1558
vn -0.0732 0.9972 -0.0119
vn -0.0733 0.9972 -0.0109
vn -0.0728 0.9972 -0.0140
vn -0.0725 0.9972 -0.0159
vn -0.9003 0.3308 -0.2829
vn -0.9076 0.3283 -0.2618
vn -0.9567 0.2375 -0.1685
vn -0.7687 0.4560 -0.4484
vn -0.1018 0.9741 -0.2018
vn -0.9515 0.0874 0.2950
vn 0.9764 0.0460 0.2108
vn 0.0694 0.0843 0.9940
vn -0.9561 0.2411 -0.1663
vn -0.0730 0.9972 -0.0129
vn -0.0633 0.9973 0.0385
vn -0.0612 0.9972 0.0419
vn -0.0622 0.9972 0.0403
vn -0.7283 0.3308 0.6001
vn -0.8284 0.2458 0.5033
vn -0.8272 0.2515 0.5026
vn -0.7430 0.3283 0.5833
vn -0.8235 0.2375 0.5152
vn -0.8308 0.2347 0.5047
vn -0.5442 0.4560 0.7042
vn -0.0186 0.9741 0.2253
vn -0.9927 0.0874 0.0837
vn 0.8259 0.0460 -0.5619
vn -0.3088 0.0843 -0.9474
vn -0.8238 0.2411 0.5130
vn -0.8294 0.2411 0.5039
vn -0.0633 0.9972 0.0385
vn -0.0628 0.9972 0.0394
vn -0.0644 0.9972 0.0367
vn -0.0654 0.9972 0.0350
vn -0.8682 0.3308 0.3699
vn -0.8600 0.3283 0.3907
vn -0.8367 0.2375 0.4934
vn -0.8757 0.4560 0.1585
vn -0.2085 0.9741 -0.0873
vn -0.5317 0.0874 0.8424
vn 0.8793 0.0460 -0.4741
vn 0.6985 0.0843 0.7106
vn -0.8349 0.2411 0.4948
vn -0.0639 0.9972 0.0376
vt 0.571455 0.812580
vt 0.562903 0.796054
vt 0.594246 0.796452
vt 0.617707 0.818754
vt 0.586906 0.744246
vt 0.563190 0.723897
vt 0.564621 0.712949
vt 0.599759 0.720820
vt 0.583200 0.764362
vt 0.559343 0.753327
vt 0.613019 0.771158
vt 0.598877 0.775683
vt 0.622931 0.807626
vt 0.613467 0.813397
vt 0.965768 0.427594
vt 0.979274 0.424568
vt 0.979274 0.506324
vt 0.966409 0.509532
vt 0.651794 0.250580
vt 0.658236 0.251110
vt 0.658236 0.313166
vt 0.652324 0.312725
vt 0.319783 0.809567
vt 0.329393 0.809567
vt 0.329191 0.872285
vt 0.321138 0.871851
vt 0.574955 0.837423
vt 0.611298 0.835342
vt 0.537297 0.821324
vt 0.537165 0.797686
vt 0.534235 0.747262
vt 0.526879 0.724993
vt 0.532371 0.767273
vt 0.526280 0.779840
vt 0.514440 0.776803
vt 0.534419 0.817638
vt 0.520366 0.813214
vt 0.528320 0.890310
vt 0.514440 0.886477
vt 0.894981 0.643320
vt 0.896758 0.706709
vt 0.889925 0.705473
vt 0.888491 0.642203
vt 0.903669 0.643111
vt 0.903669 0.706233
vt 0.538612 0.839504
vt 0.940897 0.679213
vt 0.926480 0.559646
vt 0.915163 0.556241
vt 0.915163 0.679195
vt 0.327097 0.629946
vt 0.327097 0.532059
vt 0.316321 0.521711
vt 0.299801 0.619722
vt 0.328363 0.516475
vt 0.328363 0.383425
vt 0.317157 0.393104
vt 0.299801 0.509658
vt 0.545249 0.646340
vt 0.600598 0.677248
vt 0.600922 0.707713
vt 0.514440 0.659421
vt 0.545249 0.585372
vt 0.514440 0.564161
vt 0.600598 0.555313
vt 0.600922 0.517193
vt 0.655948 0.586221
vt 0.687404 0.565486
vt 0.655948 0.647188
vt 0.687404 0.660746
vt 0.600377 0.618894
vt 0.086595 0.857140
vt 0.081440 0.901001
vt 0.096271 0.901266
vt 0.099573 0.857468
vt 0.497370 0.736786
vt 0.497093 0.803044
vt 0.508617 0.811712
vt 0.508617 0.739775
vt 0.961623 0.009142
vt 0.961623 0.091557
vt 0.974491 0.084614
vt 0.970272 0.002618
vt 0.085509 0.930219
vt 0.099573 0.928396
vt 0.946602 0.804557
vt 0.933529 0.787478
vt 0.921432 0.794254
vt 0.940475 0.818464
vt 0.931669 0.930487
vt 0.949043 0.906022
vt 0.935593 0.901670
vt 0.921035 0.923088
vt 0.326540 0.953594
vt 0.326891 0.879015
vt 0.319783 0.877521
vt 0.319783 0.953010
vt 0.946602 0.712949
vt 0.933413 0.715715
vt 0.935190 0.827770
vt 0.921035 0.828257
vt 0.712798 0.497863
vt 0.702004 0.500818
vt 0.712798 0.509951
vt 0.940939 0.544991
vt 0.929283 0.424749
vt 0.915163 0.424568
vt 0.915163 0.551005
vt 0.939214 0.414635
vt 0.925833 0.291038
vt 0.915163 0.283839
vt 0.915163 0.419332
vt 0.138999 0.782830
vt 0.138999 0.652214
vt 0.127819 0.661565
vt 0.108860 0.779116
vt 0.073853 0.718555
vt 0.038235 0.687905
vt 0.047973 0.652214
vt 0.103624 0.700103
vt 0.073853 0.782458
vt 0.103624 0.799949
vt 0.038235 0.815711
vt 0.047973 0.851905
vt 0.929184 0.085241
vt 0.915163 0.023126
vt 0.934479 0.002618
vt 0.956387 0.099671
vt 0.915163 0.116350
vt 0.934479 0.148277
vt 0.360620 0.861225
vt 0.360620 0.920636
vt 0.334788 0.945304
vt 0.334788 0.852477
vt 0.031586 0.751637
vt 0.002618 0.785061
vt 0.002618 0.721158
vt 0.608167 0.898473
vt 0.608167 0.961096
vt 0.620329 0.952830
vt 0.620092 0.895545
vt 0.834899 0.720053
vt 0.901850 0.760321
vt 0.916196 0.755685
vt 0.845662 0.712949
vt 0.166456 0.925391
vt 0.225655 0.880800
vt 0.211149 0.877504
vt 0.154268 0.921068
vt 0.726620 0.676757
vt 0.726620 0.705839
vt 0.740778 0.705826
vt 0.741192 0.678768
vt 0.899478 0.786159
vt 0.912701 0.789638
vt 0.220576 0.843967
vt 0.207118 0.848257
vt 0.602931 0.972193
vt 0.602799 0.898056
vt 0.588837 0.895545
vt 0.588837 0.970483
vt 0.834899 0.815902
vt 0.845942 0.822534
vt 0.165064 0.809567
vt 0.154268 0.818175
vt 0.696769 0.503990
vt 0.687146 0.497863
vt 0.687146 0.511958
vt 0.942694 0.271580
vt 0.927657 0.153513
vt 0.915163 0.154682
vt 0.915163 0.278603
vt 0.720050 0.637723
vt 0.703763 0.522503
vt 0.692639 0.517193
vt 0.692639 0.644749
vt 0.327361 0.770689
vt 0.314618 0.641052
vt 0.306264 0.653498
vt 0.306264 0.774710
vt 0.228125 0.674648
vt 0.191290 0.726899
vt 0.154268 0.722691
vt 0.211821 0.641052
vt 0.282994 0.674648
vt 0.297552 0.641052
vt 0.463703 0.733038
vt 0.448649 0.676574
vt 0.468336 0.645857
vt 0.491858 0.734081
vt 0.448649 0.787218
vt 0.468336 0.818734
vt 0.209324 0.779149
vt 0.264194 0.779149
vt 0.268177 0.804331
vt 0.182446 0.804331
vt 0.250366 0.729771
vt 0.301029 0.726899
vt 0.533120 0.895546
vt 0.533120 0.976455
vt 0.546555 0.974017
vt 0.543805 0.897695
vt 0.497094 0.645857
vt 0.497094 0.719528
vt 0.505397 0.731550
vt 0.507694 0.652786
vt 0.131025 0.791840
vt 0.108860 0.871351
vt 0.122252 0.867503
vt 0.143403 0.788065
vt 0.799423 0.706333
vt 0.799423 0.676757
vt 0.785397 0.676973
vt 0.785163 0.704356
vt 0.076204 0.951246
vt 0.066063 0.930070
vt 0.055143 0.935716
vt 0.070664 0.964878
vt 0.135319 0.893424
vt 0.143403 0.883775
vt 0.377409 0.920982
vt 0.377623 0.855854
vt 0.366933 0.849142
vt 0.366933 0.914810
vt 0.076204 0.857140
vt 0.064307 0.858537
vt 0.582003 0.972965
vt 0.583601 0.906033
vt 0.569642 0.903446
vt 0.569642 0.967468
vt 0.578301 0.895545
vt 0.025889 0.882229
vt 0.025059 0.857140
vt 0.041544 0.857847
vt 0.049908 0.892679
vt 0.770086 0.843552
vt 0.744337 0.868577
vt 0.734082 0.866882
vt 0.751327 0.829268
vt 0.788986 0.847726
vt 0.771906 0.873136
vt 0.788591 0.820005
vt 0.790549 0.834861
vt 0.628167 0.899603
vt 0.640400 0.898984
vt 0.635508 0.947101
vt 0.628167 0.954396
vt 0.551791 0.895545
vt 0.564142 0.897334
vt 0.564406 0.979405
vt 0.551791 0.977862
vt 0.698749 0.899948
vt 0.707122 0.898984
vt 0.707148 0.962059
vt 0.698749 0.963121
vt 0.277300 0.908152
vt 0.285338 0.906385
vt 0.285338 0.968841
vt 0.277328 0.969986
vt 0.817524 0.851842
vt 0.812163 0.879792
vt 0.027053 0.919476
vt 0.049908 0.919852
vt 0.002618 0.891900
vt 0.008924 0.857309
vt 0.758642 0.900148
vt 0.735493 0.907580
vt 0.777943 0.902343
vt 0.964002 0.301728
vt 0.968242 0.333819
vt 0.958434 0.332740
vt 0.944450 0.283839
vt 0.947034 0.380456
vt 0.944450 0.375635
vt 0.527884 0.895545
vt 0.527884 0.977685
vt 0.514440 0.978675
vt 0.514576 0.896797
vt 0.239267 0.906742
vt 0.239267 0.969507
vt 0.231159 0.969070
vt 0.230890 0.906385
vt 0.299917 0.908689
vt 0.299384 0.963051
vt 0.290573 0.961863
vt 0.290573 0.906385
vt 0.806254 0.907580
vt 0.004199 0.919099
vt 0.850380 0.862293
vt 0.834899 0.851763
vt 0.835329 0.827770
vt 0.856629 0.831538
vt 0.801828 0.788616
vt 0.818103 0.755674
vt 0.829663 0.752708
vt 0.828335 0.793044
vt 0.780296 0.793224
vt 0.787026 0.763647
vt 0.782614 0.814769
vt 0.774886 0.802874
vt 0.724531 0.940609
vt 0.712384 0.948112
vt 0.712384 0.912049
vt 0.718995 0.898984
vt 0.946175 0.426153
vt 0.960533 0.424568
vt 0.960455 0.510507
vt 0.946175 0.511826
vt 0.822760 0.820005
vt 0.829595 0.822511
vt 0.829097 0.874071
vt 0.822760 0.871454
vt 0.660919 0.899343
vt 0.670939 0.898984
vt 0.670085 0.962458
vt 0.661344 0.962458
vt 0.748182 0.801953
vt 0.741645 0.775289
vt 0.873297 0.877951
vt 0.873297 0.844158
vt 0.856629 0.901462
vt 0.835329 0.876002
vt 0.788550 0.734213
vt 0.809962 0.717767
vt 0.767482 0.740724
vt 0.756584 0.727890
vt 0.757762 0.712949
vt 0.734083 0.724226
vt 0.734424 0.712949
vt 0.979907 0.157131
vt 0.979173 0.239194
vt 0.967316 0.235429
vt 0.967316 0.153513
vt 0.115445 0.901852
vt 0.117235 0.957270
vt 0.110315 0.954209
vt 0.108860 0.898660
vt 0.124046 0.899563
vt 0.124046 0.954474
vt 0.735105 0.748375
vt 0.873297 0.911744
vt 0.893559 0.862369
vt 0.878533 0.852398
vt 0.878958 0.827770
vt 0.899626 0.830477
vt 0.700208 0.739794
vt 0.665734 0.726403
vt 0.661856 0.715115
vt 0.702601 0.712949
vt 0.706488 0.760908
vt 0.676160 0.756750
vt 0.728847 0.756389
vt 0.717379 0.765169
vt 0.272065 0.946453
vt 0.259744 0.953998
vt 0.259744 0.919424
vt 0.266558 0.906385
vt 0.947930 0.155262
vt 0.962080 0.153513
vt 0.962058 0.239427
vt 0.947930 0.240908
vt 0.946132 0.652385
vt 0.953258 0.654628
vt 0.952787 0.706407
vt 0.946132 0.704040
vt 0.645636 0.899345
vt 0.655684 0.898984
vt 0.654502 0.962452
vt 0.645653 0.962452
vt 0.717772 0.792218
vt 0.691383 0.801065
vt 0.915799 0.877196
vt 0.915799 0.842518
vt 0.899626 0.902230
vt 0.878958 0.877264
vt 0.646414 0.757765
vt 0.628167 0.737815
vt 0.654575 0.778250
vt 0.643234 0.789938
vt 0.628167 0.790023
vt 0.644002 0.811614
vt 0.632263 0.812392
vt 0.670845 0.892599
vt 0.658843 0.893748
vt 0.753539 0.916052
vt 0.753539 0.971416
vt 0.746457 0.968310
vt 0.746763 0.912816
vt 0.740904 0.912816
vt 0.741221 0.973350
vt 0.734083 0.974869
vt 0.734083 0.914733
vt 0.664794 0.809916
vt 0.915799 0.911873
vt 0.827013 0.681232
vt 0.821604 0.705143
vt 0.804659 0.706074
vt 0.804659 0.673681
vt 0.288493 0.853184
vt 0.265901 0.823479
vt 0.267447 0.813098
vt 0.301192 0.835514
vt 0.284584 0.872155
vt 0.261746 0.851387
vt 0.314547 0.876651
vt 0.300725 0.876711
vt 0.129282 0.902757
vt 0.140942 0.898660
vt 0.140942 0.946106
vt 0.134885 0.956518
vt 0.954278 0.827770
vt 0.967770 0.827897
vt 0.967770 0.913780
vt 0.954920 0.913429
vt 0.875818 0.643185
vt 0.883255 0.642203
vt 0.881603 0.705410
vt 0.873936 0.706503
vt 0.868233 0.642768
vt 0.868233 0.705857
vt 0.280927 0.901149
vt 0.255678 0.892140
vt 0.835106 0.645763
vt 0.811441 0.647748
vt 0.853627 0.669573
vt 0.838437 0.703240
vt 0.237686 0.834432
vt 0.230890 0.809567
vt 0.235554 0.854058
vt 0.966337 0.573367
vt 0.968430 0.607039
vt 0.956588 0.608034
vt 0.946132 0.556241
vt 0.951314 0.647149
vt 0.946132 0.645332
vt 0.966449 0.713201
vt 0.966449 0.795066
vt 0.952011 0.794547
vt 0.951838 0.712949
vt 0.312556 0.906385
vt 0.312114 0.968780
vt 0.305153 0.968855
vt 0.305153 0.906540
vt 0.254508 0.907285
vt 0.253471 0.962045
vt 0.244503 0.962136
vt 0.244503 0.906385
vt 0.230890 0.882681
vt 0.858772 0.643777
s 1
usemtl Materiais.008
f 2231/4010/1172 2213/4011/1173 2210/4012/1174 2230/4013/1175
f 2215/4014/1176 2216/4015/1177 2214/4016/1178 2211/4017/1179
f 2228/4018/1180 2229/4019/1181 2216/4015/1177 2215/4014/1176
f 2215/4014/1176 2211/4017/1179 2217/4020/1182 2218/4021/1182
f 2218/4021/1183 2217/4020/1183 2219/4022/1183 2220/4023/1183
f 2220/4024/1184 2219/4025/1184 2221/4026/1184 2222/4027/1184
f 2210/4028/1185 2223/4029/1185 2225/4030/1185 2227/4031/1185
f 2224/4032/1186 2210/4033/1186 2227/4034/1186 2226/4035/1186
f 2210/4012/1187 2213/4011/1188 2229/4019/1181 2228/4018/1180
f 2212/4036/1189 2231/4010/1172 2230/4013/1175 2209/4037/1190
f 2231/4010/1172 2248/4038/1191 2233/4039/1192 2213/4011/1173
f 2235/4040/1193 2234/4041/1194 2214/4016/1178 2216/4015/1177
f 2247/4042/1195 2235/4040/1193 2216/4015/1177 2229/4019/1181
f 2235/4040/1193 2237/4043/1196 2236/4044/1196 2234/4041/1194
f 2237/4043/1197 2239/4045/1197 2238/4046/1197 2236/4044/1197
f 2239/4045/1198 2241/4047/1198 2240/4048/1198 2238/4046/1198
f 2233/4049/1199 2246/4050/1199 2244/4051/1199 2242/4052/1199
f 2243/4053/1200 2245/4054/1200 2246/4050/1200 2233/4049/1200
f 2233/4039/1201 2247/4042/1195 2229/4019/1181 2213/4011/1188
f 2212/4036/1189 2232/4055/1202 2248/4038/1191 2231/4010/1172
f 2249/4056/1203 2252/4057/1203 2254/4058/1203 2251/4059/1203
f 2251/4060/1204 2254/4061/1204 2253/4062/1204 2250/4063/1204
f 2250/4064/1205 2253/4065/1205 2252/4066/1205 2249/4067/1205
f 2261/4068/1206 2262/4069/1207 2255/4070/1208 2256/4071/1209
f 2263/4072/1210 2261/4068/1206 2256/4071/1209 2257/4073/1211
f 2264/4074/1212 2263/4072/1210 2257/4073/1211 2258/4075/1213
f 2265/4076/1214 2264/4074/1212 2258/4075/1213 2259/4077/1215
f 2266/4078/1216 2265/4076/1214 2259/4077/1215 2260/4079/1217
f 2262/4069/1207 2266/4078/1216 2260/4079/1217 2255/4070/1208
f 2261/4068/1206 2263/4072/1210 2267/4080/1218
f 2263/4072/1210 2264/4074/1212 2267/4080/1218
f 2264/4074/1212 2265/4076/1214 2267/4080/1218
f 2265/4076/1214 2266/4078/1216 2267/4080/1218
f 2266/4078/1216 2262/4069/1207 2267/4080/1218
f 2262/4069/1207 2261/4068/1206 2267/4080/1218
f 2268/4081/1219 2271/4082/1219 2273/4083/1219 2270/4084/1219
f 2270/4085/1220 2273/4086/1221 2272/4087/1222 2269/4088/1220
f 2269/4089/1223 2272/4090/1223 2271/4091/1223 2268/4092/1223
f 2271/4082/1224 2274/4093/1224 2276/4094/1224 2273/4083/1224
f 2273/4095/1221 2276/4096/1225 2275/4097/1226 2272/4098/1222
f 2272/4099/1227 2275/4100/1227 2274/4101/1227 2271/4102/1227
f 2274/4103/1228 2277/4104/1228 2279/4105/1228 2276/4106/1228
f 2276/4096/1225 2279/4107/1229 2278/4108/1229 2275/4097/1226
f 2275/4100/1230 2278/4109/1230 2277/4110/1230 2274/4101/1230
f 2278/4111/1231 2279/4112/1231 2277/4113/1231
f 2280/4114/1232 2283/4115/1232 2285/4116/1232 2282/4117/1232
f 2282/4118/1233 2285/4119/1233 2284/4120/1233 2281/4121/1233
f 2281/4122/1234 2284/4123/1234 2283/4124/1234 2280/4125/1234
f 2292/4126/1235 2293/4127/1236 2286/4128/1237 2287/4129/1238
f 2294/4130/1239 2292/4126/1235 2287/4129/1238 2288/4131/1240
f 2295/4132/1241 2294/4130/1239 2288/4131/1240 2289/4133/1242
f 2296/4134/1243 2295/4135/1241 2289/4136/1242 2290/4137/1244
f 2297/4138/1245 2296/4134/1243 2290/4137/1244 2291/4139/1246
f 2293/4140/1236 2297/4141/1245 2291/4142/1246 2286/4143/1237
f 2292/4126/1235 2294/4130/1239 2298/4144/1247
f 2294/4130/1239 2295/4132/1241 2298/4144/1247
f 2295/4132/1241 2296/4145/1243 2298/4144/1247
f 2296/4145/1243 2297/4146/1245 2298/4144/1247
f 2297/4146/1245 2293/4127/1236 2298/4144/1247
f 2293/4127/1236 2292/4126/1235 2298/4144/1247
f 2299/4147/1248 2302/4148/1248 2304/4149/1248 2301/4150/1248
f 2301/4151/1249 2304/4152/1250 2303/4153/1251 2300/4154/1249
f 2300/4155/1252 2303/4156/1252 2302/4157/1252 2299/4158/1252
f 2302/4159/1253 2305/4160/1253 2307/4161/1253 2304/4162/1253
f 2304/4152/1250 2307/4163/1254 2306/4164/1255 2303/4153/1251
f 2303/4156/1256 2306/4165/1256 2305/4166/1256 2302/4157/1256
f 2305/4167/1257 2308/4168/1257 2310/4169/1257 2307/4170/1257
f 2307/4163/1254 2310/4171/1258 2309/4172/1258 2306/4164/1255
f 2306/4165/1259 2309/4173/1259 2308/4174/1259 2305/4166/1259
f 2309/4175/1260 2310/4176/1260 2308/4177/1260
f 2311/4178/1261 2314/4179/1261 2316/4180/1261 2313/4181/1261
f 2313/4182/1262 2316/4183/1262 2315/4184/1262 2312/4185/1262
f 2312/4186/1263 2315/4187/1263 2314/4188/1263 2311/4189/1263
f 2323/4190/1264 2324/4191/1265 2317/4192/1266 2318/4193/1267
f 2325/4194/1268 2323/4190/1264 2318/4193/1267 2319/4195/1269
f 2326/4196/1270 2325/4197/1268 2319/4198/1269 2320/4199/1271
f 2327/4200/1272 2326/4196/1270 2320/4199/1271 2321/4201/1273
f 2328/4202/1274 2327/4203/1272 2321/4204/1273 2322/4205/1275
f 2324/4191/1265 2328/4202/1274 2322/4205/1275 2317/4192/1266
f 2323/4190/1264 2325/4194/1268 2329/4206/1276
f 2325/4194/1268 2326/4207/1270 2329/4206/1276
f 2326/4207/1270 2327/4203/1272 2329/4206/1276
f 2327/4203/1272 2328/4202/1274 2329/4206/1276
f 2328/4202/1274 2324/4191/1265 2329/4206/1276
f 2324/4191/1265 2323/4190/1264 2329/4206/1276
f 2330/4208/1277 2333/4209/1277 2335/4210/1277 2332/4211/1277
f 2332/4212/1278 2335/4213/1279 2334/4214/1280 2331/4215/1278
f 2331/4216/1281 2334/4217/1281 2333/4218/1281 2330/4219/1281
f 2333/4220/1282 2336/4221/1282 2338/4222/1282 2335/4223/1282
f 2335/4224/1279 2338/4225/1283 2337/4226/1284 2334/4227/1280
f 2334/4217/1285 2337/4228/1285 2336/4229/1285 2333/4218/1285
f 2336/4230/1286 2339/4231/1286 2341/4232/1286 2338/4233/1286
f 2338/4225/1283 2341/4234/1287 2340/4235/1287 2337/4226/1284
f 2337/4236/1288 2340/4237/1288 2339/4238/1288 2336/4239/1288
f 2340/4237/1289 2341/4240/1289 2339/4238/1289
f 2364/4241/1290 2346/4242/1290 2343/4243/1291 2363/4244/1292
f 2348/4245/1293 2349/4246/1294 2347/4247/1295 2344/4248/1296
f 2361/4249/1297 2362/4250/1298 2349/4246/1294 2348/4245/1293
f 2348/4245/1293 2344/4248/1296 2350/4251/1299 2351/4252/1299
f 2351/4253/1300 2350/4254/1300 2352/4255/1300 2353/4256/1300
f 2353/4257/1301 2352/4258/1301 2354/4259/1301 2355/4260/1301
f 2343/4261/1302 2356/4262/1302 2358/4263/1302 2360/4264/1302
f 2357/4265/1303 2343/4266/1303 2360/4267/1303 2359/4268/1303
f 2343/4269/1304 2346/4270/1305 2362/4250/1298 2361/4249/1297
f 2345/4271/1306 2364/4241/1290 2363/4244/1292 2342/4272/1307
f 2364/4241/1290 2381/4273/1308 2366/4274/1309 2346/4242/1290
f 2368/4275/1310 2367/4276/1311 2347/4247/1295 2349/4246/1294
f 2380/4277/1312 2368/4275/1310 2349/4246/1294 2362/4250/1298
f 2368/4278/1310 2370/4279/1313 2369/4280/1313 2367/4281/1311
f 2370/4279/1314 2372/4282/1314 2371/4283/1314 2369/4280/1314
f 2372/4284/1315 2374/4285/1315 2373/4286/1315 2371/4287/1315
f 2366/4288/1316 2379/4289/1316 2377/4290/1316 2375/4291/1316
f 2376/4292/1317 2378/4293/1317 2379/4294/1317 2366/4295/1317
f 2366/4296/1318 2380/4277/1312 2362/4250/1298 2346/4270/1305
f 2345/4271/1306 2365/4297/1319 2381/4273/1308 2364/4241/1290
f 2404/4298/1320 2386/4299/1320 2383/4300/1321 2403/4301/1322
f 2388/4302/1323 2389/4303/1324 2387/4304/1325 2384/4305/1326
f 2401/4306/1327 2402/4307/1328 2389/4303/1324 2388/4302/1323
f 2388/4302/1323 2384/4305/1326 2390/4308/1329 2391/4309/1329
f 2391/4310/1330 2390/4311/1330 2392/4312/1330 2393/4313/1330
f 2393/4314/1331 2392/4315/1331 2394/4316/1331 2395/4317/1331
f 2383/4318/1332 2396/4319/1332 2398/4320/1332 2400/4321/1332
f 2397/4322/1333 2383/4323/1333 2400/4324/1333 2399/4325/1333
f 2383/4326/1334 2386/4327/1335 2402/4307/1328 2401/4306/1327
f 2385/4328/1336 2404/4298/1320 2403/4301/1322 2382/4329/1337
f 2404/4298/1320 2421/4330/1338 2406/4331/1339 2386/4299/1320
f 2408/4332/1340 2407/4333/1341 2387/4304/1325 2389/4303/1324
f 2420/4334/1342 2408/4332/1340 2389/4303/1324 2402/4307/1328
f 2408/4332/1340 2410/4335/1343 2409/4336/1343 2407/4333/1341
f 2410/4335/1344 2412/4337/1344 2411/4338/1344 2409/4336/1344
f 2412/4339/1345 2414/4340/1345 2413/4341/1345 2411/4342/1345
f 2406/4343/1346 2419/4344/1346 2417/4345/1346 2415/4346/1346
f 2416/4347/1347 2418/4348/1347 2419/4344/1347 2406/4343/1347
f 2406/4349/1348 2420/4334/1342 2402/4307/1328 2386/4327/1335
f 2385/4328/1336 2405/4350/1349 2421/4330/1338 2404/4298/1320
f 2444/4351/1350 2426/4352/1350 2423/4353/1351 2443/4354/1338
f 2428/4355/1352 2429/4356/1353 2427/4357/1354 2424/4358/1355
f 2441/4359/1356 2442/4360/1357 2429/4356/1353 2428/4355/1352
f 2428/4355/1352 2424/4358/1355 2430/4361/1358 2431/4362/1358
f 2431/4363/1359 2430/4364/1359 2432/4365/1359 2433/4366/1359
f 2433/4367/1360 2432/4368/1360 2434/4369/1360 2435/4370/1360
f 2423/4371/1361 2436/4372/1361 2438/4373/1361 2440/4374/1361
f 2437/4375/1362 2423/4376/1362 2440/4377/1362 2439/4378/1362
f 2423/4379/1363 2426/4380/1364 2442/4360/1357 2441/4359/1356
f 2425/4381/1365 2444/4351/1350 2443/4354/1338 2422/4382/1366
f 2444/4351/1350 2461/4383/1367 2446/4384/1368 2426/4352/1350
f 2448/4385/1369 2447/4386/1370 2427/4357/1354 2429/4356/1353
f 2460/4387/1371 2448/4385/1369 2429/4356/1353 2442/4360/1357
f 2448/4385/1369 2450/4388/1372 2449/4389/1372 2447/4386/1370
f 2450/4388/1373 2452/4390/1373 2451/4391/1373 2449/4389/1373
f 2452/4390/1374 2454/4392/1374 2453/4393/1374 2451/4391/1374
f 2446/4394/1375 2459/4395/1375 2457/4396/1375 2455/4397/1375
f 2456/4398/1376 2458/4399/1376 2459/4400/1376 2446/4401/1376
f 2446/4402/1377 2460/4387/1371 2442/4360/1357 2426/4380/1364
f 2425/4381/1365 2445/4403/1378 2461/4383/1367 2444/4351/1350
f 2484/4404/1379 2466/4405/1379 2463/4406/1380 2483/4407/1381
f 2468/4408/1382 2469/4409/1383 2467/4410/1384 2464/4411/1385
f 2481/4412/1386 2482/4413/1387 2469/4409/1383 2468/4408/1382
f 2468/4408/1382 2464/4411/1385 2470/4414/1388 2471/4415/1388
f 2471/4416/1389 2470/4417/1389 2472/4418/1389 2473/4419/1389
f 2473/4420/1390 2472/4421/1390 2474/4422/1390 2475/4423/1390
f 2463/4424/1391 2476/4425/1391 2478/4426/1391 2480/4427/1391
f 2477/4428/1392 2463/4424/1392 2480/4427/1392 2479/4429/1392
f 2463/4430/1393 2466/4431/1394 2482/4413/1387 2481/4412/1386
f 2465/4432/1395 2484/4404/1379 2483/4407/1381 2462/4433/1396
f 2484/4404/1379 2501/4434/1397 2486/4435/1398 2466/4405/1379
f 2488/4436/1399 2487/4437/1400 2467/4410/1384 2469/4409/1383
f 2500/4438/1401 2488/4436/1399 2469/4409/1383 2482/4413/1387
f 2488/4439/1399 2490/4440/1402 2489/4441/1402 2487/4442/1400
f 2490/4440/1403 2492/4443/1403 2491/4444/1403 2489/4441/1403
f 2492/4445/1404 2494/4446/1404 2493/4447/1404 2491/4448/1404
f 2486/4449/1405 2499/4450/1405 2497/4451/1405 2495/4452/1405
f 2496/4453/1406 2498/4454/1406 2499/4455/1406 2486/4456/1406
f 2486/4457/1407 2500/4438/1401 2482/4413/1387 2466/4431/1394
f 2465/4432/1395 2485/4458/1408 2501/4434/1397 2484/4404/1379
o Props_3_1
v 0.899489 2.397607 -3.173243
v 0.958355 2.397607 -3.232109
v 0.840623 2.397607 -3.232109
v 0.899489 2.397607 -3.290975
v 0.840623 5.427950 -3.232109
v 0.899489 5.427950 -3.173243
v 0.958355 5.427950 -3.232109
v 0.899489 5.427950 -3.290975
v 0.802486 5.447052 -3.232109
v 0.802486 5.505918 -3.173243
v 0.802486 5.564783 -3.232109
v 0.802486 5.505918 -3.290975
v 0.899489 2.358157 -3.135880
v 0.958355 2.299291 -3.135880
v 0.840623 2.299291 -3.135880
v 0.899489 2.240426 -3.135880
v 0.899489 2.176970 -2.846085
v 0.958355 2.176970 -2.904950
v 0.840623 2.176970 -2.904950
v 0.899489 2.176970 -2.963816
v 0.840623 2.299291 -2.991817
v 0.899489 2.358157 -2.991817
v 0.958355 2.299291 -2.991817
v 0.899489 2.240426 -2.991817
v 0.899489 2.371452 -3.160209
v 0.958355 2.330221 -3.202223
v 0.899489 2.288990 -3.244237
v 0.840623 2.330221 -3.202223
v 0.840623 -0.021179 -2.904950
v 0.899489 -0.021179 -2.846085
v 0.958355 -0.021179 -2.904950
v 0.899489 -0.021179 -2.963816
v 0.899489 2.293065 -2.881216
v 0.958355 2.258009 -2.928505
v 0.899489 2.222953 -2.975794
v 0.840623 2.258009 -2.928505
v 0.867477 5.483424 -3.173244
v 0.904961 5.528812 -3.232109
v 0.867477 5.483423 -3.290975
v 0.829993 5.438035 -3.232109
v 0.899489 2.254387 -3.335644
v 0.958355 2.254387 -3.394510
v 0.840623 2.254387 -3.394510
v 0.899489 2.254387 -3.453375
v 0.840623 5.284730 -3.394510
v 0.899489 5.284730 -3.335644
v 0.958355 5.284730 -3.394510
v 0.899489 5.284730 -3.453375
v 0.802486 5.303832 -3.394510
v 0.802486 5.362698 -3.335644
v 0.802486 5.421563 -3.394510
v 0.802486 5.362698 -3.453375
v 0.899489 2.214937 -3.298281
v 0.958355 2.156071 -3.298281
v 0.840623 2.156071 -3.298281
v 0.899489 2.097206 -3.298281
v 0.899489 2.033750 -3.008486
v 0.958355 2.033750 -3.067351
v 0.840623 2.033750 -3.067351
v 0.899489 2.033750 -3.126217
v 0.840623 2.156071 -3.154218
v 0.899489 2.214937 -3.154218
v 0.958355 2.156071 -3.154218
v 0.899489 2.097206 -3.154218
v 0.899489 2.228232 -3.322610
v 0.958355 2.187001 -3.364624
v 0.899489 2.145770 -3.406638
v 0.840623 2.187001 -3.364624
v 0.840623 1.929073 -3.067351
v 0.899489 1.929073 -3.008486
v 0.958355 1.929073 -3.067351
v 0.899489 1.929073 -3.126217
v 0.899489 2.149845 -3.043617
v 0.958355 2.114789 -3.090906
v 0.899489 2.079733 -3.138195
v 0.840623 2.114789 -3.090906
v 0.867477 5.340204 -3.335644
v 0.904961 5.385592 -3.394510
v 0.867477 5.340204 -3.453376
v 0.829993 5.294816 -3.394510
vn -0.0000 0.2371 0.9715
vn 0.9952 -0.0351 -0.0911
vn -0.9952 -0.0351 -0.0911
vn -0.0000 -0.1874 -0.9823
vn -0.9430 -0.3327 -0.0000
vn 0.1155 0.0451 0.9923
vn 0.9747 0.2235 -0.0000
vn 0.1155 0.0451 -0.9923
vn -0.3225 -0.9466 -0.0000
vn 0.0546 0.1461 0.9878
vn 0.3296 0.9441 -0.0000
vn 0.0546 0.1461 -0.9878
vn -0.0000 0.9678 0.2516
vn 0.9948 -0.0952 -0.0371
vn -0.9948 -0.0952 -0.0371
vn -0.0000 -0.9810 -0.1941
vn -0.0000 0.1359 0.9907
vn 0.9978 0.0223 0.0618
vn -0.9978 0.0223 0.0618
vn -0.0000 -0.1450 -0.9894
vn -0.9905 0.1255 0.0557
vn -0.0000 0.9702 0.2424
vn 0.9905 0.1255 0.0557
vn -0.0000 -0.9297 -0.3684
vn -0.0000 0.6980 0.7161
vn 0.9878 -0.1103 -0.1099
vn -0.0000 -0.7013 -0.7129
vn -0.9878 -0.1103 -0.1099
vn -1.0000 -0.0000 -0.0000
vn -0.0000 -0.0000 1.0000
vn 1.0000 -0.0000 -0.0000
vn -0.0000 -0.0000 -1.0000
vn -0.0000 0.6096 0.7927
vn 0.9880 0.1116 0.1068
vn -0.0000 -0.5562 -0.8311
vn -0.9880 0.1116 0.1068
vn 0.1133 0.1051 0.9880
vn 0.6464 0.7630 -0.0000
vn 0.1133 0.1051 -0.9880
vn -0.6002 -0.7998 -0.0000
vt 0.502854 0.909795
vt 0.490050 0.910114
vt 0.490392 0.887459
vt 0.503076 0.895919
vt 0.400076 0.554909
vt 0.382859 0.553774
vt 0.410560 0.037355
vt 0.427777 0.038490
vt 0.743136 0.650435
vt 0.726621 0.650945
vt 0.743888 0.034653
vt 0.760404 0.034143
vt 0.828003 0.626410
vt 0.810897 0.625953
vt 0.804659 0.021654
vt 0.821765 0.022111
vt 0.909927 0.616190
vt 0.894168 0.618230
vt 0.889295 0.014007
vt 0.905055 0.011967
vt 0.404895 0.565089
vt 0.395300 0.579433
vt 0.386386 0.568023
vt 0.401643 0.560572
vt 0.426197 0.621648
vt 0.443414 0.622783
vt 0.423319 0.997382
vt 0.406102 0.996247
vt 0.478481 0.909952
vt 0.490272 0.939971
vt 0.478703 0.939810
vt 0.424867 0.578420
vt 0.415272 0.592764
vt 0.503076 0.939652
vt 0.712947 0.005567
vt 0.708551 0.020416
vt 0.680687 0.017467
vt 0.685084 0.002618
vt 0.478703 0.896077
vt 0.717653 0.003414
vt 0.721385 0.015607
vt 0.745680 0.663172
vt 0.730581 0.671521
vt 0.901055 0.636967
vt 0.888491 0.631103
vt 0.824377 0.638541
vt 0.809309 0.630599
vt 0.335927 0.400021
vt 0.352425 0.399091
vt 0.351285 0.846311
vt 0.334788 0.847241
vt 0.357660 0.405024
vt 0.374764 0.405546
vt 0.377623 0.843906
vt 0.360519 0.843384
vt 0.663876 0.040079
vt 0.679652 0.038173
vt 0.679463 0.476478
vt 0.663687 0.478384
vt 0.685073 0.026093
vt 0.681973 0.029249
vt 0.668439 0.024402
vt 0.502740 0.952942
vt 0.490113 0.943363
vt 0.439605 0.599747
vt 0.423672 0.605658
vt 0.663687 0.013333
vt 0.334788 0.391084
vt 0.350179 0.383425
vt 0.361930 0.383425
vt 0.377623 0.390426
vt 0.681911 0.511958
vt 0.669470 0.511435
vt 0.669470 0.498216
vt 0.681909 0.506357
vt 0.726620 0.016495
vt 0.732723 0.002618
vt 0.751230 0.012364
vt 0.738359 0.022612
vt 0.435791 0.002618
vt 0.443414 0.018097
vt 0.433209 0.026691
vt 0.419697 0.016255
vt 0.820466 0.002618
vt 0.828003 0.016930
vt 0.823494 0.019718
vt 0.809814 0.009441
vt 0.888491 0.012564
vt 0.902592 0.002618
vt 0.473023 0.909795
vt 0.460218 0.910114
vt 0.460561 0.887458
vt 0.473245 0.895919
vt 0.465866 0.554909
vt 0.448649 0.553774
vt 0.476351 0.037355
vt 0.493568 0.038490
vt 0.782156 0.650435
vt 0.765640 0.650945
vt 0.782908 0.034653
vt 0.799423 0.034143
vt 0.856583 0.626410
vt 0.839477 0.625953
vt 0.833239 0.021654
vt 0.850345 0.022111
vt 0.883255 0.616190
vt 0.867496 0.618230
vt 0.862623 0.014007
vt 0.878383 0.011967
vt 0.470685 0.565089
vt 0.461091 0.579433
vt 0.452177 0.568023
vt 0.467434 0.560572
vt 0.491988 0.621648
vt 0.509205 0.622783
vt 0.508248 0.640621
vt 0.491031 0.639487
vt 0.448649 0.909952
vt 0.460441 0.939971
vt 0.448872 0.939810
vt 0.490658 0.578420
vt 0.481063 0.592764
vt 0.473245 0.939652
vt 0.497939 0.827025
vt 0.493486 0.841857
vt 0.465634 0.838802
vt 0.470087 0.823970
vt 0.448872 0.896076
vt 0.502653 0.824890
vt 0.506338 0.837096
vt 0.784700 0.663172
vt 0.769600 0.671521
vt 0.874382 0.636967
vt 0.861819 0.631103
vt 0.852957 0.638541
vt 0.837889 0.630599
vt 0.676993 0.915059
vt 0.693513 0.914721
vt 0.692695 0.936002
vt 0.676175 0.936340
vt 0.692639 0.671845
vt 0.709734 0.671075
vt 0.711444 0.691881
vt 0.694349 0.692650
vt 0.448737 0.861350
vt 0.464521 0.859504
vt 0.464433 0.880376
vt 0.448649 0.882223
vt 0.469988 0.847445
vt 0.466875 0.850589
vt 0.453359 0.845691
vt 0.472909 0.952942
vt 0.460282 0.943363
vt 0.505395 0.599747
vt 0.489463 0.605658
vt 0.448649 0.834604
vt 0.676175 0.906086
vt 0.691831 0.898984
vt 0.695268 0.649985
vt 0.711444 0.655783
vt 0.664235 0.511958
vt 0.651794 0.511435
vt 0.651794 0.498216
vt 0.664233 0.506357
vt 0.765640 0.016495
vt 0.771743 0.002618
vt 0.790249 0.012364
vt 0.777379 0.022612
vt 0.501582 0.002618
vt 0.509205 0.018097
vt 0.499000 0.026691
vt 0.485487 0.016255
vt 0.849046 0.002618
vt 0.856583 0.016930
vt 0.852074 0.019718
vt 0.838394 0.009441
vt 0.861819 0.012564
vt 0.875920 0.002618
s 1
usemtl Materiais.008
f 2515/4459/1422 2517/4460/1424 2528/4461/1435 2527/4462/1434
f 2502/4463/1409 2503/4464/1410 2508/4465/1415 2507/4466/1414
f 2503/4467/1410 2505/4468/1412 2509/4469/1416 2508/4470/1415
f 2504/4471/1411 2502/4472/1409 2507/4473/1414 2506/4474/1413
f 2505/4475/1412 2504/4476/1411 2506/4477/1413 2509/4478/1416
f 2514/4479/1421 2515/4480/1422 2527/4481/1434 2526/4482/1433
f 2519/4483/1426 2518/4484/1425 2531/4485/1438 2532/4486/1439
f 2516/4487/1423 2517/4460/1424 2525/4488/1432 2522/4489/1429
f 2515/4480/1422 2514/4479/1421 2523/4490/1430 2524/4491/1431
f 2517/4460/1424 2515/4459/1422 2524/4492/1431 2525/4488/1432
f 2514/4493/1421 2516/4494/1423 2522/4495/1429 2523/4496/1430
f 2517/4460/1424 2516/4487/1423 2529/4497/1436 2528/4461/1435
f 2516/4494/1423 2514/4493/1421 2526/4498/1433 2529/4499/1436
f 2526/4482/1433 2527/4481/1434 2503/4464/1410 2502/4463/1409
f 2527/4500/1434 2528/4501/1435 2505/4468/1412 2503/4467/1410
f 2528/4502/1435 2529/4503/1436 2504/4476/1411 2505/4475/1412
f 2529/4504/1436 2526/4505/1433 2502/4472/1409 2504/4471/1411
f 2521/4506/1428 2519/4507/1426 2532/4508/1439 2533/4509/1440
f 2518/4510/1425 2520/4511/1427 2530/4512/1437 2531/4513/1438
f 2520/4514/1427 2521/4515/1428 2533/4516/1440 2530/4517/1437
f 2522/4495/1429 2525/4518/1432 2536/4519/1443 2537/4520/1444
f 2525/4488/1432 2524/4492/1431 2535/4521/1442 2536/4522/1443
f 2524/4491/1431 2523/4490/1430 2534/4523/1441 2535/4524/1442
f 2523/4496/1430 2522/4495/1429 2537/4520/1444 2534/4525/1441
f 2535/4524/1442 2534/4523/1441 2518/4484/1425 2519/4483/1426
f 2536/4526/1443 2535/4527/1442 2519/4507/1426 2521/4506/1428
f 2537/4520/1444 2536/4519/1443 2521/4515/1428 2520/4514/1427
f 2534/4528/1441 2537/4529/1444 2520/4511/1427 2518/4510/1425
f 2510/4530/1417 2513/4531/1420 2540/4532/1447 2541/4533/1448
f 2513/4534/1420 2512/4535/1419 2539/4536/1446 2540/4537/1447
f 2512/4538/1419 2511/4539/1418 2538/4540/1445 2539/4541/1446
f 2511/4542/1418 2510/4543/1417 2541/4544/1448 2538/4545/1445
f 2539/4541/1446 2538/4540/1445 2507/4466/1414 2508/4465/1415
f 2540/4537/1447 2539/4536/1446 2508/4470/1415 2509/4469/1416
f 2541/4546/1448 2540/4547/1447 2509/4478/1416 2506/4477/1413
f 2538/4545/1445 2541/4544/1448 2506/4474/1413 2507/4473/1414
f 2555/4548/1422 2557/4549/1424 2568/4550/1435 2567/4551/1434
f 2542/4552/1409 2543/4553/1410 2548/4554/1415 2547/4555/1414
f 2543/4556/1410 2545/4557/1412 2549/4558/1416 2548/4559/1415
f 2544/4560/1411 2542/4561/1409 2547/4562/1414 2546/4563/1413
f 2545/4564/1412 2544/4565/1411 2546/4566/1413 2549/4567/1416
f 2554/4568/1421 2555/4569/1422 2567/4570/1434 2566/4571/1433
f 2559/4572/1426 2558/4573/1425 2571/4574/1438 2572/4575/1439
f 2556/4576/1423 2557/4549/1424 2565/4577/1432 2562/4578/1429
f 2555/4569/1422 2554/4568/1421 2563/4579/1430 2564/4580/1431
f 2557/4549/1424 2555/4548/1422 2564/4581/1431 2565/4577/1432
f 2554/4582/1421 2556/4583/1423 2562/4584/1429 2563/4585/1430
f 2557/4549/1424 2556/4576/1423 2569/4586/1436 2568/4550/1435
f 2556/4583/1423 2554/4582/1421 2566/4587/1433 2569/4588/1436
f 2566/4571/1433 2567/4570/1434 2543/4553/1410 2542/4552/1409
f 2567/4589/1434 2568/4590/1435 2545/4557/1412 2543/4556/1410
f 2568/4591/1435 2569/4592/1436 2544/4565/1411 2545/4564/1412
f 2569/4593/1436 2566/4594/1433 2542/4561/1409 2544/4560/1411
f 2561/4595/1428 2559/4596/1426 2572/4597/1439 2573/4598/1440
f 2558/4599/1425 2560/4600/1427 2570/4601/1437 2571/4602/1438
f 2560/4603/1427 2561/4604/1428 2573/4605/1440 2570/4606/1437
f 2562/4584/1429 2565/4607/1432 2576/4608/1443 2577/4609/1444
f 2565/4577/1432 2564/4581/1431 2575/4610/1442 2576/4611/1443
f 2564/4580/1431 2563/4579/1430 2574/4612/1441 2575/4613/1442
f 2563/4585/1430 2562/4584/1429 2577/4609/1444 2574/4614/1441
f 2575/4613/1442 2574/4612/1441 2558/4573/1425 2559/4572/1426
f 2576/4615/1443 2575/4616/1442 2559/4596/1426 2561/4595/1428
f 2577/4609/1444 2576/4608/1443 2561/4604/1428 2560/4603/1427
f 2574/4617/1441 2577/4618/1444 2560/4600/1427 2558/4599/1425
f 2550/4619/1417 2553/4620/1420 2580/4621/1447 2581/4622/1448
f 2553/4623/1420 2552/4624/1419 2579/4625/1446 2580/4626/1447
f 2552/4627/1419 2551/4628/1418 2578/4629/1445 2579/4630/1446
f 2551/4631/1418 2550/4632/1417 2581/4633/1448 2578/4634/1445
f 2579/4630/1446 2578/4629/1445 2547/4555/1414 2548/4554/1415
f 2580/4626/1447 2579/4625/1446 2548/4559/1415 2549/4558/1416
f 2581/4635/1448 2580/4636/1447 2549/4567/1416 2546/4566/1413
f 2578/4634/1445 2581/4633/1448 2546/4563/1413 2547/4562/1414
o Props_3_2
v 4.980963 2.361893 -6.198620
v 4.426311 2.361893 -5.968876
v 4.196568 2.361893 -5.414225
v 4.426311 2.361893 -4.859573
v 4.980963 2.361893 -4.629829
v 5.535614 2.361893 -4.859573
v 5.765358 2.361893 -5.414225
v 5.535614 2.361893 -5.968876
v 4.980963 2.982296 -6.313371
v 4.345170 2.982296 -6.050017
v 4.081816 2.982296 -5.414225
v 4.345170 2.982296 -4.778432
v 4.980963 2.982296 -4.515078
v 5.616755 2.982296 -4.778432
v 5.880109 2.982296 -5.414225
v 5.616755 2.982296 -6.050017
v 4.980963 3.166480 -5.414225
v 4.287654 2.991053 -6.107533
v 4.980963 2.991053 -6.394711
v 4.000476 2.991053 -5.414225
v 4.287654 2.991053 -4.720916
v 4.980963 2.991053 -4.433738
v 5.674272 2.991053 -4.720915
v 5.961450 2.991053 -5.414225
v 5.674272 2.991053 -6.107533
vn -0.0000 -0.1819 -0.9833
vn -0.6953 -0.1819 -0.6953
vn -0.9833 -0.1819 -0.0000
vn -0.6953 -0.1819 0.6953
vn -0.0000 -0.1819 0.9833
vn 0.6953 -0.1819 0.6953
vn 0.9833 -0.1819 -0.0000
vn 0.6953 -0.1819 -0.6953
vn -0.0000 1.0000 -0.0000
vn -0.1245 0.9844 -0.1245
vn -0.0000 0.9844 -0.1761
vn -0.1761 0.9844 -0.0000
vn -0.1245 0.9844 0.1245
vn -0.0000 0.9844 0.1761
vn 0.1245 0.9844 0.1245
vn 0.1761 0.9844 -0.0000
vn 0.1245 0.9844 -0.1245
vt 0.644310 0.150342
vt 0.514440 0.144310
vt 0.530649 0.245344
vt 0.658451 0.238483
vt 0.285033 0.525750
vt 0.154268 0.525048
vt 0.165194 0.635816
vt 0.294565 0.622382
vt 0.029656 0.516945
vt 0.149032 0.515998
vt 0.118038 0.383425
vt 0.002618 0.401291
vt 0.527548 0.501952
vt 0.646559 0.511958
vt 0.631534 0.374477
vt 0.514440 0.382017
vt 0.658451 0.026734
vt 0.530649 0.002618
vt 0.294565 0.402201
vt 0.165194 0.383425
vt 0.002618 0.631209
vt 0.118038 0.646978
vt 0.646559 0.250580
vt 0.527548 0.273932
vt 0.188146 0.190347
vt 0.002618 0.112639
vt 0.002618 0.268200
vt 0.112454 0.002631
vt 0.267786 0.002618
vt 0.377623 0.112607
vt 0.112454 0.378189
vt 0.267786 0.378176
vt 0.377623 0.268168
s 1
usemtl Materiais.008
f 2587/4637/1454 2595/4638/1454 2594/4639/1453 2586/4640/1453
f 2585/4641/1452 2593/4642/1452 2592/4643/1451 2584/4644/1451
f 2583/4645/1450 2591/4646/1450 2590/4647/1449 2582/4648/1449
f 2582/4649/1449 2590/4650/1449 2597/4651/1456 2589/4652/1456
f 2588/4653/1455 2596/4654/1455 2595/4638/1454 2587/4637/1454
f 2586/4655/1453 2594/4656/1453 2593/4642/1452 2585/4641/1452
f 2584/4657/1451 2592/4658/1451 2591/4646/1450 2583/4645/1450
f 2589/4652/1456 2597/4651/1456 2596/4659/1455 2588/4660/1455
f 2598/4661/1457 2605/4662/1464 2606/4663/1465
f 2598/4661/1457 2604/4664/1463 2605/4662/1464
f 2598/4661/1457 2603/4665/1462 2604/4664/1463
f 2598/4661/1457 2602/4666/1461 2603/4665/1462
f 2598/4661/1457 2606/4663/1465 2600/4667/1459
f 2598/4661/1457 2600/4667/1459 2599/4668/1458
f 2598/4661/1457 2599/4668/1458 2601/4669/1460
f 2598/4661/1457 2601/4669/1460 2602/4666/1461
o Plants_2
v -1.515908 1.839822 0.006603
v -0.435231 1.349327 -0.309681
v -1.515908 1.839822 -1.721390
v -0.435231 1.349327 -1.529959
v -1.641584 1.707754 0.006603
v -1.641584 1.707754 -1.721390
v -0.435231 0.837495 -0.309681
v -0.435231 0.837495 -1.529959
v 0.726006 0.047349 0.673118
v 2.139615 0.006784 0.686882
v 0.739402 0.034330 -0.741017
v 2.153011 -0.006235 -0.727252
v -0.802522 0.018234 -1.017928
v 1.228139 0.006361 -0.946224
v -0.730798 0.021353 -3.048620
v 1.299862 0.009480 -2.976916
v -1.841464 3.148526 -1.610882
v -1.483539 2.776529 -1.695600
v -1.499950 3.487979 -1.701712
v -1.423829 3.190380 -1.955527
v -1.467841 3.500513 -1.833201
v -1.478224 2.589752 -1.928021
v -1.540242 4.096625 -2.865584
v -1.556583 3.181180 -2.882287
v -2.116116 3.094988 -2.878641
v -0.870023 3.101853 -2.889633
v -2.120978 4.074190 -2.884629
v -0.874885 4.081055 -2.895620
v -2.120978 4.178645 -2.946445
v -0.874885 4.185510 -2.957437
vn -0.2535 0.9673 -0.0000
vn 0.8129 0.5824 -0.0000
vn -0.2281 0.9736 -0.0000
vn 0.8233 0.5676 -0.0000
vn -0.7244 0.6894 -0.0000
vn 1.0000 -0.0000 -0.0000
vn 0.0288 0.9995 -0.0089
vn 0.0058 1.0000 0.0017
vn 0.2440 0.0140 0.9697
vn 0.6389 0.0213 0.7690
vn 0.6744 0.0219 0.7380
vn 0.9651 0.0245 0.2607
vn 0.9966 -0.0096 -0.0814
vn 0.0088 0.0062 0.9999
vn 0.0070 0.2662 0.9639
vn 0.0070 0.2678 0.9635
vn 0.0048 0.5093 0.8606
vt 0.557452 0.009384
vt 0.843525 0.088760
vt 0.843525 0.394252
vt 0.557452 0.441980
vt 0.531384 0.442072
vt 0.531384 0.009475
vt 0.990426 0.009384
vt 0.990426 0.314318
vt 0.862293 0.314357
vt 0.862293 0.009423
vt 0.531384 0.460839
vt 0.882721 0.461068
vt 0.882721 0.815118
vt 0.531384 0.814889
vt 0.512616 0.518057
vt 0.009384 0.518750
vt 0.009384 0.010077
vt 0.512616 0.009384
vt 0.966600 0.833228
vt 0.901489 0.729208
vt 0.966600 0.655095
vt 0.990616 0.545125
vt 0.901489 0.636328
vt 0.901489 0.460839
vt 0.506870 0.834690
vt 0.297960 0.928961
vt 0.306807 0.649329
vt 0.506870 0.537517
vt 0.009384 0.848453
vt 0.009384 0.537517
vt 0.250650 0.540912
vt 0.250650 0.851847
vt 0.279192 0.539783
vt 0.279192 0.850718
s 1
usemtl Materiais.011
f 2607/4670/1466 2608/4671/1467 2610/4672/1469 2609/4673/1468
f 2607/4670/1466 2609/4673/1468 2612/4674/1470 2611/4675/1470
f 2610/4676/1469 2608/4677/1467 2613/4678/1471 2614/4679/1471
f 2615/4680/1472 2616/4681/1472 2618/4682/1472 2617/4683/1472
f 2619/4684/1473 2620/4685/1473 2622/4686/1473 2621/4687/1473
f 2624/4688/1475 2626/4689/1477 2625/4690/1476
f 2623/4691/1474 2624/4692/1475 2625/4693/1476
f 2627/4694/1478 2628/4695/1478 2630/4696/1478 2629/4697/1478
f 2631/4698/1479 2632/4699/1479 2634/4700/1481 2633/4701/1480
f 2633/4701/1480 2634/4700/1481 2636/4702/1482 2635/4703/1482
o Plants_3
v -2.084691 2.459892 -0.565658
v -2.363396 0.716680 -0.441891
v -2.286175 2.405842 -1.780638
v -2.564881 0.662630 -1.656870
v -1.439427 2.269004 0.329155
v -1.691285 1.076418 0.144768
v -1.393493 2.447753 -0.889710
v -1.645352 1.255167 -1.074097
v -1.645269 2.321724 -1.159334
v -1.797009 0.733932 -0.737966
v -2.196553 2.088419 -2.236992
v -2.348293 0.500628 -1.815624
vn 0.9739 -0.1666 -0.1541
vn 0.9782 -0.2076 0.0064
vn 0.8897 -0.1946 -0.4130
vt 0.420942 0.006216
vt 0.420942 0.602398
vt 0.005820 0.602001
vt 0.005820 0.005820
vt 0.839971 0.578821
vt 0.839971 0.994180
vt 0.432581 0.992704
vt 0.432581 0.577345
vt 0.837040 0.005820
vt 0.837040 0.561115
vt 0.432581 0.565706
vt 0.432581 0.010410
s 0
usemtl Materiais.012
f 2637/4704/1483 2638/4705/1483 2640/4706/1483 2639/4707/1483
f 2641/4708/1484 2642/4709/1484 2644/4710/1484 2643/4711/1484
f 2645/4712/1485 2646/4713/1485 2648/4714/1485 2647/4715/1485
o Houses_1_1
v 1.297496 0.948477 -4.958177
v 1.297496 0.948477 -3.012073
v 1.297496 1.877319 -4.958177
v 1.297496 1.877319 -3.012073
vn 1.0000 -0.0000 -0.0000
vt 0.946529 0.695721
vt 0.946529 0.821494
vt 0.886500 0.821494
vt 0.886500 0.695721
s 0
usemtl Materiais.013
f 2650/4716/1486 2649/4717/1486 2651/4718/1486 2652/4719/1486
o Houses_3_1
v 3.150707 0.499962 -2.565790
v 3.150707 1.648515 -2.565790
v 3.150707 0.499962 -6.098762
v 3.150707 1.648515 -6.098762
v 4.008039 0.499962 -2.565790
v 4.008039 1.648515 -2.565790
v 3.150707 0.499962 -3.152467
v 3.150707 0.499962 -3.860832
v 3.150707 1.648515 -3.860832
v 3.150707 1.648515 -3.152467
v 3.150707 0.299424 -3.156633
v 3.150707 1.555915 -3.156633
v 3.150707 0.299424 -3.858180
v 3.150707 1.555915 -3.858180
vn -0.0000 -0.0000 1.0000
vn -1.0000 -0.0000 -0.0000
vt 0.854717 0.674527
vt 0.854717 0.743778
vt 0.803339 0.743763
vt 0.803339 0.674512
vt 0.997424 0.661787
vt 0.928173 0.661787
vt 0.928173 0.527421
vt 0.997424 0.527421
vt 0.907142 0.743763
vt 0.907142 0.674512
vt 0.942366 0.674512
vt 0.942366 0.743763
vt 0.859869 0.750271
vt 0.859869 0.674512
vt 0.901990 0.674512
vt 0.901990 0.750271
s 0
usemtl Materiais.014
f 2654/4720/1487 2653/4721/1487 2657/4722/1487 2658/4723/1487
f 2660/4724/1488 2661/4725/1488 2656/4726/1488 2655/4727/1488
f 2653/4728/1488 2654/4729/1488 2662/4730/1488 2659/4731/1488
f 2663/4732/1488 2664/4733/1488 2666/4734/1488 2665/4735/1488
